project,status,measurement_month,commits,authors,committers,minor_contributors,major_contributors,directories,top_level_dirs,releases,active_days,files_modified,files_added,files_deleted,files_renamed,added_lines,deleted_lines,emails,devs,emails_thread_starter,emails_thread_starter_word_count,emails_thread_starter_characters,emails_threads,emails_threads_word_count,emails_threads_characters,emails_no_replies,emails_no_replies_word_count,emails_no_replies_characters,emails_jira,new_contributors,avg_files_modified_commit,code,blanks,files,comments,lines,programming_lang,most_complex_unit_loc,most_complex_unit_mcabe_index,total_number_of_files,number_of_files_main,lines_of_code_main,number_of_files_test,lines_of_code_test,test_vs_main_lines_of_code_percentage,number_of_files_generated,lines_of_code_generated,number_of_files_build_and_deployment,lines_of_code_build_and_deployment,negligible_risk_file_size_count,low_risk_file_size_count,medium_risk_file_size_count,high_risk_file_size_count,very_high_risk_file_size_count,negligible_risk_file_size_loc,low_risk_file_size_loc,medium_risk_file_size_loc,high_risk_file_size_loc,very_high_risk_file_size_loc,number_of_units,lines_of_code_in_units,lines_of_code_outside_units,unit_size_negligible_risk_loc,unit_size_negligible_risk_count,unit_size_low_risk_loc,unit_size_low_risk_count,unit_size_medium_risk_loc,unit_size_medium_risk_count,unit_size_high_risk_loc,unit_size_high_risk_count,unit_size_very_high_risk_loc,unit_size_very_high_risk_count,conditional_complexity_negligible_risk_loc,conditional_complexity_negligible_risk_count,conditional_complexity_low_risk_loc,conditional_complexity_low_risk_count,conditional_complexity_medium_risk_loc,conditional_complexity_medium_risk_count,conditional_complexity_high_risk_loc,conditional_complexity_high_risk_count,conditional_complexity_very_high_risk_loc,conditional_complexity_very_high_risk_count,conditional_complexity_high_plus_risk_count,conditional_complexity_high_plus_risk_loc,number_of_contributors,duplication_number_of_duplicates,duplication_number_of_files_with_duplicates,duplication_number_of_duplicated_lines,duplication_percentage,unit_duplicates_count,stars,forks,open_prs,closed_prs,merged_prs,stale_prs,deploys
eclipse.platform.swt,,1,3,2,2,0,2,174,5,0,2,0,754,0,0,200710,0,0,0,0,0,0,0,0,0,0,0,0,0,2,0.0,122918,14806,620,60331,198055,Java,0.0,0.0,0.0,0.0,0.0,0.0,0.0,0.0,0.0,0.0,0.0,0.0,0.0,0.0,0.0,0.0,0.0,0.0,0.0,0.0,0.0,0.0,0.0,0.0,0.0,0.0,0.0,0.0,0.0,0.0,0.0,0.0,0.0,0.0,0.0,0.0,0.0,0.0,0.0,0.0,0.0,0.0,0.0,0.0,0.0,0.0,0.0,0.0,0.0,0.0,0.0,0.0,0.0,0,0,0,0,0,0,0
eclipse.platform.swt,,2,54,7,7,2,5,223,5,0,9,761,365,163,0,61167,27721,0,0,0,0,0,0,0,0,0,0,0,0,5,14.092592592592592,138307,16865,742,74356,229528,Java,0.0,0.0,0.0,0.0,0.0,0.0,0.0,0.0,0.0,0.0,0.0,0.0,0.0,0.0,0.0,0.0,0.0,0.0,0.0,0.0,0.0,0.0,0.0,0.0,0.0,0.0,0.0,0.0,0.0,0.0,0.0,0.0,0.0,0.0,0.0,0.0,0.0,0.0,0.0,0.0,0.0,0.0,0.0,0.0,0.0,0.0,0.0,0.0,0.0,0.0,0.0,0.0,0.0,0,0,0,0,0,0,0
eclipse.platform.swt,,3,60,6,6,2,4,223,5,0,17,307,1,0,2,17568,15591,0,0,0,0,0,0,0,0,0,0,0,0,1,5.116666666666666,137881,16859,743,76714,231454,Java,0.0,0.0,0.0,0.0,0.0,0.0,0.0,0.0,0.0,0.0,0.0,0.0,0.0,0.0,0.0,0.0,0.0,0.0,0.0,0.0,0.0,0.0,0.0,0.0,0.0,0.0,0.0,0.0,0.0,0.0,0.0,0.0,0.0,0.0,0.0,0.0,0.0,0.0,0.0,0.0,0.0,0.0,0.0,0.0,0.0,0.0,0.0,0.0,0.0,0.0,0.0,0.0,0.0,0,0,0,0,0,0,0
eclipse.platform.swt,,4,76,6,6,0,6,234,5,0,19,265,6,32,24,10051,20205,0,0,0,0,0,0,0,0,0,0,0,0,0,3.486842105263158,132052,16522,717,72809,221383,Java,0.0,0.0,0.0,0.0,0.0,0.0,0.0,0.0,0.0,0.0,0.0,0.0,0.0,0.0,0.0,0.0,0.0,0.0,0.0,0.0,0.0,0.0,0.0,0.0,0.0,0.0,0.0,0.0,0.0,0.0,0.0,0.0,0.0,0.0,0.0,0.0,0.0,0.0,0.0,0.0,0.0,0.0,0.0,0.0,0.0,0.0,0.0,0.0,0.0,0.0,0.0,0.0,0.0,0,0,0,0,0,0,0
eclipse.platform.swt,,5,94,10,10,4,6,249,5,0,19,220,13,1,5,5246,2306,0,0,0,0,0,0,0,0,0,0,0,0,4,2.3404255319148937,134124,16639,728,73497,224260,Java,0.0,0.0,0.0,0.0,0.0,0.0,0.0,0.0,0.0,0.0,0.0,0.0,0.0,0.0,0.0,0.0,0.0,0.0,0.0,0.0,0.0,0.0,0.0,0.0,0.0,0.0,0.0,0.0,0.0,0.0,0.0,0.0,0.0,0.0,0.0,0.0,0.0,0.0,0.0,0.0,0.0,0.0,0.0,0.0,0.0,0.0,0.0,0.0,0.0,0.0,0.0,0.0,0.0,0,0,0,0,0,0,0
eclipse.platform.swt,,6,153,10,10,1,8,256,5,0,22,408,204,2,11,57933,24747,0,0,0,0,0,0,0,0,0,0,0,0,5,2.6666666666666665,163156,22443,915,71653,257252,Java,0.0,0.0,0.0,0.0,0.0,0.0,0.0,0.0,0.0,0.0,0.0,0.0,0.0,0.0,0.0,0.0,0.0,0.0,0.0,0.0,0.0,0.0,0.0,0.0,0.0,0.0,0.0,0.0,0.0,0.0,0.0,0.0,0.0,0.0,0.0,0.0,0.0,0.0,0.0,0.0,0.0,0.0,0.0,0.0,0.0,0.0,0.0,0.0,0.0,0.0,0.0,0.0,0.0,0,0,0,0,0,0,0
eclipse.platform.swt,,7,179,9,9,2,7,349,5,0,23,466,260,17,209,107757,6540,0,0,0,0,0,0,0,0,0,0,0,0,1,2.6033519553072626,207728,28380,1136,118665,354773,Java,0.0,0.0,0.0,0.0,0.0,0.0,0.0,0.0,0.0,0.0,0.0,0.0,0.0,0.0,0.0,0.0,0.0,0.0,0.0,0.0,0.0,0.0,0.0,0.0,0.0,0.0,0.0,0.0,0.0,0.0,0.0,0.0,0.0,0.0,0.0,0.0,0.0,0.0,0.0,0.0,0.0,0.0,0.0,0.0,0.0,0.0,0.0,0.0,0.0,0.0,0.0,0.0,0.0,0,0,0,0,0,0,0
eclipse.platform.swt,,8,126,8,8,4,4,349,5,0,16,323,1,0,4,7105,4318,0,0,0,0,0,0,0,0,0,0,0,0,0,2.5634920634920637,209612,28757,1137,119189,357558,Java,0.0,0.0,0.0,0.0,0.0,0.0,0.0,0.0,0.0,0.0,0.0,0.0,0.0,0.0,0.0,0.0,0.0,0.0,0.0,0.0,0.0,0.0,0.0,0.0,0.0,0.0,0.0,0.0,0.0,0.0,0.0,0.0,0.0,0.0,0.0,0.0,0.0,0.0,0.0,0.0,0.0,0.0,0.0,0.0,0.0,0.0,0.0,0.0,0.0,0.0,0.0,0.0,0.0,0,0,0,0,0,0,0
eclipse.platform.swt,,9,130,8,8,2,6,354,5,0,21,261,17,6,8,6118,4358,0,0,0,0,0,0,0,0,0,0,0,0,0,2.0076923076923077,211951,28915,1141,120038,360904,Java,0.0,0.0,0.0,0.0,0.0,0.0,0.0,0.0,0.0,0.0,0.0,0.0,0.0,0.0,0.0,0.0,0.0,0.0,0.0,0.0,0.0,0.0,0.0,0.0,0.0,0.0,0.0,0.0,0.0,0.0,0.0,0.0,0.0,0.0,0.0,0.0,0.0,0.0,0.0,0.0,0.0,0.0,0.0,0.0,0.0,0.0,0.0,0.0,0.0,0.0,0.0,0.0,0.0,0,0,0,0,0,0,0
eclipse.platform.swt,,10,171,10,10,4,5,372,5,0,20,435,16,3,21,10591,5144,0,0,0,0,0,0,0,0,0,0,0,0,1,2.543859649122807,215149,29306,1154,121878,366333,Java,0.0,0.0,0.0,0.0,0.0,0.0,0.0,0.0,0.0,0.0,0.0,0.0,0.0,0.0,0.0,0.0,0.0,0.0,0.0,0.0,0.0,0.0,0.0,0.0,0.0,0.0,0.0,0.0,0.0,0.0,0.0,0.0,0.0,0.0,0.0,0.0,0.0,0.0,0.0,0.0,0.0,0.0,0.0,0.0,0.0,0.0,0.0,0.0,0.0,0.0,0.0,0.0,0.0,0,0,0,0,0,0,0
eclipse.platform.swt,,11,244,9,9,4,5,414,5,0,24,694,65,66,10,29379,23677,0,0,0,0,0,0,0,0,0,0,0,0,0,2.8442622950819674,218037,29838,1154,123773,371648,Java,0.0,0.0,0.0,0.0,0.0,0.0,0.0,0.0,0.0,0.0,0.0,0.0,0.0,0.0,0.0,0.0,0.0,0.0,0.0,0.0,0.0,0.0,0.0,0.0,0.0,0.0,0.0,0.0,0.0,0.0,0.0,0.0,0.0,0.0,0.0,0.0,0.0,0.0,0.0,0.0,0.0,0.0,0.0,0.0,0.0,0.0,0.0,0.0,0.0,0.0,0.0,0.0,0.0,0,0,0,0,0,0,0
eclipse.platform.swt,,12,266,9,9,3,6,399,5,0,22,705,30,38,18,22452,23420,0,0,0,0,0,0,0,0,0,0,0,0,1,2.6503759398496243,218461,29701,1136,122731,370893,Java,0.0,0.0,0.0,0.0,0.0,0.0,0.0,0.0,0.0,0.0,0.0,0.0,0.0,0.0,0.0,0.0,0.0,0.0,0.0,0.0,0.0,0.0,0.0,0.0,0.0,0.0,0.0,0.0,0.0,0.0,0.0,0.0,0.0,0.0,0.0,0.0,0.0,0.0,0.0,0.0,0.0,0.0,0.0,0.0,0.0,0.0,0.0,0.0,0.0,0.0,0.0,0.0,0.0,0,0,0,0,0,0,0
eclipse.platform.swt,,13,331,11,11,4,7,367,5,0,25,588,87,130,1,61478,30265,0,0,0,0,0,0,0,0,0,0,0,0,2,1.7764350453172206,226395,30821,1132,139728,396944,Java,0.0,0.0,0.0,0.0,0.0,0.0,0.0,0.0,0.0,0.0,0.0,0.0,0.0,0.0,0.0,0.0,0.0,0.0,0.0,0.0,0.0,0.0,0.0,0.0,0.0,0.0,0.0,0.0,0.0,0.0,0.0,0.0,0.0,0.0,0.0,0.0,0.0,0.0,0.0,0.0,0.0,0.0,0.0,0.0,0.0,0.0,0.0,0.0,0.0,0.0,0.0,0.0,0.0,0,0,0,0,0,0,0
eclipse.platform.swt,,14,189,11,11,5,6,365,5,0,22,2223,1,7,0,27890,24468,0,0,0,0,0,0,0,0,0,0,0,0,0,11.761904761904765,229307,30760,1131,145327,405394,Java,0.0,0.0,0.0,0.0,0.0,0.0,0.0,0.0,0.0,0.0,0.0,0.0,0.0,0.0,0.0,0.0,0.0,0.0,0.0,0.0,0.0,0.0,0.0,0.0,0.0,0.0,0.0,0.0,0.0,0.0,0.0,0.0,0.0,0.0,0.0,0.0,0.0,0.0,0.0,0.0,0.0,0.0,0.0,0.0,0.0,0.0,0.0,0.0,0.0,0.0,0.0,0.0,0.0,0,0,0,0,0,0,0
eclipse.platform.swt,,15,236,8,8,2,6,365,5,0,25,506,2,0,0,8647,6781,0,0,0,0,0,0,0,0,0,0,0,0,0,2.1440677966101696,228108,31189,1133,147963,407260,Java,0.0,0.0,0.0,0.0,0.0,0.0,0.0,0.0,0.0,0.0,0.0,0.0,0.0,0.0,0.0,0.0,0.0,0.0,0.0,0.0,0.0,0.0,0.0,0.0,0.0,0.0,0.0,0.0,0.0,0.0,0.0,0.0,0.0,0.0,0.0,0.0,0.0,0.0,0.0,0.0,0.0,0.0,0.0,0.0,0.0,0.0,0.0,0.0,0.0,0.0,0.0,0.0,0.0,0,0,0,0,0,0,0
eclipse.platform.swt,,16,179,7,7,1,6,365,5,0,21,332,3,1,0,16425,13639,0,0,0,0,0,0,0,0,0,0,0,0,0,1.8547486033519551,230711,30745,1135,148452,409908,Java,0.0,0.0,0.0,0.0,0.0,0.0,0.0,0.0,0.0,0.0,0.0,0.0,0.0,0.0,0.0,0.0,0.0,0.0,0.0,0.0,0.0,0.0,0.0,0.0,0.0,0.0,0.0,0.0,0.0,0.0,0.0,0.0,0.0,0.0,0.0,0.0,0.0,0.0,0.0,0.0,0.0,0.0,0.0,0.0,0.0,0.0,0.0,0.0,0.0,0.0,0.0,0.0,0.0,0,0,0,0,0,0,0
eclipse.platform.swt,,17,244,9,9,2,7,365,5,0,25,439,8,2,1,10715,6603,0,0,0,0,0,0,0,0,0,0,0,0,0,1.7991803278688523,233977,31338,1141,148705,414020,Java,0.0,0.0,0.0,0.0,0.0,0.0,0.0,0.0,0.0,0.0,0.0,0.0,0.0,0.0,0.0,0.0,0.0,0.0,0.0,0.0,0.0,0.0,0.0,0.0,0.0,0.0,0.0,0.0,0.0,0.0,0.0,0.0,0.0,0.0,0.0,0.0,0.0,0.0,0.0,0.0,0.0,0.0,0.0,0.0,0.0,0.0,0.0,0.0,0.0,0.0,0.0,0.0,0.0,0,0,0,0,0,0,0
eclipse.platform.swt,,18,258,9,9,3,6,365,5,0,23,709,30,7,4,22568,18315,0,0,0,0,0,0,0,0,0,0,0,0,0,2.748062015503876,238099,31455,1163,148697,418251,Java,0.0,0.0,0.0,0.0,0.0,0.0,0.0,0.0,0.0,0.0,0.0,0.0,0.0,0.0,0.0,0.0,0.0,0.0,0.0,0.0,0.0,0.0,0.0,0.0,0.0,0.0,0.0,0.0,0.0,0.0,0.0,0.0,0.0,0.0,0.0,0.0,0.0,0.0,0.0,0.0,0.0,0.0,0.0,0.0,0.0,0.0,0.0,0.0,0.0,0.0,0.0,0.0,0.0,0,0,0,0,0,0,0
eclipse.platform.swt,,19,121,9,9,2,7,365,5,0,20,266,4,29,4,11194,13909,0,0,0,0,0,0,0,0,0,0,0,0,1,2.1983471074380163,235378,31170,1139,149013,415561,Java,0.0,0.0,0.0,0.0,0.0,0.0,0.0,0.0,0.0,0.0,0.0,0.0,0.0,0.0,0.0,0.0,0.0,0.0,0.0,0.0,0.0,0.0,0.0,0.0,0.0,0.0,0.0,0.0,0.0,0.0,0.0,0.0,0.0,0.0,0.0,0.0,0.0,0.0,0.0,0.0,0.0,0.0,0.0,0.0,0.0,0.0,0.0,0.0,0.0,0.0,0.0,0.0,0.0,0,0,0,0,0,0,0
eclipse.platform.swt,,20,152,9,9,3,6,370,5,0,17,385,41,10,10,25185,32729,0,0,0,0,0,0,0,0,0,0,0,0,0,2.5328947368421053,241197,32075,1169,134719,407991,Java,0.0,0.0,0.0,0.0,0.0,0.0,0.0,0.0,0.0,0.0,0.0,0.0,0.0,0.0,0.0,0.0,0.0,0.0,0.0,0.0,0.0,0.0,0.0,0.0,0.0,0.0,0.0,0.0,0.0,0.0,0.0,0.0,0.0,0.0,0.0,0.0,0.0,0.0,0.0,0.0,0.0,0.0,0.0,0.0,0.0,0.0,0.0,0.0,0.0,0.0,0.0,0.0,0.0,0,0,0,0,0,0,0
eclipse.platform.swt,,21,161,7,7,1,6,370,5,0,23,315,2,1,0,4557,2708,0,0,0,0,0,0,0,0,0,0,0,0,0,1.9565217391304348,242633,32170,1170,135037,409840,Java,0.0,0.0,0.0,0.0,0.0,0.0,0.0,0.0,0.0,0.0,0.0,0.0,0.0,0.0,0.0,0.0,0.0,0.0,0.0,0.0,0.0,0.0,0.0,0.0,0.0,0.0,0.0,0.0,0.0,0.0,0.0,0.0,0.0,0.0,0.0,0.0,0.0,0.0,0.0,0.0,0.0,0.0,0.0,0.0,0.0,0.0,0.0,0.0,0.0,0.0,0.0,0.0,0.0,0,0,0,0,0,0,0
eclipse.platform.swt,,22,230,9,9,3,6,371,5,0,22,464,10,2,0,6459,3082,0,0,0,0,0,0,0,0,0,0,0,0,0,2.017391304347826,245241,32513,1178,135453,413207,Java,0.0,0.0,0.0,0.0,0.0,0.0,0.0,0.0,0.0,0.0,0.0,0.0,0.0,0.0,0.0,0.0,0.0,0.0,0.0,0.0,0.0,0.0,0.0,0.0,0.0,0.0,0.0,0.0,0.0,0.0,0.0,0.0,0.0,0.0,0.0,0.0,0.0,0.0,0.0,0.0,0.0,0.0,0.0,0.0,0.0,0.0,0.0,0.0,0.0,0.0,0.0,0.0,0.0,0,0,0,0,0,0,0
eclipse.platform.swt,,23,203,8,8,2,6,372,5,0,21,2798,20,1,0,287311,265497,0,0,0,0,0,0,0,0,0,0,0,0,1,13.783251231527094,248136,32853,1196,153547,434536,Java,0.0,0.0,0.0,0.0,0.0,0.0,0.0,0.0,0.0,0.0,0.0,0.0,0.0,0.0,0.0,0.0,0.0,0.0,0.0,0.0,0.0,0.0,0.0,0.0,0.0,0.0,0.0,0.0,0.0,0.0,0.0,0.0,0.0,0.0,0.0,0.0,0.0,0.0,0.0,0.0,0.0,0.0,0.0,0.0,0.0,0.0,0.0,0.0,0.0,0.0,0.0,0.0,0.0,0,0,0,0,0,0,0
eclipse.platform.swt,,24,219,7,7,1,6,367,5,0,21,604,6,8,6,30175,27299,0,0,0,0,0,0,0,0,0,0,0,0,0,2.7579908675799087,250766,32987,1194,153655,437408,Java,0.0,0.0,0.0,0.0,0.0,0.0,0.0,0.0,0.0,0.0,0.0,0.0,0.0,0.0,0.0,0.0,0.0,0.0,0.0,0.0,0.0,0.0,0.0,0.0,0.0,0.0,0.0,0.0,0.0,0.0,0.0,0.0,0.0,0.0,0.0,0.0,0.0,0.0,0.0,0.0,0.0,0.0,0.0,0.0,0.0,0.0,0.0,0.0,0.0,0.0,0.0,0.0,0.0,0,0,0,0,0,0,0
eclipse.platform.swt,,25,171,8,8,2,6,367,5,0,22,340,4,0,0,8645,4124,0,0,0,0,0,0,0,0,0,0,0,0,0,1.9883040935672511,254414,33394,1198,154121,441929,Java,0.0,0.0,0.0,0.0,0.0,0.0,0.0,0.0,0.0,0.0,0.0,0.0,0.0,0.0,0.0,0.0,0.0,0.0,0.0,0.0,0.0,0.0,0.0,0.0,0.0,0.0,0.0,0.0,0.0,0.0,0.0,0.0,0.0,0.0,0.0,0.0,0.0,0.0,0.0,0.0,0.0,0.0,0.0,0.0,0.0,0.0,0.0,0.0,0.0,0.0,0.0,0.0,0.0,0,0,0,0,0,0,0
eclipse.platform.swt,,26,156,7,7,3,4,367,5,0,19,377,22,4,32,86668,94307,0,0,0,0,0,0,0,0,0,0,0,0,0,2.4166666666666665,257824,29607,1216,146840,434271,Java,0.0,0.0,0.0,0.0,0.0,0.0,0.0,0.0,0.0,0.0,0.0,0.0,0.0,0.0,0.0,0.0,0.0,0.0,0.0,0.0,0.0,0.0,0.0,0.0,0.0,0.0,0.0,0.0,0.0,0.0,0.0,0.0,0.0,0.0,0.0,0.0,0.0,0.0,0.0,0.0,0.0,0.0,0.0,0.0,0.0,0.0,0.0,0.0,0.0,0.0,0.0,0.0,0.0,0,0,0,0,0,0,0
eclipse.platform.swt,,27,116,7,7,1,6,413,5,0,19,316,97,7,12,34646,15241,0,0,0,0,0,0,0,0,0,0,0,0,0,2.7241379310344827,271535,31716,1279,149767,453018,Java,0.0,0.0,0.0,0.0,0.0,0.0,0.0,0.0,0.0,0.0,0.0,0.0,0.0,0.0,0.0,0.0,0.0,0.0,0.0,0.0,0.0,0.0,0.0,0.0,0.0,0.0,0.0,0.0,0.0,0.0,0.0,0.0,0.0,0.0,0.0,0.0,0.0,0.0,0.0,0.0,0.0,0.0,0.0,0.0,0.0,0.0,0.0,0.0,0.0,0.0,0.0,0.0,0.0,0,0,0,0,0,0,0
eclipse.platform.swt,,28,157,6,6,0,6,485,5,0,18,342,89,13,5,17464,3845,0,0,0,0,0,0,0,0,0,0,0,0,0,2.178343949044586,280233,33601,1346,152307,466141,Java,0.0,0.0,0.0,0.0,0.0,0.0,0.0,0.0,0.0,0.0,0.0,0.0,0.0,0.0,0.0,0.0,0.0,0.0,0.0,0.0,0.0,0.0,0.0,0.0,0.0,0.0,0.0,0.0,0.0,0.0,0.0,0.0,0.0,0.0,0.0,0.0,0.0,0.0,0.0,0.0,0.0,0.0,0.0,0.0,0.0,0.0,0.0,0.0,0.0,0.0,0.0,0.0,0.0,0,0,0,0,0,0,0
eclipse.platform.swt,,29,201,8,8,3,5,502,5,0,19,520,67,5,4,22094,11350,0,0,0,0,0,0,0,0,0,0,0,0,0,2.5870646766169156,288966,34294,1400,153535,476795,Java,0.0,0.0,0.0,0.0,0.0,0.0,0.0,0.0,0.0,0.0,0.0,0.0,0.0,0.0,0.0,0.0,0.0,0.0,0.0,0.0,0.0,0.0,0.0,0.0,0.0,0.0,0.0,0.0,0.0,0.0,0.0,0.0,0.0,0.0,0.0,0.0,0.0,0.0,0.0,0.0,0.0,0.0,0.0,0.0,0.0,0.0,0.0,0.0,0.0,0.0,0.0,0.0,0.0,0,0,0,0,0,0,0
eclipse.platform.swt,,30,260,8,8,2,6,478,5,0,22,507,9,107,0,9676,48556,0,0,0,0,0,0,0,0,0,0,0,0,0,1.95,269459,31548,1303,137077,438084,Java,0.0,0.0,0.0,0.0,0.0,0.0,0.0,0.0,0.0,0.0,0.0,0.0,0.0,0.0,0.0,0.0,0.0,0.0,0.0,0.0,0.0,0.0,0.0,0.0,0.0,0.0,0.0,0.0,0.0,0.0,0.0,0.0,0.0,0.0,0.0,0.0,0.0,0.0,0.0,0.0,0.0,0.0,0.0,0.0,0.0,0.0,0.0,0.0,0.0,0.0,0.0,0.0,0.0,0,0,0,0,0,0,0
eclipse.platform.swt,,31,347,9,9,2,7,483,5,0,24,687,74,2,10,20169,4500,0,0,0,0,0,0,0,0,0,0,0,0,0,1.979827089337176,278203,33035,1359,142421,453659,Java,0.0,0.0,0.0,0.0,0.0,0.0,0.0,0.0,0.0,0.0,0.0,0.0,0.0,0.0,0.0,0.0,0.0,0.0,0.0,0.0,0.0,0.0,0.0,0.0,0.0,0.0,0.0,0.0,0.0,0.0,0.0,0.0,0.0,0.0,0.0,0.0,0.0,0.0,0.0,0.0,0.0,0.0,0.0,0.0,0.0,0.0,0.0,0.0,0.0,0.0,0.0,0.0,0.0,0,0,0,0,0,0,0
eclipse.platform.swt,,32,174,8,8,2,6,492,5,0,18,326,19,2,6,6547,4013,0,0,0,0,0,0,0,0,0,0,0,0,0,1.8735632183908049,279865,33192,1365,142852,455909,Java,0.0,0.0,0.0,0.0,0.0,0.0,0.0,0.0,0.0,0.0,0.0,0.0,0.0,0.0,0.0,0.0,0.0,0.0,0.0,0.0,0.0,0.0,0.0,0.0,0.0,0.0,0.0,0.0,0.0,0.0,0.0,0.0,0.0,0.0,0.0,0.0,0.0,0.0,0.0,0.0,0.0,0.0,0.0,0.0,0.0,0.0,0.0,0.0,0.0,0.0,0.0,0.0,0.0,0,0,0,0,0,0,0
eclipse.platform.swt,,33,116,7,7,1,6,492,5,0,15,223,10,0,0,4039,1189,0,0,0,0,0,0,0,0,0,0,0,0,0,1.922413793103448,281759,33372,1373,143622,458753,Java,0.0,0.0,0.0,0.0,0.0,0.0,0.0,0.0,0.0,0.0,0.0,0.0,0.0,0.0,0.0,0.0,0.0,0.0,0.0,0.0,0.0,0.0,0.0,0.0,0.0,0.0,0.0,0.0,0.0,0.0,0.0,0.0,0.0,0.0,0.0,0.0,0.0,0.0,0.0,0.0,0.0,0.0,0.0,0.0,0.0,0.0,0.0,0.0,0.0,0.0,0.0,0.0,0.0,0,0,0,0,0,0,0
eclipse.platform.swt,,34,217,8,8,2,6,499,5,0,22,516,40,3,1,34892,9864,0,0,0,0,0,0,0,0,0,0,0,0,0,2.377880184331797,288394,33795,1396,145679,467868,Java,0.0,0.0,0.0,0.0,0.0,0.0,0.0,0.0,0.0,0.0,0.0,0.0,0.0,0.0,0.0,0.0,0.0,0.0,0.0,0.0,0.0,0.0,0.0,0.0,0.0,0.0,0.0,0.0,0.0,0.0,0.0,0.0,0.0,0.0,0.0,0.0,0.0,0.0,0.0,0.0,0.0,0.0,0.0,0.0,0.0,0.0,0.0,0.0,0.0,0.0,0.0,0.0,0.0,0,0,0,0,0,0,0
eclipse.platform.swt,,35,361,7,7,0,7,516,5,0,27,741,46,16,8,20008,16595,0,0,0,0,0,0,0,0,0,0,0,0,0,2.0526315789473686,292878,34173,1425,144105,471156,Java,0.0,0.0,0.0,0.0,0.0,0.0,0.0,0.0,0.0,0.0,0.0,0.0,0.0,0.0,0.0,0.0,0.0,0.0,0.0,0.0,0.0,0.0,0.0,0.0,0.0,0.0,0.0,0.0,0.0,0.0,0.0,0.0,0.0,0.0,0.0,0.0,0.0,0.0,0.0,0.0,0.0,0.0,0.0,0.0,0.0,0.0,0.0,0.0,0.0,0.0,0.0,0.0,0.0,0,0,0,0,0,0,0
eclipse.platform.swt,,36,222,7,7,0,7,516,5,0,20,391,13,4,1,7962,3835,0,0,0,0,0,0,0,0,0,0,0,0,0,1.7612612612612613,296218,34497,1434,144467,475182,Java,0.0,0.0,0.0,0.0,0.0,0.0,0.0,0.0,0.0,0.0,0.0,0.0,0.0,0.0,0.0,0.0,0.0,0.0,0.0,0.0,0.0,0.0,0.0,0.0,0.0,0.0,0.0,0.0,0.0,0.0,0.0,0.0,0.0,0.0,0.0,0.0,0.0,0.0,0.0,0.0,0.0,0.0,0.0,0.0,0.0,0.0,0.0,0.0,0.0,0.0,0.0,0.0,0.0,0,0,0,0,0,0,0
eclipse.platform.swt,,37,315,7,7,0,7,516,5,0,21,978,32,4,1,36052,17581,0,0,0,0,0,0,0,0,0,0,0,0,0,3.104761904761905,306785,34817,1460,151882,493484,Java,0.0,0.0,0.0,0.0,0.0,0.0,0.0,0.0,0.0,0.0,0.0,0.0,0.0,0.0,0.0,0.0,0.0,0.0,0.0,0.0,0.0,0.0,0.0,0.0,0.0,0.0,0.0,0.0,0.0,0.0,0.0,0.0,0.0,0.0,0.0,0.0,0.0,0.0,0.0,0.0,0.0,0.0,0.0,0.0,0.0,0.0,0.0,0.0,0.0,0.0,0.0,0.0,0.0,0,0,0,0,0,0,0
eclipse.platform.swt,,38,246,7,7,0,7,517,5,0,24,505,5,0,0,11623,8594,0,0,0,0,0,0,0,0,0,0,0,0,0,2.0528455284552845,308722,34948,1465,152681,496351,Java,0.0,0.0,0.0,0.0,0.0,0.0,0.0,0.0,0.0,0.0,0.0,0.0,0.0,0.0,0.0,0.0,0.0,0.0,0.0,0.0,0.0,0.0,0.0,0.0,0.0,0.0,0.0,0.0,0.0,0.0,0.0,0.0,0.0,0.0,0.0,0.0,0.0,0.0,0.0,0.0,0.0,0.0,0.0,0.0,0.0,0.0,0.0,0.0,0.0,0.0,0.0,0.0,0.0,0,0,0,0,0,0,0
eclipse.platform.swt,,39,97,8,8,2,6,517,5,0,17,882,7,0,4,8077,5905,0,0,0,0,0,0,0,0,0,0,0,0,0,9.09278350515464,310198,35106,1467,152977,498281,Java,0.0,0.0,0.0,0.0,0.0,0.0,0.0,0.0,0.0,0.0,0.0,0.0,0.0,0.0,0.0,0.0,0.0,0.0,0.0,0.0,0.0,0.0,0.0,0.0,0.0,0.0,0.0,0.0,0.0,0.0,0.0,0.0,0.0,0.0,0.0,0.0,0.0,0.0,0.0,0.0,0.0,0.0,0.0,0.0,0.0,0.0,0.0,0.0,0.0,0.0,0.0,0.0,0.0,0,0,0,0,0,0,0
eclipse.platform.swt,,40,149,8,8,3,5,543,5,0,20,309,234,4,7,28965,12066,0,0,0,0,0,0,0,0,0,0,0,0,0,2.0738255033557045,322870,36159,1646,155733,514762,Java,0.0,0.0,0.0,0.0,0.0,0.0,0.0,0.0,0.0,0.0,0.0,0.0,0.0,0.0,0.0,0.0,0.0,0.0,0.0,0.0,0.0,0.0,0.0,0.0,0.0,0.0,0.0,0.0,0.0,0.0,0.0,0.0,0.0,0.0,0.0,0.0,0.0,0.0,0.0,0.0,0.0,0.0,0.0,0.0,0.0,0.0,0.0,0.0,0.0,0.0,0.0,0.0,0.0,0,0,0,0,0,0,0
eclipse.platform.swt,,41,236,7,7,1,6,559,5,0,22,676,54,12,25,33951,24203,0,0,0,0,0,0,0,0,0,0,0,0,0,2.864406779661017,329739,36679,1681,156388,522806,Java,0.0,0.0,0.0,0.0,0.0,0.0,0.0,0.0,0.0,0.0,0.0,0.0,0.0,0.0,0.0,0.0,0.0,0.0,0.0,0.0,0.0,0.0,0.0,0.0,0.0,0.0,0.0,0.0,0.0,0.0,0.0,0.0,0.0,0.0,0.0,0.0,0.0,0.0,0.0,0.0,0.0,0.0,0.0,0.0,0.0,0.0,0.0,0.0,0.0,0.0,0.0,0.0,0.0,0,0,0,0,0,0,0
eclipse.platform.swt,,42,276,7,7,1,6,560,5,0,22,596,39,1,0,37043,21242,0,0,0,0,0,0,0,0,0,0,0,0,0,2.1594202898550723,339866,36946,1715,157932,534744,Java,0.0,0.0,0.0,0.0,0.0,0.0,0.0,0.0,0.0,0.0,0.0,0.0,0.0,0.0,0.0,0.0,0.0,0.0,0.0,0.0,0.0,0.0,0.0,0.0,0.0,0.0,0.0,0.0,0.0,0.0,0.0,0.0,0.0,0.0,0.0,0.0,0.0,0.0,0.0,0.0,0.0,0.0,0.0,0.0,0.0,0.0,0.0,0.0,0.0,0.0,0.0,0.0,0.0,0,0,0,0,0,0,0
eclipse.platform.swt,,43,326,7,7,1,6,555,5,0,22,858,17,34,0,54285,36518,0,0,0,0,0,0,0,0,0,0,0,0,0,2.6319018404907975,354690,37151,1700,160571,552412,Java,0.0,0.0,0.0,0.0,0.0,0.0,0.0,0.0,0.0,0.0,0.0,0.0,0.0,0.0,0.0,0.0,0.0,0.0,0.0,0.0,0.0,0.0,0.0,0.0,0.0,0.0,0.0,0.0,0.0,0.0,0.0,0.0,0.0,0.0,0.0,0.0,0.0,0.0,0.0,0.0,0.0,0.0,0.0,0.0,0.0,0.0,0.0,0.0,0.0,0.0,0.0,0.0,0.0,0,0,0,0,0,0,0
eclipse.platform.swt,,44,229,7,7,0,7,561,5,0,22,586,17,0,0,18194,8496,0,0,0,0,0,0,0,0,0,0,0,0,0,2.558951965065502,361802,37758,1717,162075,561635,Java,0.0,0.0,0.0,0.0,0.0,0.0,0.0,0.0,0.0,0.0,0.0,0.0,0.0,0.0,0.0,0.0,0.0,0.0,0.0,0.0,0.0,0.0,0.0,0.0,0.0,0.0,0.0,0.0,0.0,0.0,0.0,0.0,0.0,0.0,0.0,0.0,0.0,0.0,0.0,0.0,0.0,0.0,0.0,0.0,0.0,0.0,0.0,0.0,0.0,0.0,0.0,0.0,0.0,0,0,0,0,0,0,0
eclipse.platform.swt,,45,199,8,8,3,5,567,5,0,14,343,17,0,0,26718,13273,0,0,0,0,0,0,0,0,0,0,0,0,1,1.723618090452261,370835,38585,1728,165598,575018,Java,0.0,0.0,0.0,0.0,0.0,0.0,0.0,0.0,0.0,0.0,0.0,0.0,0.0,0.0,0.0,0.0,0.0,0.0,0.0,0.0,0.0,0.0,0.0,0.0,0.0,0.0,0.0,0.0,0.0,0.0,0.0,0.0,0.0,0.0,0.0,0.0,0.0,0.0,0.0,0.0,0.0,0.0,0.0,0.0,0.0,0.0,0.0,0.0,0.0,0.0,0.0,0.0,0.0,0,0,0,0,0,0,0
eclipse.platform.swt,,46,255,8,8,1,7,586,5,0,23,549,108,52,0,24403,11850,0,0,0,0,0,0,0,0,0,0,0,0,0,2.152941176470588,381092,39350,1779,166222,586664,Java,0.0,0.0,0.0,0.0,0.0,0.0,0.0,0.0,0.0,0.0,0.0,0.0,0.0,0.0,0.0,0.0,0.0,0.0,0.0,0.0,0.0,0.0,0.0,0.0,0.0,0.0,0.0,0.0,0.0,0.0,0.0,0.0,0.0,0.0,0.0,0.0,0.0,0.0,0.0,0.0,0.0,0.0,0.0,0.0,0.0,0.0,0.0,0.0,0.0,0.0,0.0,0.0,0.0,0,0,0,0,0,0,0
eclipse.platform.swt,,47,170,9,9,2,7,586,5,0,22,2173,25,13,2,16027,13318,0,0,0,0,0,0,0,0,0,0,0,0,0,12.782352941176471,381597,38988,1781,168456,589041,Java,0.0,0.0,0.0,0.0,0.0,0.0,0.0,0.0,0.0,0.0,0.0,0.0,0.0,0.0,0.0,0.0,0.0,0.0,0.0,0.0,0.0,0.0,0.0,0.0,0.0,0.0,0.0,0.0,0.0,0.0,0.0,0.0,0.0,0.0,0.0,0.0,0.0,0.0,0.0,0.0,0.0,0.0,0.0,0.0,0.0,0.0,0.0,0.0,0.0,0.0,0.0,0.0,0.0,0,0,0,0,0,0,0
eclipse.platform.swt,,48,309,8,8,1,7,579,5,0,23,764,13,20,1,14184,16962,0,0,0,0,0,0,0,0,0,0,0,0,0,2.472491909385113,380389,38383,1775,167431,586203,Java,0.0,0.0,0.0,0.0,0.0,0.0,0.0,0.0,0.0,0.0,0.0,0.0,0.0,0.0,0.0,0.0,0.0,0.0,0.0,0.0,0.0,0.0,0.0,0.0,0.0,0.0,0.0,0.0,0.0,0.0,0.0,0.0,0.0,0.0,0.0,0.0,0.0,0.0,0.0,0.0,0.0,0.0,0.0,0.0,0.0,0.0,0.0,0.0,0.0,0.0,0.0,0.0,0.0,0,0,0,0,0,0,0
eclipse.platform.swt,,49,268,9,9,2,7,579,5,0,24,500,4,0,1,6700,2294,0,0,0,0,0,0,0,0,0,0,0,0,0,1.8656716417910448,383725,38478,1779,168248,590451,Java,0.0,0.0,0.0,0.0,0.0,0.0,0.0,0.0,0.0,0.0,0.0,0.0,0.0,0.0,0.0,0.0,0.0,0.0,0.0,0.0,0.0,0.0,0.0,0.0,0.0,0.0,0.0,0.0,0.0,0.0,0.0,0.0,0.0,0.0,0.0,0.0,0.0,0.0,0.0,0.0,0.0,0.0,0.0,0.0,0.0,0.0,0.0,0.0,0.0,0.0,0.0,0.0,0.0,0,0,0,0,0,0,0
eclipse.platform.swt,,50,229,7,7,0,7,581,5,0,23,489,2,0,0,7939,5202,0,0,0,0,0,0,0,0,0,0,0,0,0,2.1353711790393013,385737,38598,1781,168708,593043,Java,0.0,0.0,0.0,0.0,0.0,0.0,0.0,0.0,0.0,0.0,0.0,0.0,0.0,0.0,0.0,0.0,0.0,0.0,0.0,0.0,0.0,0.0,0.0,0.0,0.0,0.0,0.0,0.0,0.0,0.0,0.0,0.0,0.0,0.0,0.0,0.0,0.0,0.0,0.0,0.0,0.0,0.0,0.0,0.0,0.0,0.0,0.0,0.0,0.0,0.0,0.0,0.0,0.0,0,0,0,0,0,0,0
eclipse.platform.swt,,51,163,7,7,1,6,581,5,0,22,807,3,2,0,13190,5341,0,0,0,0,0,0,0,0,0,0,0,0,0,4.950920245398773,388356,38710,1782,173766,600832,Java,0.0,0.0,0.0,0.0,0.0,0.0,0.0,0.0,0.0,0.0,0.0,0.0,0.0,0.0,0.0,0.0,0.0,0.0,0.0,0.0,0.0,0.0,0.0,0.0,0.0,0.0,0.0,0.0,0.0,0.0,0.0,0.0,0.0,0.0,0.0,0.0,0.0,0.0,0.0,0.0,0.0,0.0,0.0,0.0,0.0,0.0,0.0,0.0,0.0,0.0,0.0,0.0,0.0,0,0,0,0,0,0,0
eclipse.platform.swt,,52,170,7,7,1,6,581,5,0,19,493,2,0,0,5393,3192,0,0,0,0,0,0,0,0,0,0,0,0,0,2.9,389827,38815,1784,174346,602988,Java,0.0,0.0,0.0,0.0,0.0,0.0,0.0,0.0,0.0,0.0,0.0,0.0,0.0,0.0,0.0,0.0,0.0,0.0,0.0,0.0,0.0,0.0,0.0,0.0,0.0,0.0,0.0,0.0,0.0,0.0,0.0,0.0,0.0,0.0,0.0,0.0,0.0,0.0,0.0,0.0,0.0,0.0,0.0,0.0,0.0,0.0,0.0,0.0,0.0,0.0,0.0,0.0,0.0,0,0,0,0,0,0,0
eclipse.platform.swt,,53,174,7,7,1,6,591,5,0,21,563,31,13,3,19031,6076,0,0,0,0,0,0,0,0,0,0,0,0,0,3.235632183908046,398706,39168,1801,177848,615722,Java,0.0,0.0,0.0,0.0,0.0,0.0,0.0,0.0,0.0,0.0,0.0,0.0,0.0,0.0,0.0,0.0,0.0,0.0,0.0,0.0,0.0,0.0,0.0,0.0,0.0,0.0,0.0,0.0,0.0,0.0,0.0,0.0,0.0,0.0,0.0,0.0,0.0,0.0,0.0,0.0,0.0,0.0,0.0,0.0,0.0,0.0,0.0,0.0,0.0,0.0,0.0,0.0,0.0,0,0,0,0,0,0,0
eclipse.platform.swt,,54,207,7,7,0,7,639,5,0,23,457,73,5,4,17151,5330,0,0,0,0,0,0,0,0,0,0,0,0,0,2.207729468599034,407028,39819,1861,179760,626607,Java,0.0,0.0,0.0,0.0,0.0,0.0,0.0,0.0,0.0,0.0,0.0,0.0,0.0,0.0,0.0,0.0,0.0,0.0,0.0,0.0,0.0,0.0,0.0,0.0,0.0,0.0,0.0,0.0,0.0,0.0,0.0,0.0,0.0,0.0,0.0,0.0,0.0,0.0,0.0,0.0,0.0,0.0,0.0,0.0,0.0,0.0,0.0,0.0,0.0,0.0,0.0,0.0,0.0,0,0,0,0,0,0,0
eclipse.platform.swt,,55,204,7,7,1,6,639,5,0,26,497,17,9,0,24960,19278,0,0,0,0,0,0,0,0,0,0,0,0,0,2.436274509803922,411615,40080,1869,180446,632141,Java,0.0,0.0,0.0,0.0,0.0,0.0,0.0,0.0,0.0,0.0,0.0,0.0,0.0,0.0,0.0,0.0,0.0,0.0,0.0,0.0,0.0,0.0,0.0,0.0,0.0,0.0,0.0,0.0,0.0,0.0,0.0,0.0,0.0,0.0,0.0,0.0,0.0,0.0,0.0,0.0,0.0,0.0,0.0,0.0,0.0,0.0,0.0,0.0,0.0,0.0,0.0,0.0,0.0,0,0,0,0,0,0,0
eclipse.platform.swt,,56,168,6,6,0,6,639,5,0,21,412,9,0,0,6613,3026,0,0,0,0,0,0,0,0,0,0,0,0,0,2.452380952380953,416013,39982,1877,179589,635584,Java,0.0,0.0,0.0,0.0,0.0,0.0,0.0,0.0,0.0,0.0,0.0,0.0,0.0,0.0,0.0,0.0,0.0,0.0,0.0,0.0,0.0,0.0,0.0,0.0,0.0,0.0,0.0,0.0,0.0,0.0,0.0,0.0,0.0,0.0,0.0,0.0,0.0,0.0,0.0,0.0,0.0,0.0,0.0,0.0,0.0,0.0,0.0,0.0,0.0,0.0,0.0,0.0,0.0,0,0,0,0,0,0,0
eclipse.platform.swt,,57,42,5,5,2,3,639,5,0,12,70,0,0,0,770,175,0,0,0,0,0,0,0,0,0,0,0,0,0,1.6666666666666667,416397,40011,1877,179727,636135,Java,0.0,0.0,0.0,0.0,0.0,0.0,0.0,0.0,0.0,0.0,0.0,0.0,0.0,0.0,0.0,0.0,0.0,0.0,0.0,0.0,0.0,0.0,0.0,0.0,0.0,0.0,0.0,0.0,0.0,0.0,0.0,0.0,0.0,0.0,0.0,0.0,0.0,0.0,0.0,0.0,0.0,0.0,0.0,0.0,0.0,0.0,0.0,0.0,0.0,0.0,0.0,0.0,0.0,0,0,0,0,0,0,0
eclipse.platform.swt,,58,198,5,5,0,5,644,5,0,21,426,18,4,10,11153,13921,0,0,0,0,0,0,0,0,0,0,0,0,0,2.1515151515151514,416361,40207,1891,176538,633106,Java,0.0,0.0,0.0,0.0,0.0,0.0,0.0,0.0,0.0,0.0,0.0,0.0,0.0,0.0,0.0,0.0,0.0,0.0,0.0,0.0,0.0,0.0,0.0,0.0,0.0,0.0,0.0,0.0,0.0,0.0,0.0,0.0,0.0,0.0,0.0,0.0,0.0,0.0,0.0,0.0,0.0,0.0,0.0,0.0,0.0,0.0,0.0,0.0,0.0,0.0,0.0,0.0,0.0,0,0,0,0,0,0,0
eclipse.platform.swt,,59,340,6,6,0,6,649,5,0,24,671,17,0,0,13501,4889,0,0,0,0,0,0,0,0,0,0,0,0,0,1.973529411764706,422829,40631,1906,177808,641268,Java,0.0,0.0,0.0,0.0,0.0,0.0,0.0,0.0,0.0,0.0,0.0,0.0,0.0,0.0,0.0,0.0,0.0,0.0,0.0,0.0,0.0,0.0,0.0,0.0,0.0,0.0,0.0,0.0,0.0,0.0,0.0,0.0,0.0,0.0,0.0,0.0,0.0,0.0,0.0,0.0,0.0,0.0,0.0,0.0,0.0,0.0,0.0,0.0,0.0,0.0,0.0,0.0,0.0,0,0,0,0,0,0,0
eclipse.platform.swt,,60,232,6,6,0,6,655,5,0,20,443,20,0,0,8264,2354,0,0,0,0,0,0,0,0,0,0,0,0,0,1.9094827586206895,426974,40988,1924,178717,646679,Java,0.0,0.0,0.0,0.0,0.0,0.0,0.0,0.0,0.0,0.0,0.0,0.0,0.0,0.0,0.0,0.0,0.0,0.0,0.0,0.0,0.0,0.0,0.0,0.0,0.0,0.0,0.0,0.0,0.0,0.0,0.0,0.0,0.0,0.0,0.0,0.0,0.0,0.0,0.0,0.0,0.0,0.0,0.0,0.0,0.0,0.0,0.0,0.0,0.0,0.0,0.0,0.0,0.0,0,0,0,0,0,0,0
eclipse.platform.swt,,61,173,8,8,2,6,686,5,0,19,1198,64,1,0,15020,4007,0,0,0,0,0,0,0,0,0,0,0,0,0,6.92485549132948,432740,41531,1987,183450,657721,Java,0.0,0.0,0.0,0.0,0.0,0.0,0.0,0.0,0.0,0.0,0.0,0.0,0.0,0.0,0.0,0.0,0.0,0.0,0.0,0.0,0.0,0.0,0.0,0.0,0.0,0.0,0.0,0.0,0.0,0.0,0.0,0.0,0.0,0.0,0.0,0.0,0.0,0.0,0.0,0.0,0.0,0.0,0.0,0.0,0.0,0.0,0.0,0.0,0.0,0.0,0.0,0.0,0.0,0,0,0,0,0,0,0
eclipse.platform.swt,,62,52,4,4,0,4,687,5,0,14,91,17,1,1,2951,630,0,0,0,0,0,0,0,0,0,0,0,0,0,1.75,434290,41647,2002,183968,659905,Java,0.0,0.0,0.0,0.0,0.0,0.0,0.0,0.0,0.0,0.0,0.0,0.0,0.0,0.0,0.0,0.0,0.0,0.0,0.0,0.0,0.0,0.0,0.0,0.0,0.0,0.0,0.0,0.0,0.0,0.0,0.0,0.0,0.0,0.0,0.0,0.0,0.0,0.0,0.0,0.0,0.0,0.0,0.0,0.0,0.0,0.0,0.0,0.0,0.0,0.0,0.0,0.0,0.0,0,0,0,0,0,0,0
eclipse.platform.swt,,63,75,5,5,0,5,687,5,0,19,246,24,0,0,10610,2984,0,0,0,0,0,0,0,0,0,0,0,0,0,3.28,439003,42020,2022,185048,666071,Java,0.0,0.0,0.0,0.0,0.0,0.0,0.0,0.0,0.0,0.0,0.0,0.0,0.0,0.0,0.0,0.0,0.0,0.0,0.0,0.0,0.0,0.0,0.0,0.0,0.0,0.0,0.0,0.0,0.0,0.0,0.0,0.0,0.0,0.0,0.0,0.0,0.0,0.0,0.0,0.0,0.0,0.0,0.0,0.0,0.0,0.0,0.0,0.0,0.0,0.0,0.0,0.0,0.0,0,0,0,0,0,0,0
eclipse.platform.swt,,64,71,5,5,0,5,687,5,0,16,152,6,0,0,3402,862,0,0,0,0,0,0,0,0,0,0,0,0,0,2.140845070422535,440807,42385,2028,185401,668593,Java,0.0,0.0,0.0,0.0,0.0,0.0,0.0,0.0,0.0,0.0,0.0,0.0,0.0,0.0,0.0,0.0,0.0,0.0,0.0,0.0,0.0,0.0,0.0,0.0,0.0,0.0,0.0,0.0,0.0,0.0,0.0,0.0,0.0,0.0,0.0,0.0,0.0,0.0,0.0,0.0,0.0,0.0,0.0,0.0,0.0,0.0,0.0,0.0,0.0,0.0,0.0,0.0,0.0,0,0,0,0,0,0,0
eclipse.platform.swt,,65,145,5,5,1,4,687,5,0,23,384,35,0,0,17058,2285,0,0,0,0,0,0,0,0,0,0,0,0,0,2.6482758620689655,450451,44072,2063,188619,683142,Java,0.0,0.0,0.0,0.0,0.0,0.0,0.0,0.0,0.0,0.0,0.0,0.0,0.0,0.0,0.0,0.0,0.0,0.0,0.0,0.0,0.0,0.0,0.0,0.0,0.0,0.0,0.0,0.0,0.0,0.0,0.0,0.0,0.0,0.0,0.0,0.0,0.0,0.0,0.0,0.0,0.0,0.0,0.0,0.0,0.0,0.0,0.0,0.0,0.0,0.0,0.0,0.0,0.0,0,0,0,0,0,0,0
eclipse.platform.swt,,66,103,5,5,0,5,692,5,0,22,229,9,0,0,3971,1189,0,0,0,0,0,0,0,0,0,0,0,0,0,2.2233009708737863,452649,44240,2072,188900,685789,Java,0.0,0.0,0.0,0.0,0.0,0.0,0.0,0.0,0.0,0.0,0.0,0.0,0.0,0.0,0.0,0.0,0.0,0.0,0.0,0.0,0.0,0.0,0.0,0.0,0.0,0.0,0.0,0.0,0.0,0.0,0.0,0.0,0.0,0.0,0.0,0.0,0.0,0.0,0.0,0.0,0.0,0.0,0.0,0.0,0.0,0.0,0.0,0.0,0.0,0.0,0.0,0.0,0.0,0,0,0,0,0,0,0
eclipse.platform.swt,,67,145,5,5,1,4,692,5,0,23,516,10,0,3,12147,4585,0,0,0,0,0,0,0,0,0,0,0,0,0,3.5586206896551724,458725,44751,2082,189262,692738,Java,0.0,0.0,0.0,0.0,0.0,0.0,0.0,0.0,0.0,0.0,0.0,0.0,0.0,0.0,0.0,0.0,0.0,0.0,0.0,0.0,0.0,0.0,0.0,0.0,0.0,0.0,0.0,0.0,0.0,0.0,0.0,0.0,0.0,0.0,0.0,0.0,0.0,0.0,0.0,0.0,0.0,0.0,0.0,0.0,0.0,0.0,0.0,0.0,0.0,0.0,0.0,0.0,0.0,0,0,0,0,0,0,0
eclipse.platform.swt,,68,121,5,5,1,4,692,5,0,20,287,10,12,2,6590,4362,0,0,0,0,0,0,0,0,0,0,0,0,0,2.371900826446281,460558,44845,2080,189610,695013,Java,0.0,0.0,0.0,0.0,0.0,0.0,0.0,0.0,0.0,0.0,0.0,0.0,0.0,0.0,0.0,0.0,0.0,0.0,0.0,0.0,0.0,0.0,0.0,0.0,0.0,0.0,0.0,0.0,0.0,0.0,0.0,0.0,0.0,0.0,0.0,0.0,0.0,0.0,0.0,0.0,0.0,0.0,0.0,0.0,0.0,0.0,0.0,0.0,0.0,0.0,0.0,0.0,0.0,0,0,0,0,0,0,0
eclipse.platform.swt,,69,75,4,4,0,4,692,5,0,15,127,5,0,0,1882,983,0,0,0,0,0,0,0,0,0,0,0,0,0,1.6933333333333334,461342,44902,2085,189656,695900,Java,0.0,0.0,0.0,0.0,0.0,0.0,0.0,0.0,0.0,0.0,0.0,0.0,0.0,0.0,0.0,0.0,0.0,0.0,0.0,0.0,0.0,0.0,0.0,0.0,0.0,0.0,0.0,0.0,0.0,0.0,0.0,0.0,0.0,0.0,0.0,0.0,0.0,0.0,0.0,0.0,0.0,0.0,0.0,0.0,0.0,0.0,0.0,0.0,0.0,0.0,0.0,0.0,0.0,0,0,0,0,0,0,0
eclipse.platform.swt,,70,219,7,7,2,5,718,5,0,24,840,160,43,28,92396,27738,0,0,0,0,0,0,0,0,0,0,0,0,1,3.835616438356164,491930,48280,2193,212263,752473,Java,0.0,0.0,0.0,0.0,0.0,0.0,0.0,0.0,0.0,0.0,0.0,0.0,0.0,0.0,0.0,0.0,0.0,0.0,0.0,0.0,0.0,0.0,0.0,0.0,0.0,0.0,0.0,0.0,0.0,0.0,0.0,0.0,0.0,0.0,0.0,0.0,0.0,0.0,0.0,0.0,0.0,0.0,0.0,0.0,0.0,0.0,0.0,0.0,0.0,0.0,0.0,0.0,0.0,0,0,0,0,0,0,0
eclipse.platform.swt,,71,278,6,6,1,5,723,5,0,26,624,43,9,2,14656,4523,0,0,0,0,0,0,0,0,0,0,0,0,0,2.2446043165467624,498556,48921,2227,214660,762137,Java,0.0,0.0,0.0,0.0,0.0,0.0,0.0,0.0,0.0,0.0,0.0,0.0,0.0,0.0,0.0,0.0,0.0,0.0,0.0,0.0,0.0,0.0,0.0,0.0,0.0,0.0,0.0,0.0,0.0,0.0,0.0,0.0,0.0,0.0,0.0,0.0,0.0,0.0,0.0,0.0,0.0,0.0,0.0,0.0,0.0,0.0,0.0,0.0,0.0,0.0,0.0,0.0,0.0,0,0,0,0,0,0,0
eclipse.platform.swt,,72,270,6,6,0,6,733,5,0,20,605,14,0,1,13605,4152,0,0,0,0,0,0,0,0,0,0,0,0,0,2.240740740740741,505332,49436,2241,216372,771140,Java,0.0,0.0,0.0,0.0,0.0,0.0,0.0,0.0,0.0,0.0,0.0,0.0,0.0,0.0,0.0,0.0,0.0,0.0,0.0,0.0,0.0,0.0,0.0,0.0,0.0,0.0,0.0,0.0,0.0,0.0,0.0,0.0,0.0,0.0,0.0,0.0,0.0,0.0,0.0,0.0,0.0,0.0,0.0,0.0,0.0,0.0,0.0,0.0,0.0,0.0,0.0,0.0,0.0,0,0,0,0,0,0,0
eclipse.platform.swt,,73,141,7,7,1,6,733,5,0,21,291,3,0,1,4659,1585,0,0,0,0,0,0,0,0,0,0,0,0,0,2.0638297872340425,507767,49642,2244,216610,774019,Java,0.0,0.0,0.0,0.0,0.0,0.0,0.0,0.0,0.0,0.0,0.0,0.0,0.0,0.0,0.0,0.0,0.0,0.0,0.0,0.0,0.0,0.0,0.0,0.0,0.0,0.0,0.0,0.0,0.0,0.0,0.0,0.0,0.0,0.0,0.0,0.0,0.0,0.0,0.0,0.0,0.0,0.0,0.0,0.0,0.0,0.0,0.0,0.0,0.0,0.0,0.0,0.0,0.0,0,0,0,0,0,0,0
eclipse.platform.swt,,74,117,6,6,0,6,733,5,0,19,1300,3,0,1,8037,3253,0,0,0,0,0,0,0,0,0,0,0,0,0,11.11111111111111,508522,49682,2247,220482,778686,Java,0.0,0.0,0.0,0.0,0.0,0.0,0.0,0.0,0.0,0.0,0.0,0.0,0.0,0.0,0.0,0.0,0.0,0.0,0.0,0.0,0.0,0.0,0.0,0.0,0.0,0.0,0.0,0.0,0.0,0.0,0.0,0.0,0.0,0.0,0.0,0.0,0.0,0.0,0.0,0.0,0.0,0.0,0.0,0.0,0.0,0.0,0.0,0.0,0.0,0.0,0.0,0.0,0.0,0,0,0,0,0,0,0
eclipse.platform.swt,,75,49,7,7,2,5,740,5,0,13,177,11,6,7,5265,6574,0,0,0,0,0,0,0,0,0,0,0,0,1,3.612244897959183,510221,49784,2252,220611,780616,Java,0.0,0.0,0.0,0.0,0.0,0.0,0.0,0.0,0.0,0.0,0.0,0.0,0.0,0.0,0.0,0.0,0.0,0.0,0.0,0.0,0.0,0.0,0.0,0.0,0.0,0.0,0.0,0.0,0.0,0.0,0.0,0.0,0.0,0.0,0.0,0.0,0.0,0.0,0.0,0.0,0.0,0.0,0.0,0.0,0.0,0.0,0.0,0.0,0.0,0.0,0.0,0.0,0.0,0,0,0,0,0,0,0
eclipse.platform.swt,,76,121,8,8,2,6,740,5,0,17,377,11,0,0,8418,5246,0,0,0,0,0,0,0,0,0,0,0,0,1,3.115702479338843,512829,49985,2263,220820,783634,Java,0.0,0.0,0.0,0.0,0.0,0.0,0.0,0.0,0.0,0.0,0.0,0.0,0.0,0.0,0.0,0.0,0.0,0.0,0.0,0.0,0.0,0.0,0.0,0.0,0.0,0.0,0.0,0.0,0.0,0.0,0.0,0.0,0.0,0.0,0.0,0.0,0.0,0.0,0.0,0.0,0.0,0.0,0.0,0.0,0.0,0.0,0.0,0.0,0.0,0.0,0.0,0.0,0.0,0,0,0,0,0,0,0
eclipse.platform.swt,,77,125,7,7,2,5,740,5,0,17,294,4,0,1,5027,1652,0,0,0,0,0,0,0,0,0,0,0,0,0,2.352,515571,50127,2267,221290,786988,Java,0.0,0.0,0.0,0.0,0.0,0.0,0.0,0.0,0.0,0.0,0.0,0.0,0.0,0.0,0.0,0.0,0.0,0.0,0.0,0.0,0.0,0.0,0.0,0.0,0.0,0.0,0.0,0.0,0.0,0.0,0.0,0.0,0.0,0.0,0.0,0.0,0.0,0.0,0.0,0.0,0.0,0.0,0.0,0.0,0.0,0.0,0.0,0.0,0.0,0.0,0.0,0.0,0.0,0,0,0,0,0,0,0
eclipse.platform.swt,,78,135,8,8,1,7,745,5,0,20,294,8,0,0,5018,2259,0,0,0,0,0,0,0,0,0,0,0,0,0,2.1777777777777776,517748,50304,2275,221607,789659,Java,0.0,0.0,0.0,0.0,0.0,0.0,0.0,0.0,0.0,0.0,0.0,0.0,0.0,0.0,0.0,0.0,0.0,0.0,0.0,0.0,0.0,0.0,0.0,0.0,0.0,0.0,0.0,0.0,0.0,0.0,0.0,0.0,0.0,0.0,0.0,0.0,0.0,0.0,0.0,0.0,0.0,0.0,0.0,0.0,0.0,0.0,0.0,0.0,0.0,0.0,0.0,0.0,0.0,0,0,0,0,0,0,0
eclipse.platform.swt,,79,145,8,8,3,5,745,5,0,19,292,11,0,0,5783,1164,0,0,0,0,0,0,0,0,0,0,0,0,0,2.013793103448276,521130,50538,2285,222228,793896,Java,0.0,0.0,0.0,0.0,0.0,0.0,0.0,0.0,0.0,0.0,0.0,0.0,0.0,0.0,0.0,0.0,0.0,0.0,0.0,0.0,0.0,0.0,0.0,0.0,0.0,0.0,0.0,0.0,0.0,0.0,0.0,0.0,0.0,0.0,0.0,0.0,0.0,0.0,0.0,0.0,0.0,0.0,0.0,0.0,0.0,0.0,0.0,0.0,0.0,0.0,0.0,0.0,0.0,0,0,0,0,0,0,0
eclipse.platform.swt,,80,199,8,8,1,7,783,5,0,24,783,461,1,0,115973,3960,0,0,0,0,0,0,0,0,0,0,0,0,0,3.9346733668341702,588014,63122,2740,254434,905570,Java,0.0,0.0,0.0,0.0,0.0,0.0,0.0,0.0,0.0,0.0,0.0,0.0,0.0,0.0,0.0,0.0,0.0,0.0,0.0,0.0,0.0,0.0,0.0,0.0,0.0,0.0,0.0,0.0,0.0,0.0,0.0,0.0,0.0,0.0,0.0,0.0,0.0,0.0,0.0,0.0,0.0,0.0,0.0,0.0,0.0,0.0,0.0,0.0,0.0,0.0,0.0,0.0,0.0,0,0,0,0,0,0,0
eclipse.platform.swt,,81,79,7,7,1,6,783,5,0,15,129,3,0,0,4797,3421,0,0,0,0,0,0,0,0,0,0,0,0,0,1.6329113924050631,589160,63191,2743,254587,906938,Java,0.0,0.0,0.0,0.0,0.0,0.0,0.0,0.0,0.0,0.0,0.0,0.0,0.0,0.0,0.0,0.0,0.0,0.0,0.0,0.0,0.0,0.0,0.0,0.0,0.0,0.0,0.0,0.0,0.0,0.0,0.0,0.0,0.0,0.0,0.0,0.0,0.0,0.0,0.0,0.0,0.0,0.0,0.0,0.0,0.0,0.0,0.0,0.0,0.0,0.0,0.0,0.0,0.0,0,0,0,0,0,0,0
eclipse.platform.swt,,82,165,8,8,0,8,788,5,0,24,465,32,1,2,12009,3936,0,0,0,0,0,0,0,0,0,0,0,0,0,2.8181818181818183,593871,63879,2774,257132,914882,Java,0.0,0.0,0.0,0.0,0.0,0.0,0.0,0.0,0.0,0.0,0.0,0.0,0.0,0.0,0.0,0.0,0.0,0.0,0.0,0.0,0.0,0.0,0.0,0.0,0.0,0.0,0.0,0.0,0.0,0.0,0.0,0.0,0.0,0.0,0.0,0.0,0.0,0.0,0.0,0.0,0.0,0.0,0.0,0.0,0.0,0.0,0.0,0.0,0.0,0.0,0.0,0.0,0.0,0,0,0,0,0,0,0
eclipse.platform.swt,,83,208,8,8,0,8,804,5,0,22,423,13,0,0,14379,7135,0,0,0,0,0,0,0,0,0,0,0,0,0,2.0336538461538463,599020,64297,2786,257984,921301,Java,0.0,0.0,0.0,0.0,0.0,0.0,0.0,0.0,0.0,0.0,0.0,0.0,0.0,0.0,0.0,0.0,0.0,0.0,0.0,0.0,0.0,0.0,0.0,0.0,0.0,0.0,0.0,0.0,0.0,0.0,0.0,0.0,0.0,0.0,0.0,0.0,0.0,0.0,0.0,0.0,0.0,0.0,0.0,0.0,0.0,0.0,0.0,0.0,0.0,0.0,0.0,0.0,0.0,0,0,0,0,0,0,0
eclipse.platform.swt,,84,220,8,8,0,8,805,5,0,23,461,8,1,0,5348,1838,0,0,0,0,0,0,0,0,0,0,0,0,0,2.0954545454545452,601455,64494,2793,258789,924738,Java,0.0,0.0,0.0,0.0,0.0,0.0,0.0,0.0,0.0,0.0,0.0,0.0,0.0,0.0,0.0,0.0,0.0,0.0,0.0,0.0,0.0,0.0,0.0,0.0,0.0,0.0,0.0,0.0,0.0,0.0,0.0,0.0,0.0,0.0,0.0,0.0,0.0,0.0,0.0,0.0,0.0,0.0,0.0,0.0,0.0,0.0,0.0,0.0,0.0,0.0,0.0,0.0,0.0,0,0,0,0,0,0,0
eclipse.platform.swt,,85,177,8,8,0,8,805,5,0,21,417,11,1,1,4337,1396,0,0,0,0,0,0,0,0,0,0,0,0,0,2.3559322033898304,603808,64621,2802,259083,927512,Java,0.0,0.0,0.0,0.0,0.0,0.0,0.0,0.0,0.0,0.0,0.0,0.0,0.0,0.0,0.0,0.0,0.0,0.0,0.0,0.0,0.0,0.0,0.0,0.0,0.0,0.0,0.0,0.0,0.0,0.0,0.0,0.0,0.0,0.0,0.0,0.0,0.0,0.0,0.0,0.0,0.0,0.0,0.0,0.0,0.0,0.0,0.0,0.0,0.0,0.0,0.0,0.0,0.0,0,0,0,0,0,0,0
eclipse.platform.swt,,86,120,8,8,1,7,805,5,0,19,496,5,2,0,4351,1557,0,0,0,0,0,0,0,0,0,0,0,0,0,4.133333333333334,605453,64747,2807,259955,930155,Java,0.0,0.0,0.0,0.0,0.0,0.0,0.0,0.0,0.0,0.0,0.0,0.0,0.0,0.0,0.0,0.0,0.0,0.0,0.0,0.0,0.0,0.0,0.0,0.0,0.0,0.0,0.0,0.0,0.0,0.0,0.0,0.0,0.0,0.0,0.0,0.0,0.0,0.0,0.0,0.0,0.0,0.0,0.0,0.0,0.0,0.0,0.0,0.0,0.0,0.0,0.0,0.0,0.0,0,0,0,0,0,0,0
eclipse.platform.swt,,87,152,8,8,3,5,805,5,0,20,1867,2,0,0,10789,4826,0,0,0,0,0,0,0,0,0,0,0,0,0,12.282894736842104,606704,64856,2809,264513,936073,Java,0.0,0.0,0.0,0.0,0.0,0.0,0.0,0.0,0.0,0.0,0.0,0.0,0.0,0.0,0.0,0.0,0.0,0.0,0.0,0.0,0.0,0.0,0.0,0.0,0.0,0.0,0.0,0.0,0.0,0.0,0.0,0.0,0.0,0.0,0.0,0.0,0.0,0.0,0.0,0.0,0.0,0.0,0.0,0.0,0.0,0.0,0.0,0.0,0.0,0.0,0.0,0.0,0.0,0,0,0,0,0,0,0
eclipse.platform.swt,,88,136,7,7,1,6,816,5,0,16,335,4,0,1,4862,2845,0,0,0,0,0,0,0,0,0,0,0,0,0,2.463235294117647,607997,65018,2813,264946,937961,Java,0.0,0.0,0.0,0.0,0.0,0.0,0.0,0.0,0.0,0.0,0.0,0.0,0.0,0.0,0.0,0.0,0.0,0.0,0.0,0.0,0.0,0.0,0.0,0.0,0.0,0.0,0.0,0.0,0.0,0.0,0.0,0.0,0.0,0.0,0.0,0.0,0.0,0.0,0.0,0.0,0.0,0.0,0.0,0.0,0.0,0.0,0.0,0.0,0.0,0.0,0.0,0.0,0.0,0,0,0,0,0,0,0
eclipse.platform.swt,,89,158,8,8,4,4,816,5,0,22,946,11,216,2,79460,76666,0,0,0,0,0,0,0,0,0,0,0,0,1,5.987341772151899,576691,57295,2603,260411,894397,Java,0.0,0.0,0.0,0.0,0.0,0.0,0.0,0.0,0.0,0.0,0.0,0.0,0.0,0.0,0.0,0.0,0.0,0.0,0.0,0.0,0.0,0.0,0.0,0.0,0.0,0.0,0.0,0.0,0.0,0.0,0.0,0.0,0.0,0.0,0.0,0.0,0.0,0.0,0.0,0.0,0.0,0.0,0.0,0.0,0.0,0.0,0.0,0.0,0.0,0.0,0.0,0.0,0.0,0,0,0,0,0,0,0
eclipse.platform.swt,,90,165,9,9,2,7,829,5,0,24,782,39,31,10,63590,104126,0,0,0,0,0,0,0,0,0,0,0,0,0,4.739393939393939,592779,57868,2633,280068,930715,Java,0.0,0.0,0.0,0.0,0.0,0.0,0.0,0.0,0.0,0.0,0.0,0.0,0.0,0.0,0.0,0.0,0.0,0.0,0.0,0.0,0.0,0.0,0.0,0.0,0.0,0.0,0.0,0.0,0.0,0.0,0.0,0.0,0.0,0.0,0.0,0.0,0.0,0.0,0.0,0.0,0.0,0.0,0.0,0.0,0.0,0.0,0.0,0.0,0.0,0.0,0.0,0.0,0.0,0,0,0,0,0,0,0
eclipse.platform.swt,,91,165,9,9,2,7,834,5,0,22,457,16,1,0,21364,11925,0,0,0,0,0,0,0,0,0,0,0,0,0,2.7696969696969695,600579,58685,2645,280858,940122,Java,0.0,0.0,0.0,0.0,0.0,0.0,0.0,0.0,0.0,0.0,0.0,0.0,0.0,0.0,0.0,0.0,0.0,0.0,0.0,0.0,0.0,0.0,0.0,0.0,0.0,0.0,0.0,0.0,0.0,0.0,0.0,0.0,0.0,0.0,0.0,0.0,0.0,0.0,0.0,0.0,0.0,0.0,0.0,0.0,0.0,0.0,0.0,0.0,0.0,0.0,0.0,0.0,0.0,0,0,0,0,0,0,0
eclipse.platform.swt,,92,174,8,8,3,5,834,5,0,21,414,26,17,0,81300,4129,0,0,0,0,0,0,0,0,0,0,0,0,0,2.3793103448275863,604624,59006,2648,281093,944723,Java,0.0,0.0,0.0,0.0,0.0,0.0,0.0,0.0,0.0,0.0,0.0,0.0,0.0,0.0,0.0,0.0,0.0,0.0,0.0,0.0,0.0,0.0,0.0,0.0,0.0,0.0,0.0,0.0,0.0,0.0,0.0,0.0,0.0,0.0,0.0,0.0,0.0,0.0,0.0,0.0,0.0,0.0,0.0,0.0,0.0,0.0,0.0,0.0,0.0,0.0,0.0,0.0,0.0,0,0,0,0,0,0,0
eclipse.platform.swt,,93,127,7,7,3,4,835,5,0,15,277,20,0,0,51083,45459,0,0,0,0,0,0,0,0,0,0,0,0,0,2.1811023622047245,609040,59547,2666,281681,950268,Java,0.0,0.0,0.0,0.0,0.0,0.0,0.0,0.0,0.0,0.0,0.0,0.0,0.0,0.0,0.0,0.0,0.0,0.0,0.0,0.0,0.0,0.0,0.0,0.0,0.0,0.0,0.0,0.0,0.0,0.0,0.0,0.0,0.0,0.0,0.0,0.0,0.0,0.0,0.0,0.0,0.0,0.0,0.0,0.0,0.0,0.0,0.0,0.0,0.0,0.0,0.0,0.0,0.0,0,0,0,0,0,0,0
eclipse.platform.swt,,94,174,8,8,3,5,835,5,0,19,385,5,0,0,3798,1993,0,0,0,0,0,0,0,0,0,0,0,0,0,2.2126436781609193,610493,59710,2671,281849,952052,Java,0.0,0.0,0.0,0.0,0.0,0.0,0.0,0.0,0.0,0.0,0.0,0.0,0.0,0.0,0.0,0.0,0.0,0.0,0.0,0.0,0.0,0.0,0.0,0.0,0.0,0.0,0.0,0.0,0.0,0.0,0.0,0.0,0.0,0.0,0.0,0.0,0.0,0.0,0.0,0.0,0.0,0.0,0.0,0.0,0.0,0.0,0.0,0.0,0.0,0.0,0.0,0.0,0.0,0,0,0,0,0,0,0
eclipse.platform.swt,,95,232,8,8,2,6,835,5,0,22,641,8,1,0,17365,13190,0,0,0,0,0,0,0,0,0,0,0,0,0,2.7629310344827585,613857,60057,2678,282300,956214,Java,0.0,0.0,0.0,0.0,0.0,0.0,0.0,0.0,0.0,0.0,0.0,0.0,0.0,0.0,0.0,0.0,0.0,0.0,0.0,0.0,0.0,0.0,0.0,0.0,0.0,0.0,0.0,0.0,0.0,0.0,0.0,0.0,0.0,0.0,0.0,0.0,0.0,0.0,0.0,0.0,0.0,0.0,0.0,0.0,0.0,0.0,0.0,0.0,0.0,0.0,0.0,0.0,0.0,0,0,0,0,0,0,0
eclipse.platform.swt,,96,280,8,8,4,4,835,5,0,22,939,13,0,1,26687,71161,0,0,0,0,0,0,0,0,0,0,0,0,0,3.3535714285714286,615601,60083,2691,282825,958509,Java,0.0,0.0,0.0,0.0,0.0,0.0,0.0,0.0,0.0,0.0,0.0,0.0,0.0,0.0,0.0,0.0,0.0,0.0,0.0,0.0,0.0,0.0,0.0,0.0,0.0,0.0,0.0,0.0,0.0,0.0,0.0,0.0,0.0,0.0,0.0,0.0,0.0,0.0,0.0,0.0,0.0,0.0,0.0,0.0,0.0,0.0,0.0,0.0,0.0,0.0,0.0,0.0,0.0,0,0,0,0,0,0,0
eclipse.platform.swt,,97,215,8,8,2,6,835,5,0,24,604,17,2,0,10113,3055,0,0,0,0,0,0,0,0,0,0,0,0,0,2.8093023255813954,620896,60583,2706,283789,965268,Java,0.0,0.0,0.0,0.0,0.0,0.0,0.0,0.0,0.0,0.0,0.0,0.0,0.0,0.0,0.0,0.0,0.0,0.0,0.0,0.0,0.0,0.0,0.0,0.0,0.0,0.0,0.0,0.0,0.0,0.0,0.0,0.0,0.0,0.0,0.0,0.0,0.0,0.0,0.0,0.0,0.0,0.0,0.0,0.0,0.0,0.0,0.0,0.0,0.0,0.0,0.0,0.0,0.0,0,0,0,0,0,0,0
eclipse.platform.swt,,98,132,8,8,3,5,835,5,0,20,589,6,6,0,6235,3603,0,0,0,0,0,0,0,0,0,0,0,0,0,4.462121212121212,622087,60616,2706,285135,967838,Java,0.0,0.0,0.0,0.0,0.0,0.0,0.0,0.0,0.0,0.0,0.0,0.0,0.0,0.0,0.0,0.0,0.0,0.0,0.0,0.0,0.0,0.0,0.0,0.0,0.0,0.0,0.0,0.0,0.0,0.0,0.0,0.0,0.0,0.0,0.0,0.0,0.0,0.0,0.0,0.0,0.0,0.0,0.0,0.0,0.0,0.0,0.0,0.0,0.0,0.0,0.0,0.0,0.0,0,0,0,0,0,0,0
eclipse.platform.swt,,99,38,6,6,1,5,837,5,0,12,1137,5,0,0,2600,1315,0,0,0,0,0,0,0,0,0,0,0,0,0,29.92105263157895,622833,60688,2710,285456,968977,Java,0.0,0.0,0.0,0.0,0.0,0.0,0.0,0.0,0.0,0.0,0.0,0.0,0.0,0.0,0.0,0.0,0.0,0.0,0.0,0.0,0.0,0.0,0.0,0.0,0.0,0.0,0.0,0.0,0.0,0.0,0.0,0.0,0.0,0.0,0.0,0.0,0.0,0.0,0.0,0.0,0.0,0.0,0.0,0.0,0.0,0.0,0.0,0.0,0.0,0.0,0.0,0.0,0.0,0,0,0,0,0,0,0
eclipse.platform.swt,,100,72,5,5,0,5,845,5,0,17,149,2007,2004,0,842176,840868,0,0,0,0,0,0,0,0,0,0,0,0,0,2.0694444444444446,623922,60754,2713,285578,970254,Java,0.0,0.0,0.0,0.0,0.0,0.0,0.0,0.0,0.0,0.0,0.0,0.0,0.0,0.0,0.0,0.0,0.0,0.0,0.0,0.0,0.0,0.0,0.0,0.0,0.0,0.0,0.0,0.0,0.0,0.0,0.0,0.0,0.0,0.0,0.0,0.0,0.0,0.0,0.0,0.0,0.0,0.0,0.0,0.0,0.0,0.0,0.0,0.0,0.0,0.0,0.0,0.0,0.0,0,0,0,0,0,0,0
eclipse.platform.swt,,101,80,6,6,1,5,845,5,0,20,208,10,0,0,4593,980,0,0,0,0,0,0,0,0,0,0,0,0,0,2.6,626696,61017,2722,286005,973718,Java,0.0,0.0,0.0,0.0,0.0,0.0,0.0,0.0,0.0,0.0,0.0,0.0,0.0,0.0,0.0,0.0,0.0,0.0,0.0,0.0,0.0,0.0,0.0,0.0,0.0,0.0,0.0,0.0,0.0,0.0,0.0,0.0,0.0,0.0,0.0,0.0,0.0,0.0,0.0,0.0,0.0,0.0,0.0,0.0,0.0,0.0,0.0,0.0,0.0,0.0,0.0,0.0,0.0,0,0,0,0,0,0,0
eclipse.platform.swt,,102,117,7,7,3,4,845,5,0,17,259,8,1,0,4218,2081,0,0,0,0,0,0,0,0,0,0,0,0,0,2.213675213675214,628363,61178,2729,286221,975762,Java,0.0,0.0,0.0,0.0,0.0,0.0,0.0,0.0,0.0,0.0,0.0,0.0,0.0,0.0,0.0,0.0,0.0,0.0,0.0,0.0,0.0,0.0,0.0,0.0,0.0,0.0,0.0,0.0,0.0,0.0,0.0,0.0,0.0,0.0,0.0,0.0,0.0,0.0,0.0,0.0,0.0,0.0,0.0,0.0,0.0,0.0,0.0,0.0,0.0,0.0,0.0,0.0,0.0,0,0,0,0,0,0,0
eclipse.platform.swt,,103,126,7,7,3,4,845,5,0,20,372,6,0,1,6905,3573,0,0,0,0,0,0,0,0,0,0,0,0,0,2.952380952380953,630901,61384,2735,286746,979031,Java,0.0,0.0,0.0,0.0,0.0,0.0,0.0,0.0,0.0,0.0,0.0,0.0,0.0,0.0,0.0,0.0,0.0,0.0,0.0,0.0,0.0,0.0,0.0,0.0,0.0,0.0,0.0,0.0,0.0,0.0,0.0,0.0,0.0,0.0,0.0,0.0,0.0,0.0,0.0,0.0,0.0,0.0,0.0,0.0,0.0,0.0,0.0,0.0,0.0,0.0,0.0,0.0,0.0,0,0,0,0,0,0,0
eclipse.platform.swt,,104,111,6,6,1,5,845,5,0,22,387,4,1,0,6536,1325,0,0,0,0,0,0,0,0,0,0,0,0,0,3.4864864864864864,635190,61684,2738,287323,984197,Java,0.0,0.0,0.0,0.0,0.0,0.0,0.0,0.0,0.0,0.0,0.0,0.0,0.0,0.0,0.0,0.0,0.0,0.0,0.0,0.0,0.0,0.0,0.0,0.0,0.0,0.0,0.0,0.0,0.0,0.0,0.0,0.0,0.0,0.0,0.0,0.0,0.0,0.0,0.0,0.0,0.0,0.0,0.0,0.0,0.0,0.0,0.0,0.0,0.0,0.0,0.0,0.0,0.0,0,0,0,0,0,0,0
eclipse.platform.swt,,105,28,5,5,1,4,845,5,0,13,56,2,0,0,759,251,0,0,0,0,0,0,0,0,0,0,0,0,0,2.0,635579,61721,2740,287398,984698,Java,0.0,0.0,0.0,0.0,0.0,0.0,0.0,0.0,0.0,0.0,0.0,0.0,0.0,0.0,0.0,0.0,0.0,0.0,0.0,0.0,0.0,0.0,0.0,0.0,0.0,0.0,0.0,0.0,0.0,0.0,0.0,0.0,0.0,0.0,0.0,0.0,0.0,0.0,0.0,0.0,0.0,0.0,0.0,0.0,0.0,0.0,0.0,0.0,0.0,0.0,0.0,0.0,0.0,0,0,0,0,0,0,0
eclipse.platform.swt,,106,82,8,8,2,6,845,5,0,13,251,29,0,0,15351,2555,0,0,0,0,0,0,0,0,0,0,0,0,2,3.0609756097560976,642400,62446,2769,292569,997415,Java,0.0,0.0,0.0,0.0,0.0,0.0,0.0,0.0,0.0,0.0,0.0,0.0,0.0,0.0,0.0,0.0,0.0,0.0,0.0,0.0,0.0,0.0,0.0,0.0,0.0,0.0,0.0,0.0,0.0,0.0,0.0,0.0,0.0,0.0,0.0,0.0,0.0,0.0,0.0,0.0,0.0,0.0,0.0,0.0,0.0,0.0,0.0,0.0,0.0,0.0,0.0,0.0,0.0,0,0,0,0,0,0,0
eclipse.platform.swt,,107,102,8,8,4,4,850,5,0,21,238,15,0,0,8675,3699,0,0,0,0,0,0,0,0,0,0,0,0,0,2.3333333333333335,646148,62751,2781,293442,1002341,Java,0.0,0.0,0.0,0.0,0.0,0.0,0.0,0.0,0.0,0.0,0.0,0.0,0.0,0.0,0.0,0.0,0.0,0.0,0.0,0.0,0.0,0.0,0.0,0.0,0.0,0.0,0.0,0.0,0.0,0.0,0.0,0.0,0.0,0.0,0.0,0.0,0.0,0.0,0.0,0.0,0.0,0.0,0.0,0.0,0.0,0.0,0.0,0.0,0.0,0.0,0.0,0.0,0.0,0,0,0,0,0,0,0
eclipse.platform.swt,,108,166,6,6,1,5,850,5,0,22,412,5,1,3,9784,5597,0,0,0,0,0,0,0,0,0,0,0,0,0,2.4819277108433737,649026,62959,2785,294546,1006531,Java,0.0,0.0,0.0,0.0,0.0,0.0,0.0,0.0,0.0,0.0,0.0,0.0,0.0,0.0,0.0,0.0,0.0,0.0,0.0,0.0,0.0,0.0,0.0,0.0,0.0,0.0,0.0,0.0,0.0,0.0,0.0,0.0,0.0,0.0,0.0,0.0,0.0,0.0,0.0,0.0,0.0,0.0,0.0,0.0,0.0,0.0,0.0,0.0,0.0,0.0,0.0,0.0,0.0,0,0,0,0,0,0,0
eclipse.platform.swt,,109,111,9,9,4,5,859,5,0,22,437,17,0,0,12571,2543,0,0,0,0,0,0,0,0,0,0,0,0,0,3.936936936936937,656374,63674,2800,296365,1016413,Java,0.0,0.0,0.0,0.0,0.0,0.0,0.0,0.0,0.0,0.0,0.0,0.0,0.0,0.0,0.0,0.0,0.0,0.0,0.0,0.0,0.0,0.0,0.0,0.0,0.0,0.0,0.0,0.0,0.0,0.0,0.0,0.0,0.0,0.0,0.0,0.0,0.0,0.0,0.0,0.0,0.0,0.0,0.0,0.0,0.0,0.0,0.0,0.0,0.0,0.0,0.0,0.0,0.0,0,0,0,0,0,0,0
eclipse.platform.swt,,110,96,8,8,3,5,859,5,0,17,179,7,0,1,10343,915,0,0,0,0,0,0,0,0,0,0,0,0,0,1.8645833333333333,662842,63990,2807,298973,1025805,Java,0.0,0.0,0.0,0.0,0.0,0.0,0.0,0.0,0.0,0.0,0.0,0.0,0.0,0.0,0.0,0.0,0.0,0.0,0.0,0.0,0.0,0.0,0.0,0.0,0.0,0.0,0.0,0.0,0.0,0.0,0.0,0.0,0.0,0.0,0.0,0.0,0.0,0.0,0.0,0.0,0.0,0.0,0.0,0.0,0.0,0.0,0.0,0.0,0.0,0.0,0.0,0.0,0.0,0,0,0,0,0,0,0
eclipse.platform.swt,,111,19,5,5,0,5,859,5,0,6,488,1,0,0,3059,745,0,0,0,0,0,0,0,0,0,0,0,0,0,25.68421052631579,662981,64001,2808,301117,1028099,Java,0.0,0.0,0.0,0.0,0.0,0.0,0.0,0.0,0.0,0.0,0.0,0.0,0.0,0.0,0.0,0.0,0.0,0.0,0.0,0.0,0.0,0.0,0.0,0.0,0.0,0.0,0.0,0.0,0.0,0.0,0.0,0.0,0.0,0.0,0.0,0.0,0.0,0.0,0.0,0.0,0.0,0.0,0.0,0.0,0.0,0.0,0.0,0.0,0.0,0.0,0.0,0.0,0.0,0,0,0,0,0,0,0
eclipse.platform.swt,,112,46,6,6,1,5,859,5,0,17,105,3,0,2,1218,372,0,0,0,0,0,0,0,0,0,0,0,0,0,2.282608695652174,663616,64072,2811,301246,1028934,Java,0.0,0.0,0.0,0.0,0.0,0.0,0.0,0.0,0.0,0.0,0.0,0.0,0.0,0.0,0.0,0.0,0.0,0.0,0.0,0.0,0.0,0.0,0.0,0.0,0.0,0.0,0.0,0.0,0.0,0.0,0.0,0.0,0.0,0.0,0.0,0.0,0.0,0.0,0.0,0.0,0.0,0.0,0.0,0.0,0.0,0.0,0.0,0.0,0.0,0.0,0.0,0.0,0.0,0,0,0,0,0,0,0
eclipse.platform.swt,,113,55,8,8,3,5,897,5,0,18,135,91,0,0,56301,522,0,0,0,0,0,0,0,0,0,0,0,0,1,2.4545454545454546,686405,67308,2902,330970,1084683,Java,0.0,0.0,0.0,0.0,0.0,0.0,0.0,0.0,0.0,0.0,0.0,0.0,0.0,0.0,0.0,0.0,0.0,0.0,0.0,0.0,0.0,0.0,0.0,0.0,0.0,0.0,0.0,0.0,0.0,0.0,0.0,0.0,0.0,0.0,0.0,0.0,0.0,0.0,0.0,0.0,0.0,0.0,0.0,0.0,0.0,0.0,0.0,0.0,0.0,0.0,0.0,0.0,0.0,0,0,0,0,0,0,0
eclipse.platform.swt,,114,53,6,6,1,5,897,5,0,19,172,2,0,0,2937,953,0,0,0,0,0,0,0,0,0,0,0,0,0,3.2452830188679247,687752,67406,2903,331220,1086378,Java,0.0,0.0,0.0,0.0,0.0,0.0,0.0,0.0,0.0,0.0,0.0,0.0,0.0,0.0,0.0,0.0,0.0,0.0,0.0,0.0,0.0,0.0,0.0,0.0,0.0,0.0,0.0,0.0,0.0,0.0,0.0,0.0,0.0,0.0,0.0,0.0,0.0,0.0,0.0,0.0,0.0,0.0,0.0,0.0,0.0,0.0,0.0,0.0,0.0,0.0,0.0,0.0,0.0,0,0,0,0,0,0,0
eclipse.platform.swt,,115,43,6,6,0,6,897,5,0,14,170,5,0,0,5235,1930,0,0,0,0,0,0,0,0,0,0,0,0,0,3.953488372093023,689554,67604,2907,332190,1089348,Java,0.0,0.0,0.0,0.0,0.0,0.0,0.0,0.0,0.0,0.0,0.0,0.0,0.0,0.0,0.0,0.0,0.0,0.0,0.0,0.0,0.0,0.0,0.0,0.0,0.0,0.0,0.0,0.0,0.0,0.0,0.0,0.0,0.0,0.0,0.0,0.0,0.0,0.0,0.0,0.0,0.0,0.0,0.0,0.0,0.0,0.0,0.0,0.0,0.0,0.0,0.0,0.0,0.0,0,0,0,0,0,0,0
eclipse.platform.swt,,116,83,7,7,1,6,897,5,0,22,170,5,0,0,2197,798,0,0,0,0,0,0,0,0,0,0,0,0,0,2.0481927710843375,690614,67712,2912,332353,1090679,Java,0.0,0.0,0.0,0.0,0.0,0.0,0.0,0.0,0.0,0.0,0.0,0.0,0.0,0.0,0.0,0.0,0.0,0.0,0.0,0.0,0.0,0.0,0.0,0.0,0.0,0.0,0.0,0.0,0.0,0.0,0.0,0.0,0.0,0.0,0.0,0.0,0.0,0.0,0.0,0.0,0.0,0.0,0.0,0.0,0.0,0.0,0.0,0.0,0.0,0.0,0.0,0.0,0.0,0,0,0,0,0,0,0
eclipse.platform.swt,,117,31,6,6,1,5,905,5,0,14,171,42,0,0,7796,537,0,0,0,0,0,0,0,0,0,0,0,0,0,5.516129032258065,696148,68325,2953,333363,1097836,Java,0.0,0.0,0.0,0.0,0.0,0.0,0.0,0.0,0.0,0.0,0.0,0.0,0.0,0.0,0.0,0.0,0.0,0.0,0.0,0.0,0.0,0.0,0.0,0.0,0.0,0.0,0.0,0.0,0.0,0.0,0.0,0.0,0.0,0.0,0.0,0.0,0.0,0.0,0.0,0.0,0.0,0.0,0.0,0.0,0.0,0.0,0.0,0.0,0.0,0.0,0.0,0.0,0.0,0,0,0,0,0,0,0
eclipse.platform.swt,,118,86,5,5,0,5,905,5,0,16,306,22,1,2,9789,4459,0,0,0,0,0,0,0,0,0,0,0,0,0,3.558139534883721,699609,68809,2974,335222,1103640,Java,0.0,0.0,0.0,0.0,0.0,0.0,0.0,0.0,0.0,0.0,0.0,0.0,0.0,0.0,0.0,0.0,0.0,0.0,0.0,0.0,0.0,0.0,0.0,0.0,0.0,0.0,0.0,0.0,0.0,0.0,0.0,0.0,0.0,0.0,0.0,0.0,0.0,0.0,0.0,0.0,0.0,0.0,0.0,0.0,0.0,0.0,0.0,0.0,0.0,0.0,0.0,0.0,0.0,0,0,0,0,0,0,0
eclipse.platform.swt,,119,64,6,6,1,5,905,5,0,20,170,2,0,0,2241,1594,0,0,0,0,0,0,0,0,0,0,0,0,0,2.65625,700098,68874,2976,335275,1104247,Java,0.0,0.0,0.0,0.0,0.0,0.0,0.0,0.0,0.0,0.0,0.0,0.0,0.0,0.0,0.0,0.0,0.0,0.0,0.0,0.0,0.0,0.0,0.0,0.0,0.0,0.0,0.0,0.0,0.0,0.0,0.0,0.0,0.0,0.0,0.0,0.0,0.0,0.0,0.0,0.0,0.0,0.0,0.0,0.0,0.0,0.0,0.0,0.0,0.0,0.0,0.0,0.0,0.0,0,0,0,0,0,0,0
eclipse.platform.swt,,120,55,7,7,2,5,905,5,0,15,169,1,0,0,3453,1781,0,0,0,0,0,0,0,0,0,0,0,0,0,3.0727272727272728,701230,68996,2977,335672,1105898,Java,0.0,0.0,0.0,0.0,0.0,0.0,0.0,0.0,0.0,0.0,0.0,0.0,0.0,0.0,0.0,0.0,0.0,0.0,0.0,0.0,0.0,0.0,0.0,0.0,0.0,0.0,0.0,0.0,0.0,0.0,0.0,0.0,0.0,0.0,0.0,0.0,0.0,0.0,0.0,0.0,0.0,0.0,0.0,0.0,0.0,0.0,0.0,0.0,0.0,0.0,0.0,0.0,0.0,0,0,0,0,0,0,0
eclipse.platform.swt,,121,51,5,5,1,4,905,5,0,17,149,0,0,0,1645,832,0,0,0,0,0,0,0,0,0,0,0,0,0,2.92156862745098,701866,69013,2977,335817,1106696,Java,0.0,0.0,0.0,0.0,0.0,0.0,0.0,0.0,0.0,0.0,0.0,0.0,0.0,0.0,0.0,0.0,0.0,0.0,0.0,0.0,0.0,0.0,0.0,0.0,0.0,0.0,0.0,0.0,0.0,0.0,0.0,0.0,0.0,0.0,0.0,0.0,0.0,0.0,0.0,0.0,0.0,0.0,0.0,0.0,0.0,0.0,0.0,0.0,0.0,0.0,0.0,0.0,0.0,0,0,0,0,0,0,0
eclipse.platform.swt,,122,73,6,6,0,6,905,5,0,19,632,4,1,0,3543,1850,0,0,0,0,0,0,0,0,0,0,0,0,0,8.657534246575343,702813,69065,2980,336510,1108388,Java,0.0,0.0,0.0,0.0,0.0,0.0,0.0,0.0,0.0,0.0,0.0,0.0,0.0,0.0,0.0,0.0,0.0,0.0,0.0,0.0,0.0,0.0,0.0,0.0,0.0,0.0,0.0,0.0,0.0,0.0,0.0,0.0,0.0,0.0,0.0,0.0,0.0,0.0,0.0,0.0,0.0,0.0,0.0,0.0,0.0,0.0,0.0,0.0,0.0,0.0,0.0,0.0,0.0,0,0,0,0,0,0,0
eclipse.platform.swt,,123,15,4,4,0,4,905,5,0,6,82,1,0,0,639,367,0,0,0,0,0,0,0,0,0,0,0,0,0,5.466666666666667,702873,69071,2981,336716,1108660,Java,0.0,0.0,0.0,0.0,0.0,0.0,0.0,0.0,0.0,0.0,0.0,0.0,0.0,0.0,0.0,0.0,0.0,0.0,0.0,0.0,0.0,0.0,0.0,0.0,0.0,0.0,0.0,0.0,0.0,0.0,0.0,0.0,0.0,0.0,0.0,0.0,0.0,0.0,0.0,0.0,0.0,0.0,0.0,0.0,0.0,0.0,0.0,0.0,0.0,0.0,0.0,0.0,0.0,0,0,0,0,0,0,0
eclipse.platform.swt,,124,5,3,3,0,2,905,5,0,3,7,0,0,0,43,6,0,0,0,0,0,0,0,0,0,0,0,0,1,1.4,702906,69074,2981,336717,1108697,Java,0.0,0.0,0.0,0.0,0.0,0.0,0.0,0.0,0.0,0.0,0.0,0.0,0.0,0.0,0.0,0.0,0.0,0.0,0.0,0.0,0.0,0.0,0.0,0.0,0.0,0.0,0.0,0.0,0.0,0.0,0.0,0.0,0.0,0.0,0.0,0.0,0.0,0.0,0.0,0.0,0.0,0.0,0.0,0.0,0.0,0.0,0.0,0.0,0.0,0.0,0.0,0.0,0.0,0,0,0,0,0,0,0
eclipse.platform.swt,,125,28,6,6,2,4,905,5,0,13,91,2,0,0,1529,287,0,0,0,0,0,0,0,0,0,0,0,0,4,3.25,703095,69081,2981,336745,1108921,Java,0.0,0.0,0.0,0.0,0.0,0.0,0.0,0.0,0.0,0.0,0.0,0.0,0.0,0.0,0.0,0.0,0.0,0.0,0.0,0.0,0.0,0.0,0.0,0.0,0.0,0.0,0.0,0.0,0.0,0.0,0.0,0.0,0.0,0.0,0.0,0.0,0.0,0.0,0.0,0.0,0.0,0.0,0.0,0.0,0.0,0.0,0.0,0.0,0.0,0.0,0.0,0.0,0.0,0,0,0,0,0,0,0
eclipse.platform.swt,,126,20,6,5,2,3,905,5,0,15,86,0,0,0,587,237,0,0,0,0,0,0,0,0,0,0,0,0,2,4.3,703393,69098,2981,336772,1109263,Java,0.0,0.0,0.0,0.0,0.0,0.0,0.0,0.0,0.0,0.0,0.0,0.0,0.0,0.0,0.0,0.0,0.0,0.0,0.0,0.0,0.0,0.0,0.0,0.0,0.0,0.0,0.0,0.0,0.0,0.0,0.0,0.0,0.0,0.0,0.0,0.0,0.0,0.0,0.0,0.0,0.0,0.0,0.0,0.0,0.0,0.0,0.0,0.0,0.0,0.0,0.0,0.0,0.0,0,0,0,0,0,0,0
eclipse.platform.swt,,127,42,13,8,8,4,905,5,0,16,737,2,0,0,4088,1711,0,0,0,0,0,0,0,0,0,0,0,0,6,17.547619047619047,704888,69204,2983,337264,1111356,Java,0.0,0.0,0.0,0.0,0.0,0.0,0.0,0.0,0.0,0.0,0.0,0.0,0.0,0.0,0.0,0.0,0.0,0.0,0.0,0.0,0.0,0.0,0.0,0.0,0.0,0.0,0.0,0.0,0.0,0.0,0.0,0.0,0.0,0.0,0.0,0.0,0.0,0.0,0.0,0.0,0.0,0.0,0.0,0.0,0.0,0.0,0.0,0.0,0.0,0.0,0.0,0.0,0.0,0,0,0,0,0,0,0
eclipse.platform.swt,,128,58,8,7,2,5,905,5,0,14,161,8,1,0,3869,1472,0,0,0,0,0,0,0,0,0,0,0,0,2,2.7758620689655173,706128,69333,2990,337612,1113073,Java,0.0,0.0,0.0,0.0,0.0,0.0,0.0,0.0,0.0,0.0,0.0,0.0,0.0,0.0,0.0,0.0,0.0,0.0,0.0,0.0,0.0,0.0,0.0,0.0,0.0,0.0,0.0,0.0,0.0,0.0,0.0,0.0,0.0,0.0,0.0,0.0,0.0,0.0,0.0,0.0,0.0,0.0,0.0,0.0,0.0,0.0,0.0,0.0,0.0,0.0,0.0,0.0,0.0,0,0,0,0,0,0,0
eclipse.platform.swt,,129,45,10,7,3,6,905,5,0,13,166,4,2,0,44168,44310,0,0,0,0,0,0,0,0,0,0,0,0,2,3.688888888888889,705828,69421,2992,337660,1112909,Java,0.0,0.0,0.0,0.0,0.0,0.0,0.0,0.0,0.0,0.0,0.0,0.0,0.0,0.0,0.0,0.0,0.0,0.0,0.0,0.0,0.0,0.0,0.0,0.0,0.0,0.0,0.0,0.0,0.0,0.0,0.0,0.0,0.0,0.0,0.0,0.0,0.0,0.0,0.0,0.0,0.0,0.0,0.0,0.0,0.0,0.0,0.0,0.0,0.0,0.0,0.0,0.0,0.0,0,0,0,0,0,0,0
eclipse.platform.swt,,130,14,6,6,0,6,905,5,0,8,45,0,0,0,303,118,0,0,0,0,0,0,0,0,0,0,0,0,0,3.2142857142857144,705746,69217,2983,337409,1112372,Java,0.0,0.0,0.0,0.0,0.0,0.0,0.0,0.0,0.0,0.0,0.0,0.0,0.0,0.0,0.0,0.0,0.0,0.0,0.0,0.0,0.0,0.0,0.0,0.0,0.0,0.0,0.0,0.0,0.0,0.0,0.0,0.0,0.0,0.0,0.0,0.0,0.0,0.0,0.0,0.0,0.0,0.0,0.0,0.0,0.0,0.0,0.0,0.0,0.0,0.0,0.0,0.0,0.0,0,0,0,0,0,0,0
eclipse.platform.swt,,131,60,9,5,3,4,905,5,0,12,165,1,0,0,1113,1274,0,0,0,0,0,0,0,0,0,0,0,0,1,2.75,706632,69437,2993,337733,1113802,Java,0.0,0.0,0.0,0.0,0.0,0.0,0.0,0.0,0.0,0.0,0.0,0.0,0.0,0.0,0.0,0.0,0.0,0.0,0.0,0.0,0.0,0.0,0.0,0.0,0.0,0.0,0.0,0.0,0.0,0.0,0.0,0.0,0.0,0.0,0.0,0.0,0.0,0.0,0.0,0.0,0.0,0.0,0.0,0.0,0.0,0.0,0.0,0.0,0.0,0.0,0.0,0.0,0.0,0,0,0,0,0,0,0
eclipse.platform.swt,,132,82,8,7,1,6,905,5,0,17,495,28,19,6,10913,6015,0,0,0,0,0,0,0,0,0,0,0,0,0,6.036585365853658,710892,69649,3003,338376,1118917,Java,0.0,0.0,0.0,0.0,0.0,0.0,0.0,0.0,0.0,0.0,0.0,0.0,0.0,0.0,0.0,0.0,0.0,0.0,0.0,0.0,0.0,0.0,0.0,0.0,0.0,0.0,0.0,0.0,0.0,0.0,0.0,0.0,0.0,0.0,0.0,0.0,0.0,0.0,0.0,0.0,0.0,0.0,0.0,0.0,0.0,0.0,0.0,0.0,0.0,0.0,0.0,0.0,0.0,0,0,0,0,0,0,0
eclipse.platform.swt,,133,67,7,5,3,4,905,5,0,15,229,4,4,0,5672,4711,0,0,0,0,0,0,0,0,0,0,0,0,0,3.417910447761194,711651,69683,3003,338491,1119825,Java,0.0,0.0,0.0,0.0,0.0,0.0,0.0,0.0,0.0,0.0,0.0,0.0,0.0,0.0,0.0,0.0,0.0,0.0,0.0,0.0,0.0,0.0,0.0,0.0,0.0,0.0,0.0,0.0,0.0,0.0,0.0,0.0,0.0,0.0,0.0,0.0,0.0,0.0,0.0,0.0,0.0,0.0,0.0,0.0,0.0,0.0,0.0,0.0,0.0,0.0,0.0,0.0,0.0,0,0,0,0,0,0,0
eclipse.platform.swt,,134,47,8,5,2,6,905,5,0,18,138,0,0,0,2530,1084,0,0,0,0,0,0,0,0,0,0,0,0,1,2.9361702127659575,712798,69746,3003,338700,1121244,Java,0.0,0.0,0.0,0.0,0.0,0.0,0.0,0.0,0.0,0.0,0.0,0.0,0.0,0.0,0.0,0.0,0.0,0.0,0.0,0.0,0.0,0.0,0.0,0.0,0.0,0.0,0.0,0.0,0.0,0.0,0.0,0.0,0.0,0.0,0.0,0.0,0.0,0.0,0.0,0.0,0.0,0.0,0.0,0.0,0.0,0.0,0.0,0.0,0.0,0.0,0.0,0.0,0.0,0,0,0,0,0,0,0
eclipse.platform.swt,,135,17,5,5,0,5,905,5,0,11,340,0,0,0,933,388,0,0,0,0,0,0,0,0,0,0,0,0,0,20.0,713020,69767,3003,338988,1121775,Java,0.0,0.0,0.0,0.0,0.0,0.0,0.0,0.0,0.0,0.0,0.0,0.0,0.0,0.0,0.0,0.0,0.0,0.0,0.0,0.0,0.0,0.0,0.0,0.0,0.0,0.0,0.0,0.0,0.0,0.0,0.0,0.0,0.0,0.0,0.0,0.0,0.0,0.0,0.0,0.0,0.0,0.0,0.0,0.0,0.0,0.0,0.0,0.0,0.0,0.0,0.0,0.0,0.0,0,0,0,0,0,0,0
eclipse.platform.swt,,136,43,5,3,1,4,905,5,0,8,125,8,0,0,70177,3250,0,0,0,0,0,0,0,0,0,0,0,0,2,2.9069767441860463,711217,69697,3004,338725,1119639,Java,0.0,0.0,0.0,0.0,0.0,0.0,0.0,0.0,0.0,0.0,0.0,0.0,0.0,0.0,0.0,0.0,0.0,0.0,0.0,0.0,0.0,0.0,0.0,0.0,0.0,0.0,0.0,0.0,0.0,0.0,0.0,0.0,0.0,0.0,0.0,0.0,0.0,0.0,0.0,0.0,0.0,0.0,0.0,0.0,0.0,0.0,0.0,0.0,0.0,0.0,0.0,0.0,0.0,0,0,0,0,0,0,0
eclipse.platform.swt,,137,59,7,6,2,5,887,5,0,13,306,0,81,0,3000,56221,0,0,0,0,0,0,0,0,0,0,0,0,0,5.186440677966102,690695,66586,2924,309170,1066451,Java,0.0,0.0,0.0,0.0,0.0,0.0,0.0,0.0,0.0,0.0,0.0,0.0,0.0,0.0,0.0,0.0,0.0,0.0,0.0,0.0,0.0,0.0,0.0,0.0,0.0,0.0,0.0,0.0,0.0,0.0,0.0,0.0,0.0,0.0,0.0,0.0,0.0,0.0,0.0,0.0,0.0,0.0,0.0,0.0,0.0,0.0,0.0,0.0,0.0,0.0,0.0,0.0,0.0,0,0,0,0,0,0,0
eclipse.platform.swt,,138,41,7,5,3,4,887,5,0,14,148,1,0,0,1185,1219,0,0,0,0,0,0,0,0,0,0,0,0,0,3.609756097560976,690573,66598,2925,309242,1066413,Java,0.0,0.0,0.0,0.0,0.0,0.0,0.0,0.0,0.0,0.0,0.0,0.0,0.0,0.0,0.0,0.0,0.0,0.0,0.0,0.0,0.0,0.0,0.0,0.0,0.0,0.0,0.0,0.0,0.0,0.0,0.0,0.0,0.0,0.0,0.0,0.0,0.0,0.0,0.0,0.0,0.0,0.0,0.0,0.0,0.0,0.0,0.0,0.0,0.0,0.0,0.0,0.0,0.0,0,0,0,0,0,0,0
eclipse.platform.swt,,139,79,8,7,2,6,887,5,0,18,1236,0,0,0,25703,22740,0,0,0,0,0,0,0,0,0,0,0,0,0,15.645569620253164,692604,66689,2925,309775,1069068,Java,0.0,0.0,0.0,0.0,0.0,0.0,0.0,0.0,0.0,0.0,0.0,0.0,0.0,0.0,0.0,0.0,0.0,0.0,0.0,0.0,0.0,0.0,0.0,0.0,0.0,0.0,0.0,0.0,0.0,0.0,0.0,0.0,0.0,0.0,0.0,0.0,0.0,0.0,0.0,0.0,0.0,0.0,0.0,0.0,0.0,0.0,0.0,0.0,0.0,0.0,0.0,0.0,0.0,0,0,0,0,0,0,0
eclipse.platform.swt,,140,174,9,8,5,4,887,5,0,23,637,2,2,0,7447,4147,0,0,0,0,0,0,0,0,0,0,0,0,0,3.660919540229885,695379,66880,2925,310103,1072362,Java,0.0,0.0,0.0,0.0,0.0,0.0,0.0,0.0,0.0,0.0,0.0,0.0,0.0,0.0,0.0,0.0,0.0,0.0,0.0,0.0,0.0,0.0,0.0,0.0,0.0,0.0,0.0,0.0,0.0,0.0,0.0,0.0,0.0,0.0,0.0,0.0,0.0,0.0,0.0,0.0,0.0,0.0,0.0,0.0,0.0,0.0,0.0,0.0,0.0,0.0,0.0,0.0,0.0,0,0,0,0,0,0,0
eclipse.platform.swt,,141,38,7,6,3,4,887,5,0,15,112,0,0,0,897,453,0,0,0,0,0,0,0,0,0,0,0,0,0,2.9473684210526314,695753,66899,2925,310149,1072801,Java,0.0,0.0,0.0,0.0,0.0,0.0,0.0,0.0,0.0,0.0,0.0,0.0,0.0,0.0,0.0,0.0,0.0,0.0,0.0,0.0,0.0,0.0,0.0,0.0,0.0,0.0,0.0,0.0,0.0,0.0,0.0,0.0,0.0,0.0,0.0,0.0,0.0,0.0,0.0,0.0,0.0,0.0,0.0,0.0,0.0,0.0,0.0,0.0,0.0,0.0,0.0,0.0,0.0,0,0,0,0,0,0,0
eclipse.platform.swt,,142,4,1,1,0,1,887,5,0,3,4,0,0,0,43,35,0,0,0,0,0,0,0,0,0,0,0,0,0,1.0,695776,66901,2925,310132,1072809,Java,0.0,0.0,0.0,0.0,0.0,0.0,0.0,0.0,0.0,0.0,0.0,0.0,0.0,0.0,0.0,0.0,0.0,0.0,0.0,0.0,0.0,0.0,0.0,0.0,0.0,0.0,0.0,0.0,0.0,0.0,0.0,0.0,0.0,0.0,0.0,0.0,0.0,0.0,0.0,0.0,0.0,0.0,0.0,0.0,0.0,0.0,0.0,0.0,0.0,0.0,0.0,0.0,0.0,0,0,0,0,0,0,0
eclipse.platform.swt,,143,19,6,6,0,6,887,5,0,13,42,0,0,0,506,307,0,0,0,0,0,0,0,0,0,0,0,0,0,2.210526315789474,695931,66910,2925,310167,1073008,Java,0.0,0.0,0.0,0.0,0.0,0.0,0.0,0.0,0.0,0.0,0.0,0.0,0.0,0.0,0.0,0.0,0.0,0.0,0.0,0.0,0.0,0.0,0.0,0.0,0.0,0.0,0.0,0.0,0.0,0.0,0.0,0.0,0.0,0.0,0.0,0.0,0.0,0.0,0.0,0.0,0.0,0.0,0.0,0.0,0.0,0.0,0.0,0.0,0.0,0.0,0.0,0.0,0.0,0,0,0,0,0,0,0
eclipse.platform.swt,,144,59,8,7,1,7,887,5,0,13,192,2,0,0,2387,963,0,0,0,0,0,0,0,0,0,0,0,0,0,3.2542372881355934,696029,66906,2925,310190,1073125,Java,0.0,0.0,0.0,0.0,0.0,0.0,0.0,0.0,0.0,0.0,0.0,0.0,0.0,0.0,0.0,0.0,0.0,0.0,0.0,0.0,0.0,0.0,0.0,0.0,0.0,0.0,0.0,0.0,0.0,0.0,0.0,0.0,0.0,0.0,0.0,0.0,0.0,0.0,0.0,0.0,0.0,0.0,0.0,0.0,0.0,0.0,0.0,0.0,0.0,0.0,0.0,0.0,0.0,0,0,0,0,0,0,0
eclipse.platform.swt,,145,50,8,6,3,5,887,5,0,17,141,4,0,0,1421,364,0,0,0,0,0,0,0,0,0,0,0,0,0,2.82,696750,66972,2927,310337,1074059,Java,0.0,0.0,0.0,0.0,0.0,0.0,0.0,0.0,0.0,0.0,0.0,0.0,0.0,0.0,0.0,0.0,0.0,0.0,0.0,0.0,0.0,0.0,0.0,0.0,0.0,0.0,0.0,0.0,0.0,0.0,0.0,0.0,0.0,0.0,0.0,0.0,0.0,0.0,0.0,0.0,0.0,0.0,0.0,0.0,0.0,0.0,0.0,0.0,0.0,0.0,0.0,0.0,0.0,0,0,0,0,0,0,0
eclipse.platform.swt,,146,43,8,6,5,3,887,5,0,14,172,0,20,4,2299,5329,0,0,0,0,0,0,0,0,0,0,0,0,1,4.0,695503,66463,2911,310254,1072220,Java,0.0,0.0,0.0,0.0,0.0,0.0,0.0,0.0,0.0,0.0,0.0,0.0,0.0,0.0,0.0,0.0,0.0,0.0,0.0,0.0,0.0,0.0,0.0,0.0,0.0,0.0,0.0,0.0,0.0,0.0,0.0,0.0,0.0,0.0,0.0,0.0,0.0,0.0,0.0,0.0,0.0,0.0,0.0,0.0,0.0,0.0,0.0,0.0,0.0,0.0,0.0,0.0,0.0,0,0,0,0,0,0,0
eclipse.platform.swt,,147,19,6,6,0,6,887,5,0,12,1033,0,0,0,1465,1154,0,0,0,0,0,0,0,0,0,0,0,0,0,54.36842105263158,695638,66474,2911,310395,1072507,Java,0.0,0.0,0.0,0.0,0.0,0.0,0.0,0.0,0.0,0.0,0.0,0.0,0.0,0.0,0.0,0.0,0.0,0.0,0.0,0.0,0.0,0.0,0.0,0.0,0.0,0.0,0.0,0.0,0.0,0.0,0.0,0.0,0.0,0.0,0.0,0.0,0.0,0.0,0.0,0.0,0.0,0.0,0.0,0.0,0.0,0.0,0.0,0.0,0.0,0.0,0.0,0.0,0.0,0,0,0,0,0,0,0
eclipse.platform.swt,,148,12,3,3,0,3,888,5,0,3,76,1,3,0,199,1755,0,0,0,0,0,0,0,0,0,0,0,0,0,6.333333333333333,694549,66090,2908,310307,1070946,Java,0.0,0.0,0.0,0.0,0.0,0.0,0.0,0.0,0.0,0.0,0.0,0.0,0.0,0.0,0.0,0.0,0.0,0.0,0.0,0.0,0.0,0.0,0.0,0.0,0.0,0.0,0.0,0.0,0.0,0.0,0.0,0.0,0.0,0.0,0.0,0.0,0.0,0.0,0.0,0.0,0.0,0.0,0.0,0.0,0.0,0.0,0.0,0.0,0.0,0.0,0.0,0.0,0.0,0,0,0,0,0,0,0
eclipse.platform.swt,,149,48,6,6,3,3,888,5,0,15,146,0,4,0,586,2097,0,0,0,0,0,0,0,0,0,0,0,0,0,3.0416666666666665,693454,66042,2904,309939,1069435,Java,0.0,0.0,0.0,0.0,0.0,0.0,0.0,0.0,0.0,0.0,0.0,0.0,0.0,0.0,0.0,0.0,0.0,0.0,0.0,0.0,0.0,0.0,0.0,0.0,0.0,0.0,0.0,0.0,0.0,0.0,0.0,0.0,0.0,0.0,0.0,0.0,0.0,0.0,0.0,0.0,0.0,0.0,0.0,0.0,0.0,0.0,0.0,0.0,0.0,0.0,0.0,0.0,0.0,0,0,0,0,0,0,0
eclipse.platform.swt,,150,11,7,7,0,7,888,5,0,8,32,0,0,0,185,63,0,0,0,0,0,0,0,0,0,0,0,0,0,2.909090909090909,693551,66046,2904,309957,1069554,Java,0.0,0.0,0.0,0.0,0.0,0.0,0.0,0.0,0.0,0.0,0.0,0.0,0.0,0.0,0.0,0.0,0.0,0.0,0.0,0.0,0.0,0.0,0.0,0.0,0.0,0.0,0.0,0.0,0.0,0.0,0.0,0.0,0.0,0.0,0.0,0.0,0.0,0.0,0.0,0.0,0.0,0.0,0.0,0.0,0.0,0.0,0.0,0.0,0.0,0.0,0.0,0.0,0.0,0,0,0,0,0,0,0
eclipse.platform.swt,,151,36,5,5,2,3,896,5,0,14,185,12,5,7,2698,1732,0,0,0,0,0,0,0,0,0,0,0,0,1,5.138888888888889,694147,66144,2906,310053,1070344,Java,0.0,0.0,0.0,0.0,0.0,0.0,0.0,0.0,0.0,0.0,0.0,0.0,0.0,0.0,0.0,0.0,0.0,0.0,0.0,0.0,0.0,0.0,0.0,0.0,0.0,0.0,0.0,0.0,0.0,0.0,0.0,0.0,0.0,0.0,0.0,0.0,0.0,0.0,0.0,0.0,0.0,0.0,0.0,0.0,0.0,0.0,0.0,0.0,0.0,0.0,0.0,0.0,0.0,0,0,0,0,0,0,0
eclipse.platform.swt,,152,25,9,9,4,5,902,5,0,12,110,1,0,0,1034,375,0,0,0,0,0,0,0,0,0,0,0,0,2,4.4,694329,66112,2907,310247,1070688,Java,0.0,0.0,0.0,0.0,0.0,0.0,0.0,0.0,0.0,0.0,0.0,0.0,0.0,0.0,0.0,0.0,0.0,0.0,0.0,0.0,0.0,0.0,0.0,0.0,0.0,0.0,0.0,0.0,0.0,0.0,0.0,0.0,0.0,0.0,0.0,0.0,0.0,0.0,0.0,0.0,0.0,0.0,0.0,0.0,0.0,0.0,0.0,0.0,0.0,0.0,0.0,0.0,0.0,0,0,0,0,0,0,0
eclipse.platform.swt,,153,35,7,5,5,2,902,5,0,11,1324,0,1,0,6813,3033,0,0,0,0,0,0,0,0,0,0,0,0,0,37.82857142857143,698095,66162,2906,310209,1074466,Java,0.0,0.0,0.0,0.0,0.0,0.0,0.0,0.0,0.0,0.0,0.0,0.0,0.0,0.0,0.0,0.0,0.0,0.0,0.0,0.0,0.0,0.0,0.0,0.0,0.0,0.0,0.0,0.0,0.0,0.0,0.0,0.0,0.0,0.0,0.0,0.0,0.0,0.0,0.0,0.0,0.0,0.0,0.0,0.0,0.0,0.0,0.0,0.0,0.0,0.0,0.0,0.0,0.0,0,0,0,0,0,0,0
eclipse.platform.swt,,154,14,6,5,0,6,902,5,0,9,29,0,0,0,144,121,0,0,0,0,0,0,0,0,0,0,0,0,0,2.0714285714285716,698107,66164,2906,310218,1074489,Java,0.0,0.0,0.0,0.0,0.0,0.0,0.0,0.0,0.0,0.0,0.0,0.0,0.0,0.0,0.0,0.0,0.0,0.0,0.0,0.0,0.0,0.0,0.0,0.0,0.0,0.0,0.0,0.0,0.0,0.0,0.0,0.0,0.0,0.0,0.0,0.0,0.0,0.0,0.0,0.0,0.0,0.0,0.0,0.0,0.0,0.0,0.0,0.0,0.0,0.0,0.0,0.0,0.0,0,0,0,0,0,0,0
eclipse.platform.swt,,155,71,10,9,5,5,902,5,0,16,417,0,99,1,1411,14551,0,0,0,0,0,0,0,0,0,0,0,0,3,5.873239436619718,688941,64376,2807,308399,1061716,Java,0.0,0.0,0.0,0.0,0.0,0.0,0.0,0.0,0.0,0.0,0.0,0.0,0.0,0.0,0.0,0.0,0.0,0.0,0.0,0.0,0.0,0.0,0.0,0.0,0.0,0.0,0.0,0.0,0.0,0.0,0.0,0.0,0.0,0.0,0.0,0.0,0.0,0.0,0.0,0.0,0.0,0.0,0.0,0.0,0.0,0.0,0.0,0.0,0.0,0.0,0.0,0.0,0.0,0,0,0,0,0,0,0
eclipse.platform.swt,,156,41,10,7,7,3,877,5,0,21,189,0,34,23,3710,6077,0,0,0,0,0,0,0,0,0,0,0,0,2,4.609756097560975,687087,64211,2800,308558,1059856,Java,0.0,0.0,0.0,0.0,0.0,0.0,0.0,0.0,0.0,0.0,0.0,0.0,0.0,0.0,0.0,0.0,0.0,0.0,0.0,0.0,0.0,0.0,0.0,0.0,0.0,0.0,0.0,0.0,0.0,0.0,0.0,0.0,0.0,0.0,0.0,0.0,0.0,0.0,0.0,0.0,0.0,0.0,0.0,0.0,0.0,0.0,0.0,0.0,0.0,0.0,0.0,0.0,0.0,0,0,0,0,0,0,0
eclipse.platform.swt,,157,28,10,7,2,8,834,5,0,13,259,2,74,3,3118,17892,0,0,0,0,0,0,0,0,0,0,0,0,0,9.25,675370,63238,2749,307089,1045697,Java,0.0,0.0,0.0,0.0,0.0,0.0,0.0,0.0,0.0,0.0,0.0,0.0,0.0,0.0,0.0,0.0,0.0,0.0,0.0,0.0,0.0,0.0,0.0,0.0,0.0,0.0,0.0,0.0,0.0,0.0,0.0,0.0,0.0,0.0,0.0,0.0,0.0,0.0,0.0,0.0,0.0,0.0,0.0,0.0,0.0,0.0,0.0,0.0,0.0,0.0,0.0,0.0,0.0,0,0,0,0,0,0,0
eclipse.platform.swt,,158,25,8,4,1,7,834,5,0,16,48,0,0,0,1582,172,0,0,0,0,0,0,0,0,0,0,0,0,1,1.92,676477,63283,2749,307347,1047107,Java,0.0,0.0,0.0,0.0,0.0,0.0,0.0,0.0,0.0,0.0,0.0,0.0,0.0,0.0,0.0,0.0,0.0,0.0,0.0,0.0,0.0,0.0,0.0,0.0,0.0,0.0,0.0,0.0,0.0,0.0,0.0,0.0,0.0,0.0,0.0,0.0,0.0,0.0,0.0,0.0,0.0,0.0,0.0,0.0,0.0,0.0,0.0,0.0,0.0,0.0,0.0,0.0,0.0,0,0,0,0,0,0,0
eclipse.platform.swt,,159,14,7,6,0,7,834,5,0,10,22,0,0,0,279,87,0,0,0,0,0,0,0,0,0,0,0,0,3,1.5714285714285714,676590,63289,2749,307420,1047299,Java,0.0,0.0,0.0,0.0,0.0,0.0,0.0,0.0,0.0,0.0,0.0,0.0,0.0,0.0,0.0,0.0,0.0,0.0,0.0,0.0,0.0,0.0,0.0,0.0,0.0,0.0,0.0,0.0,0.0,0.0,0.0,0.0,0.0,0.0,0.0,0.0,0.0,0.0,0.0,0.0,0.0,0.0,0.0,0.0,0.0,0.0,0.0,0.0,0.0,0.0,0.0,0.0,0.0,0,0,0,0,0,0,0
eclipse.platform.swt,,160,4,2,2,0,2,834,5,0,3,14,0,0,0,38,35,0,0,0,0,0,0,0,0,0,0,0,0,0,3.5,676380,63323,2749,307599,1047302,Java,0.0,0.0,0.0,0.0,0.0,0.0,0.0,0.0,0.0,0.0,0.0,0.0,0.0,0.0,0.0,0.0,0.0,0.0,0.0,0.0,0.0,0.0,0.0,0.0,0.0,0.0,0.0,0.0,0.0,0.0,0.0,0.0,0.0,0.0,0.0,0.0,0.0,0.0,0.0,0.0,0.0,0.0,0.0,0.0,0.0,0.0,0.0,0.0,0.0,0.0,0.0,0.0,0.0,0,0,0,0,0,0,0
eclipse.platform.swt,,161,29,10,8,5,6,834,5,0,13,65,0,0,0,702,263,0,0,0,0,0,0,0,0,0,0,0,0,1,2.2413793103448274,676755,63357,2749,307629,1047741,Java,0.0,0.0,0.0,0.0,0.0,0.0,0.0,0.0,0.0,0.0,0.0,0.0,0.0,0.0,0.0,0.0,0.0,0.0,0.0,0.0,0.0,0.0,0.0,0.0,0.0,0.0,0.0,0.0,0.0,0.0,0.0,0.0,0.0,0.0,0.0,0.0,0.0,0.0,0.0,0.0,0.0,0.0,0.0,0.0,0.0,0.0,0.0,0.0,0.0,0.0,0.0,0.0,0.0,0,0,0,0,0,0,0
eclipse.platform.swt,,162,30,8,7,5,3,777,5,0,12,65,0,134,0,542,72903,0,0,0,0,0,0,0,0,0,0,0,0,1,2.1666666666666665,632348,61067,2623,282797,976212,Java,0.0,0.0,0.0,0.0,0.0,0.0,0.0,0.0,0.0,0.0,0.0,0.0,0.0,0.0,0.0,0.0,0.0,0.0,0.0,0.0,0.0,0.0,0.0,0.0,0.0,0.0,0.0,0.0,0.0,0.0,0.0,0.0,0.0,0.0,0.0,0.0,0.0,0.0,0.0,0.0,0.0,0.0,0.0,0.0,0.0,0.0,0.0,0.0,0.0,0.0,0.0,0.0,0.0,0,0,0,0,0,0,0
eclipse.platform.swt,,163,25,8,5,2,7,689,5,0,12,105,1,319,0,445,156512,0,0,0,0,0,0,0,0,0,0,0,0,1,4.2,540669,52408,2314,227517,820594,Java,0.0,0.0,0.0,0.0,0.0,0.0,0.0,0.0,0.0,0.0,0.0,0.0,0.0,0.0,0.0,0.0,0.0,0.0,0.0,0.0,0.0,0.0,0.0,0.0,0.0,0.0,0.0,0.0,0.0,0.0,0.0,0.0,0.0,0.0,0.0,0.0,0.0,0.0,0.0,0.0,0.0,0.0,0.0,0.0,0.0,0.0,0.0,0.0,0.0,0.0,0.0,0.0,0.0,0,0,0,0,0,0,0
eclipse.platform.swt,,164,19,9,7,0,9,689,5,0,10,65,0,0,0,1644,891,0,0,0,0,0,0,0,0,0,0,0,0,1,3.4210526315789473,541142,52515,2314,227689,821346,Java,0.0,0.0,0.0,0.0,0.0,0.0,0.0,0.0,0.0,0.0,0.0,0.0,0.0,0.0,0.0,0.0,0.0,0.0,0.0,0.0,0.0,0.0,0.0,0.0,0.0,0.0,0.0,0.0,0.0,0.0,0.0,0.0,0.0,0.0,0.0,0.0,0.0,0.0,0.0,0.0,0.0,0.0,0.0,0.0,0.0,0.0,0.0,0.0,0.0,0.0,0.0,0.0,0.0,0,0,0,0,0,0,0
eclipse.platform.swt,,165,11,7,7,0,7,689,5,0,6,23,0,0,0,460,165,0,0,0,0,0,0,0,0,0,0,0,0,1,2.090909090909091,541294,52548,2314,227799,821641,Java,0.0,0.0,0.0,0.0,0.0,0.0,0.0,0.0,0.0,0.0,0.0,0.0,0.0,0.0,0.0,0.0,0.0,0.0,0.0,0.0,0.0,0.0,0.0,0.0,0.0,0.0,0.0,0.0,0.0,0.0,0.0,0.0,0.0,0.0,0.0,0.0,0.0,0.0,0.0,0.0,0.0,0.0,0.0,0.0,0.0,0.0,0.0,0.0,0.0,0.0,0.0,0.0,0.0,0,0,0,0,0,0,0
eclipse.platform.swt,,166,23,9,5,3,6,690,6,0,13,54,0,0,0,431,273,0,0,0,0,0,0,0,0,0,0,0,0,2,2.347826086956522,541356,52558,2314,227884,821798,Java,0.0,0.0,0.0,0.0,0.0,0.0,0.0,0.0,0.0,0.0,0.0,0.0,0.0,0.0,0.0,0.0,0.0,0.0,0.0,0.0,0.0,0.0,0.0,0.0,0.0,0.0,0.0,0.0,0.0,0.0,0.0,0.0,0.0,0.0,0.0,0.0,0.0,0.0,0.0,0.0,0.0,0.0,0.0,0.0,0.0,0.0,0.0,0.0,0.0,0.0,0.0,0.0,0.0,0,0,0,0,0,0,0
eclipse.platform.swt,,167,32,8,7,3,5,690,6,0,15,259,7,0,0,7333,3490,0,0,0,0,0,0,0,0,0,0,0,0,0,8.09375,543944,52738,2317,228627,825309,Java,0.0,0.0,0.0,0.0,0.0,0.0,0.0,0.0,0.0,0.0,0.0,0.0,0.0,0.0,0.0,0.0,0.0,0.0,0.0,0.0,0.0,0.0,0.0,0.0,0.0,0.0,0.0,0.0,0.0,0.0,0.0,0.0,0.0,0.0,0.0,0.0,0.0,0.0,0.0,0.0,0.0,0.0,0.0,0.0,0.0,0.0,0.0,0.0,0.0,0.0,0.0,0.0,0.0,0,0,0,0,0,0,0
eclipse.platform.swt,,168,25,8,6,1,7,690,6,0,11,120,0,0,0,1374,1376,0,0,0,0,0,0,0,0,0,0,0,0,1,4.8,543892,52742,2317,228609,825243,Java,0.0,0.0,0.0,0.0,0.0,0.0,0.0,0.0,0.0,0.0,0.0,0.0,0.0,0.0,0.0,0.0,0.0,0.0,0.0,0.0,0.0,0.0,0.0,0.0,0.0,0.0,0.0,0.0,0.0,0.0,0.0,0.0,0.0,0.0,0.0,0.0,0.0,0.0,0.0,0.0,0.0,0.0,0.0,0.0,0.0,0.0,0.0,0.0,0.0,0.0,0.0,0.0,0.0,0,0,0,0,0,0,0
eclipse.platform.swt,,169,62,12,7,7,5,638,6,0,17,290,23,120,1,3282,89078,0,0,0,0,0,0,0,0,0,0,0,0,3,4.67741935483871,495407,47963,2214,196228,739598,Java,0.0,0.0,0.0,0.0,0.0,0.0,0.0,0.0,0.0,0.0,0.0,0.0,0.0,0.0,0.0,0.0,0.0,0.0,0.0,0.0,0.0,0.0,0.0,0.0,0.0,0.0,0.0,0.0,0.0,0.0,0.0,0.0,0.0,0.0,0.0,0.0,0.0,0.0,0.0,0.0,0.0,0.0,0.0,0.0,0.0,0.0,0.0,0.0,0.0,0.0,0.0,0.0,0.0,0,0,0,0,0,0,0
eclipse.platform.swt,,170,75,14,10,8,6,608,6,0,18,358,3,18,0,2332,21657,0,0,0,0,0,0,0,0,0,0,0,0,3,4.773333333333333,483727,47319,2199,189292,720338,Java,0.0,0.0,0.0,0.0,0.0,0.0,0.0,0.0,0.0,0.0,0.0,0.0,0.0,0.0,0.0,0.0,0.0,0.0,0.0,0.0,0.0,0.0,0.0,0.0,0.0,0.0,0.0,0.0,0.0,0.0,0.0,0.0,0.0,0.0,0.0,0.0,0.0,0.0,0.0,0.0,0.0,0.0,0.0,0.0,0.0,0.0,0.0,0.0,0.0,0.0,0.0,0.0,0.0,0,0,0,0,0,0,0
eclipse.platform.swt,,171,36,11,8,2,9,608,6,0,16,175,1,1,2,1921,461,0,0,0,0,0,0,0,0,0,0,0,0,2,4.861111111111111,484579,47381,2199,189838,721798,Java,0.0,0.0,0.0,0.0,0.0,0.0,0.0,0.0,0.0,0.0,0.0,0.0,0.0,0.0,0.0,0.0,0.0,0.0,0.0,0.0,0.0,0.0,0.0,0.0,0.0,0.0,0.0,0.0,0.0,0.0,0.0,0.0,0.0,0.0,0.0,0.0,0.0,0.0,0.0,0.0,0.0,0.0,0.0,0.0,0.0,0.0,0.0,0.0,0.0,0.0,0.0,0.0,0.0,0,0,0,0,0,0,0
eclipse.platform.swt,,172,0,0,0,0,0,608,6,0,0,0,0,0,0,0,0,0,0,0,0,0,0,0,0,0,0,0,0,0,0.0,484579,47381,2199,189838,721798,Java,0.0,0.0,0.0,0.0,0.0,0.0,0.0,0.0,0.0,0.0,0.0,0.0,0.0,0.0,0.0,0.0,0.0,0.0,0.0,0.0,0.0,0.0,0.0,0.0,0.0,0.0,0.0,0.0,0.0,0.0,0.0,0.0,0.0,0.0,0.0,0.0,0.0,0.0,0.0,0.0,0.0,0.0,0.0,0.0,0.0,0.0,0.0,0.0,0.0,0.0,0.0,0.0,0.0,0,0,0,0,0,0,0
eclipse.platform.swt,,173,24,7,5,2,5,608,6,0,10,104,0,0,0,781,500,0,0,0,0,0,0,0,0,0,0,0,0,2,4.333333333333333,484745,47430,2199,189904,722079,Java,0.0,0.0,0.0,0.0,0.0,0.0,0.0,0.0,0.0,0.0,0.0,0.0,0.0,0.0,0.0,0.0,0.0,0.0,0.0,0.0,0.0,0.0,0.0,0.0,0.0,0.0,0.0,0.0,0.0,0.0,0.0,0.0,0.0,0.0,0.0,0.0,0.0,0.0,0.0,0.0,0.0,0.0,0.0,0.0,0.0,0.0,0.0,0.0,0.0,0.0,0.0,0.0,0.0,0,0,0,0,0,0,0
eclipse.platform.swt,,174,26,14,8,9,5,608,6,0,11,149,0,0,0,1923,938,0,0,0,0,0,0,0,0,0,0,0,0,0,5.730769230769231,485358,47447,2199,189998,722803,Java,0.0,0.0,0.0,0.0,0.0,0.0,0.0,0.0,0.0,0.0,0.0,0.0,0.0,0.0,0.0,0.0,0.0,0.0,0.0,0.0,0.0,0.0,0.0,0.0,0.0,0.0,0.0,0.0,0.0,0.0,0.0,0.0,0.0,0.0,0.0,0.0,0.0,0.0,0.0,0.0,0.0,0.0,0.0,0.0,0.0,0.0,0.0,0.0,0.0,0.0,0.0,0.0,0.0,0,0,0,0,0,0,0
eclipse.platform.swt,,175,27,11,8,5,6,608,6,0,14,110,5,5,0,3994,4368,0,0,0,0,0,0,0,0,0,0,0,0,2,4.074074074074074,484701,47483,2199,190083,722267,Java,0.0,0.0,0.0,0.0,0.0,0.0,0.0,0.0,0.0,0.0,0.0,0.0,0.0,0.0,0.0,0.0,0.0,0.0,0.0,0.0,0.0,0.0,0.0,0.0,0.0,0.0,0.0,0.0,0.0,0.0,0.0,0.0,0.0,0.0,0.0,0.0,0.0,0.0,0.0,0.0,0.0,0.0,0.0,0.0,0.0,0.0,0.0,0.0,0.0,0.0,0.0,0.0,0.0,0,0,0,0,0,0,0
eclipse.platform.swt,,176,27,9,6,2,7,608,6,0,13,82,0,0,0,936,354,0,0,0,0,0,0,0,0,0,0,0,0,0,3.037037037037037,484799,47488,2199,190110,722397,Java,0.0,0.0,0.0,0.0,0.0,0.0,0.0,0.0,0.0,0.0,0.0,0.0,0.0,0.0,0.0,0.0,0.0,0.0,0.0,0.0,0.0,0.0,0.0,0.0,0.0,0.0,0.0,0.0,0.0,0.0,0.0,0.0,0.0,0.0,0.0,0.0,0.0,0.0,0.0,0.0,0.0,0.0,0.0,0.0,0.0,0.0,0.0,0.0,0.0,0.0,0.0,0.0,0.0,0,0,0,0,0,0,0
eclipse.platform.swt,,177,17,8,4,0,8,608,6,0,12,243,0,0,0,3078,681,0,0,0,0,0,0,0,0,0,0,0,0,1,14.294117647058824,487156,47495,2199,190142,724793,Java,0.0,0.0,0.0,0.0,0.0,0.0,0.0,0.0,0.0,0.0,0.0,0.0,0.0,0.0,0.0,0.0,0.0,0.0,0.0,0.0,0.0,0.0,0.0,0.0,0.0,0.0,0.0,0.0,0.0,0.0,0.0,0.0,0.0,0.0,0.0,0.0,0.0,0.0,0.0,0.0,0.0,0.0,0.0,0.0,0.0,0.0,0.0,0.0,0.0,0.0,0.0,0.0,0.0,0,0,0,0,0,0,0
eclipse.platform.swt,,178,47,11,7,7,4,597,6,0,20,267,0,8,0,2815,2207,0,0,0,0,0,0,0,0,0,0,0,0,1,5.680851063829787,488130,47413,2193,189916,725459,Java,0.0,0.0,0.0,0.0,0.0,0.0,0.0,0.0,0.0,0.0,0.0,0.0,0.0,0.0,0.0,0.0,0.0,0.0,0.0,0.0,0.0,0.0,0.0,0.0,0.0,0.0,0.0,0.0,0.0,0.0,0.0,0.0,0.0,0.0,0.0,0.0,0.0,0.0,0.0,0.0,0.0,0.0,0.0,0.0,0.0,0.0,0.0,0.0,0.0,0.0,0.0,0.0,0.0,0,0,0,0,0,0,0
eclipse.platform.swt,,179,42,9,7,6,3,551,6,0,14,894,0,29,0,17173,23730,0,0,0,0,0,0,0,0,0,0,0,0,2,21.285714285714285,486028,47116,2164,185758,718902,Java,0.0,0.0,0.0,0.0,0.0,0.0,0.0,0.0,0.0,0.0,0.0,0.0,0.0,0.0,0.0,0.0,0.0,0.0,0.0,0.0,0.0,0.0,0.0,0.0,0.0,0.0,0.0,0.0,0.0,0.0,0.0,0.0,0.0,0.0,0.0,0.0,0.0,0.0,0.0,0.0,0.0,0.0,0.0,0.0,0.0,0.0,0.0,0.0,0.0,0.0,0.0,0.0,0.0,0,0,0,0,0,0,0
eclipse.platform.swt,,180,20,8,7,4,4,551,6,0,11,388,1,0,0,6056,6972,0,0,0,0,0,0,0,0,0,0,0,0,0,19.4,485039,47118,2164,185765,717922,Java,0.0,0.0,0.0,0.0,0.0,0.0,0.0,0.0,0.0,0.0,0.0,0.0,0.0,0.0,0.0,0.0,0.0,0.0,0.0,0.0,0.0,0.0,0.0,0.0,0.0,0.0,0.0,0.0,0.0,0.0,0.0,0.0,0.0,0.0,0.0,0.0,0.0,0.0,0.0,0.0,0.0,0.0,0.0,0.0,0.0,0.0,0.0,0.0,0.0,0.0,0.0,0.0,0.0,0,0,0,0,0,0,0
eclipse.platform.swt,,181,57,12,9,6,6,551,6,0,21,392,3,3,0,13077,9526,0,0,0,0,0,0,0,0,0,0,0,0,1,6.87719298245614,487557,47484,2164,186331,721372,Java,0.0,0.0,0.0,0.0,0.0,0.0,0.0,0.0,0.0,0.0,0.0,0.0,0.0,0.0,0.0,0.0,0.0,0.0,0.0,0.0,0.0,0.0,0.0,0.0,0.0,0.0,0.0,0.0,0.0,0.0,0.0,0.0,0.0,0.0,0.0,0.0,0.0,0.0,0.0,0.0,0.0,0.0,0.0,0.0,0.0,0.0,0.0,0.0,0.0,0.0,0.0,0.0,0.0,0,0,0,0,0,0,0
eclipse.platform.swt,,182,69,9,8,2,7,551,6,0,19,562,0,0,0,2835,1286,0,0,0,0,0,0,0,0,0,0,0,0,1,8.144927536231885,488688,47550,2164,186675,722913,Java,0.0,0.0,0.0,0.0,0.0,0.0,0.0,0.0,0.0,0.0,0.0,0.0,0.0,0.0,0.0,0.0,0.0,0.0,0.0,0.0,0.0,0.0,0.0,0.0,0.0,0.0,0.0,0.0,0.0,0.0,0.0,0.0,0.0,0.0,0.0,0.0,0.0,0.0,0.0,0.0,0.0,0.0,0.0,0.0,0.0,0.0,0.0,0.0,0.0,0.0,0.0,0.0,0.0,0,0,0,0,0,0,0
eclipse.platform.swt,,183,19,8,7,0,8,551,6,0,14,54,0,0,0,608,315,0,0,0,0,0,0,0,0,0,0,0,0,0,2.8421052631578947,488908,47584,2164,186714,723206,Java,0.0,0.0,0.0,0.0,0.0,0.0,0.0,0.0,0.0,0.0,0.0,0.0,0.0,0.0,0.0,0.0,0.0,0.0,0.0,0.0,0.0,0.0,0.0,0.0,0.0,0.0,0.0,0.0,0.0,0.0,0.0,0.0,0.0,0.0,0.0,0.0,0.0,0.0,0.0,0.0,0.0,0.0,0.0,0.0,0.0,0.0,0.0,0.0,0.0,0.0,0.0,0.0,0.0,0,0,0,0,0,0,0
eclipse.platform.swt,,184,25,10,8,3,7,551,6,0,14,77,5,0,0,1332,512,0,0,0,0,0,0,0,0,0,0,0,0,2,3.08,489342,47666,2168,186910,723918,Java,0.0,0.0,0.0,0.0,0.0,0.0,0.0,0.0,0.0,0.0,0.0,0.0,0.0,0.0,0.0,0.0,0.0,0.0,0.0,0.0,0.0,0.0,0.0,0.0,0.0,0.0,0.0,0.0,0.0,0.0,0.0,0.0,0.0,0.0,0.0,0.0,0.0,0.0,0.0,0.0,0.0,0.0,0.0,0.0,0.0,0.0,0.0,0.0,0.0,0.0,0.0,0.0,0.0,0,0,0,0,0,0,0
eclipse.platform.swt,,185,34,10,6,2,8,551,6,0,15,140,0,0,0,2868,3511,0,0,0,0,0,0,0,0,0,0,0,0,2,4.117647058823529,488715,47671,2168,186889,723275,Java,0.0,0.0,0.0,0.0,0.0,0.0,0.0,0.0,0.0,0.0,0.0,0.0,0.0,0.0,0.0,0.0,0.0,0.0,0.0,0.0,0.0,0.0,0.0,0.0,0.0,0.0,0.0,0.0,0.0,0.0,0.0,0.0,0.0,0.0,0.0,0.0,0.0,0.0,0.0,0.0,0.0,0.0,0.0,0.0,0.0,0.0,0.0,0.0,0.0,0.0,0.0,0.0,0.0,0,0,0,0,0,0,0
eclipse.platform.swt,,186,40,10,9,3,7,552,6,0,19,157,0,0,0,2901,3484,0,0,0,0,0,0,0,0,0,0,0,0,0,3.925,488106,47690,2168,186896,722692,Java,0.0,0.0,0.0,0.0,0.0,0.0,0.0,0.0,0.0,0.0,0.0,0.0,0.0,0.0,0.0,0.0,0.0,0.0,0.0,0.0,0.0,0.0,0.0,0.0,0.0,0.0,0.0,0.0,0.0,0.0,0.0,0.0,0.0,0.0,0.0,0.0,0.0,0.0,0.0,0.0,0.0,0.0,0.0,0.0,0.0,0.0,0.0,0.0,0.0,0.0,0.0,0.0,0.0,0,0,0,0,0,0,0
eclipse.platform.swt,,187,33,7,7,2,6,552,6,0,18,125,4,2,0,771,1054,0,0,0,0,0,0,0,0,0,0,0,0,0,3.787878787878788,487691,47723,2168,186936,722350,Java,0.0,0.0,0.0,0.0,0.0,0.0,0.0,0.0,0.0,0.0,0.0,0.0,0.0,0.0,0.0,0.0,0.0,0.0,0.0,0.0,0.0,0.0,0.0,0.0,0.0,0.0,0.0,0.0,0.0,0.0,0.0,0.0,0.0,0.0,0.0,0.0,0.0,0.0,0.0,0.0,0.0,0.0,0.0,0.0,0.0,0.0,0.0,0.0,0.0,0.0,0.0,0.0,0.0,0,0,0,0,0,0,0
eclipse.platform.swt,,188,79,13,9,8,6,544,6,0,21,452,26,31,14,4592,7660,0,0,0,0,0,0,0,0,0,0,0,0,2,5.7215189873417724,484631,47739,2147,186783,719153,Java,0.0,0.0,0.0,0.0,0.0,0.0,0.0,0.0,0.0,0.0,0.0,0.0,0.0,0.0,0.0,0.0,0.0,0.0,0.0,0.0,0.0,0.0,0.0,0.0,0.0,0.0,0.0,0.0,0.0,0.0,0.0,0.0,0.0,0.0,0.0,0.0,0.0,0.0,0.0,0.0,0.0,0.0,0.0,0.0,0.0,0.0,0.0,0.0,0.0,0.0,0.0,0.0,0.0,0,0,0,0,0,0,0
eclipse.platform.swt,,189,36,14,7,7,7,545,6,0,15,174,0,1,0,1174,1568,0,0,0,0,0,0,0,0,0,0,0,0,1,4.833333333333333,484187,47743,2146,186835,718765,Java,0.0,0.0,0.0,0.0,0.0,0.0,0.0,0.0,0.0,0.0,0.0,0.0,0.0,0.0,0.0,0.0,0.0,0.0,0.0,0.0,0.0,0.0,0.0,0.0,0.0,0.0,0.0,0.0,0.0,0.0,0.0,0.0,0.0,0.0,0.0,0.0,0.0,0.0,0.0,0.0,0.0,0.0,0.0,0.0,0.0,0.0,0.0,0.0,0.0,0.0,0.0,0.0,0.0,0,0,0,0,0,0,0
eclipse.platform.swt,,190,74,11,9,5,6,545,6,0,20,546,4,6,0,6388,7174,0,0,0,0,0,0,0,0,0,0,0,0,2,7.378378378378378,483466,47853,2144,186650,717969,Java,0.0,0.0,0.0,0.0,0.0,0.0,0.0,0.0,0.0,0.0,0.0,0.0,0.0,0.0,0.0,0.0,0.0,0.0,0.0,0.0,0.0,0.0,0.0,0.0,0.0,0.0,0.0,0.0,0.0,0.0,0.0,0.0,0.0,0.0,0.0,0.0,0.0,0.0,0.0,0.0,0.0,0.0,0.0,0.0,0.0,0.0,0.0,0.0,0.0,0.0,0.0,0.0,0.0,0,0,0,0,0,0,0
eclipse.platform.swt,,191,35,7,7,2,5,526,6,0,12,91,0,42,0,879,5459,0,0,0,0,0,0,0,0,0,0,0,0,0,2.6,479911,47490,2102,185995,713396,Java,0.0,0.0,0.0,0.0,0.0,0.0,0.0,0.0,0.0,0.0,0.0,0.0,0.0,0.0,0.0,0.0,0.0,0.0,0.0,0.0,0.0,0.0,0.0,0.0,0.0,0.0,0.0,0.0,0.0,0.0,0.0,0.0,0.0,0.0,0.0,0.0,0.0,0.0,0.0,0.0,0.0,0.0,0.0,0.0,0.0,0.0,0.0,0.0,0.0,0.0,0.0,0.0,0.0,0,0,0,0,0,0,0
eclipse.platform.swt,,192,42,10,7,5,5,526,6,0,18,138,0,4,0,3149,1476,0,0,0,0,0,0,0,0,0,0,0,0,2,3.2857142857142856,481043,47605,2099,186431,715079,Java,0.0,0.0,0.0,0.0,0.0,0.0,0.0,0.0,0.0,0.0,0.0,0.0,0.0,0.0,0.0,0.0,0.0,0.0,0.0,0.0,0.0,0.0,0.0,0.0,0.0,0.0,0.0,0.0,0.0,0.0,0.0,0.0,0.0,0.0,0.0,0.0,0.0,0.0,0.0,0.0,0.0,0.0,0.0,0.0,0.0,0.0,0.0,0.0,0.0,0.0,0.0,0.0,0.0,0,0,0,0,0,0,0
eclipse.platform.swt,,193,64,13,6,6,7,526,6,0,19,151,1,0,0,3681,1760,0,0,0,0,0,0,0,0,0,0,0,0,1,2.359375,482227,47748,2100,187023,716998,Java,0.0,0.0,0.0,0.0,0.0,0.0,0.0,0.0,0.0,0.0,0.0,0.0,0.0,0.0,0.0,0.0,0.0,0.0,0.0,0.0,0.0,0.0,0.0,0.0,0.0,0.0,0.0,0.0,0.0,0.0,0.0,0.0,0.0,0.0,0.0,0.0,0.0,0.0,0.0,0.0,0.0,0.0,0.0,0.0,0.0,0.0,0.0,0.0,0.0,0.0,0.0,0.0,0.0,0,0,0,0,0,0,0
eclipse.platform.swt,,194,47,12,10,6,6,527,6,0,15,227,1,0,3,3625,3300,0,0,0,0,0,0,0,0,0,0,0,0,1,4.829787234042553,482112,47856,2100,187356,717324,Java,0.0,0.0,0.0,0.0,0.0,0.0,0.0,0.0,0.0,0.0,0.0,0.0,0.0,0.0,0.0,0.0,0.0,0.0,0.0,0.0,0.0,0.0,0.0,0.0,0.0,0.0,0.0,0.0,0.0,0.0,0.0,0.0,0.0,0.0,0.0,0.0,0.0,0.0,0.0,0.0,0.0,0.0,0.0,0.0,0.0,0.0,0.0,0.0,0.0,0.0,0.0,0.0,0.0,0,0,0,0,0,0,0
eclipse.platform.swt,,195,29,12,11,5,7,530,6,0,18,70,5,0,0,861,425,0,0,0,0,0,0,0,0,0,0,0,0,2,2.413793103448276,482408,47881,2101,187471,717760,Java,0.0,0.0,0.0,0.0,0.0,0.0,0.0,0.0,0.0,0.0,0.0,0.0,0.0,0.0,0.0,0.0,0.0,0.0,0.0,0.0,0.0,0.0,0.0,0.0,0.0,0.0,0.0,0.0,0.0,0.0,0.0,0.0,0.0,0.0,0.0,0.0,0.0,0.0,0.0,0.0,0.0,0.0,0.0,0.0,0.0,0.0,0.0,0.0,0.0,0.0,0.0,0.0,0.0,0,0,0,0,0,0,0
eclipse.platform.swt,,196,14,7,7,0,7,530,6,0,8,45,0,0,0,267,211,0,0,0,0,0,0,0,0,0,0,0,0,0,3.2142857142857144,482446,47884,2101,187486,717816,Java,0.0,0.0,0.0,0.0,0.0,0.0,0.0,0.0,0.0,0.0,0.0,0.0,0.0,0.0,0.0,0.0,0.0,0.0,0.0,0.0,0.0,0.0,0.0,0.0,0.0,0.0,0.0,0.0,0.0,0.0,0.0,0.0,0.0,0.0,0.0,0.0,0.0,0.0,0.0,0.0,0.0,0.0,0.0,0.0,0.0,0.0,0.0,0.0,0.0,0.0,0.0,0.0,0.0,0,0,0,0,0,0,0
eclipse.platform.swt,,197,75,10,7,4,6,530,6,0,20,242,52,153,0,6983,39483,0,0,0,0,0,0,0,0,0,0,0,0,0,3.2266666666666666,456226,45496,1978,182803,684525,Java,0.0,0.0,0.0,0.0,0.0,0.0,0.0,0.0,0.0,0.0,0.0,0.0,0.0,0.0,0.0,0.0,0.0,0.0,0.0,0.0,0.0,0.0,0.0,0.0,0.0,0.0,0.0,0.0,0.0,0.0,0.0,0.0,0.0,0.0,0.0,0.0,0.0,0.0,0.0,0.0,0.0,0.0,0.0,0.0,0.0,0.0,0.0,0.0,0.0,0.0,0.0,0.0,0.0,0,0,0,0,0,0,0
eclipse.platform.swt,,198,69,15,9,11,4,531,6,0,18,170,12,19,0,3890,3119,0,0,0,0,0,0,0,0,0,0,0,0,3,2.463768115942029,457119,45811,1979,183010,685940,Java,0.0,0.0,0.0,0.0,0.0,0.0,0.0,0.0,0.0,0.0,0.0,0.0,0.0,0.0,0.0,0.0,0.0,0.0,0.0,0.0,0.0,0.0,0.0,0.0,0.0,0.0,0.0,0.0,0.0,0.0,0.0,0.0,0.0,0.0,0.0,0.0,0.0,0.0,0.0,0.0,0.0,0.0,0.0,0.0,0.0,0.0,0.0,0.0,0.0,0.0,0.0,0.0,0.0,0,0,0,0,0,0,0
eclipse.platform.swt,,199,28,8,5,2,6,531,6,0,12,97,1,0,0,2096,619,0,0,0,0,0,0,0,0,0,0,0,0,0,3.4642857142857144,458110,45988,1980,183299,687397,Java,0.0,0.0,0.0,0.0,0.0,0.0,0.0,0.0,0.0,0.0,0.0,0.0,0.0,0.0,0.0,0.0,0.0,0.0,0.0,0.0,0.0,0.0,0.0,0.0,0.0,0.0,0.0,0.0,0.0,0.0,0.0,0.0,0.0,0.0,0.0,0.0,0.0,0.0,0.0,0.0,0.0,0.0,0.0,0.0,0.0,0.0,0.0,0.0,0.0,0.0,0.0,0.0,0.0,0,0,0,0,0,0,0
eclipse.platform.swt,,200,42,9,6,3,6,533,6,0,14,263,3,0,0,3362,2028,0,0,0,0,0,0,0,0,0,0,0,0,2,6.261904761904762,458741,46134,1983,183738,688613,Java,0.0,0.0,0.0,0.0,0.0,0.0,0.0,0.0,0.0,0.0,0.0,0.0,0.0,0.0,0.0,0.0,0.0,0.0,0.0,0.0,0.0,0.0,0.0,0.0,0.0,0.0,0.0,0.0,0.0,0.0,0.0,0.0,0.0,0.0,0.0,0.0,0.0,0.0,0.0,0.0,0.0,0.0,0.0,0.0,0.0,0.0,0.0,0.0,0.0,0.0,0.0,0.0,0.0,0,0,0,0,0,0,0
eclipse.platform.swt,,201,17,11,6,0,11,533,6,0,8,50,5,0,0,1039,278,0,0,0,0,0,0,0,0,0,0,0,0,2,2.9411764705882355,459333,46192,1988,183846,689371,Java,0.0,0.0,0.0,0.0,0.0,0.0,0.0,0.0,0.0,0.0,0.0,0.0,0.0,0.0,0.0,0.0,0.0,0.0,0.0,0.0,0.0,0.0,0.0,0.0,0.0,0.0,0.0,0.0,0.0,0.0,0.0,0.0,0.0,0.0,0.0,0.0,0.0,0.0,0.0,0.0,0.0,0.0,0.0,0.0,0.0,0.0,0.0,0.0,0.0,0.0,0.0,0.0,0.0,0,0,0,0,0,0,0
eclipse.platform.swt,,202,64,13,8,8,5,533,6,0,22,183,9,0,0,9620,3049,0,0,0,0,0,0,0,0,0,0,0,0,2,2.859375,463791,46686,1997,185418,695895,Java,0.0,0.0,0.0,0.0,0.0,0.0,0.0,0.0,0.0,0.0,0.0,0.0,0.0,0.0,0.0,0.0,0.0,0.0,0.0,0.0,0.0,0.0,0.0,0.0,0.0,0.0,0.0,0.0,0.0,0.0,0.0,0.0,0.0,0.0,0.0,0.0,0.0,0.0,0.0,0.0,0.0,0.0,0.0,0.0,0.0,0.0,0.0,0.0,0.0,0.0,0.0,0.0,0.0,0,0,0,0,0,0,0
eclipse.platform.swt,,203,55,15,10,10,5,528,6,0,17,177,9,0,1,3292,1356,0,0,0,0,0,0,0,0,0,0,0,0,3,3.2181818181818183,465040,46892,2006,185903,697835,Java,0.0,0.0,0.0,0.0,0.0,0.0,0.0,0.0,0.0,0.0,0.0,0.0,0.0,0.0,0.0,0.0,0.0,0.0,0.0,0.0,0.0,0.0,0.0,0.0,0.0,0.0,0.0,0.0,0.0,0.0,0.0,0.0,0.0,0.0,0.0,0.0,0.0,0.0,0.0,0.0,0.0,0.0,0.0,0.0,0.0,0.0,0.0,0.0,0.0,0.0,0.0,0.0,0.0,0,0,0,0,0,0,0
eclipse.platform.swt,,204,49,13,9,7,6,540,6,0,18,325,8,1,56,47729,46213,0,0,0,0,0,0,0,0,0,0,0,0,2,6.63265306122449,465174,46980,2013,187097,699251,Java,0.0,0.0,0.0,0.0,0.0,0.0,0.0,0.0,0.0,0.0,0.0,0.0,0.0,0.0,0.0,0.0,0.0,0.0,0.0,0.0,0.0,0.0,0.0,0.0,0.0,0.0,0.0,0.0,0.0,0.0,0.0,0.0,0.0,0.0,0.0,0.0,0.0,0.0,0.0,0.0,0.0,0.0,0.0,0.0,0.0,0.0,0.0,0.0,0.0,0.0,0.0,0.0,0.0,0,0,0,0,0,0,0
eclipse.platform.swt,,205,39,14,12,5,9,541,6,0,19,98,10,2,0,3471,851,0,0,0,0,0,0,0,0,0,0,0,0,2,2.5128205128205128,467063,47208,2020,187597,701868,Java,0.0,0.0,0.0,0.0,0.0,0.0,0.0,0.0,0.0,0.0,0.0,0.0,0.0,0.0,0.0,0.0,0.0,0.0,0.0,0.0,0.0,0.0,0.0,0.0,0.0,0.0,0.0,0.0,0.0,0.0,0.0,0.0,0.0,0.0,0.0,0.0,0.0,0.0,0.0,0.0,0.0,0.0,0.0,0.0,0.0,0.0,0.0,0.0,0.0,0.0,0.0,0.0,0.0,0,0,0,0,0,0,0
eclipse.platform.swt,,206,56,14,11,6,8,542,6,0,19,275,195,18,1,19871,14869,0,0,0,0,0,0,0,0,0,0,0,0,2,4.910714285714286,469101,48966,2200,189531,707598,Java,0.0,0.0,0.0,0.0,0.0,0.0,0.0,0.0,0.0,0.0,0.0,0.0,0.0,0.0,0.0,0.0,0.0,0.0,0.0,0.0,0.0,0.0,0.0,0.0,0.0,0.0,0.0,0.0,0.0,0.0,0.0,0.0,0.0,0.0,0.0,0.0,0.0,0.0,0.0,0.0,0.0,0.0,0.0,0.0,0.0,0.0,0.0,0.0,0.0,0.0,0.0,0.0,0.0,0,0,0,0,0,0,0
eclipse.platform.swt,,207,58,15,13,6,9,542,6,0,20,173,7,0,7,2007,1102,0,0,0,0,0,0,0,0,0,0,0,0,3,2.9827586206896552,469515,49033,2205,189953,708501,Java,0.0,0.0,0.0,0.0,0.0,0.0,0.0,0.0,0.0,0.0,0.0,0.0,0.0,0.0,0.0,0.0,0.0,0.0,0.0,0.0,0.0,0.0,0.0,0.0,0.0,0.0,0.0,0.0,0.0,0.0,0.0,0.0,0.0,0.0,0.0,0.0,0.0,0.0,0.0,0.0,0.0,0.0,0.0,0.0,0.0,0.0,0.0,0.0,0.0,0.0,0.0,0.0,0.0,0,0,0,0,0,0,0
eclipse.platform.swt,,208,20,8,7,4,4,542,6,0,13,85,3,0,0,878,322,0,0,0,0,0,0,0,0,0,0,0,0,1,4.25,469852,49064,2208,190141,709057,Java,0.0,0.0,0.0,0.0,0.0,0.0,0.0,0.0,0.0,0.0,0.0,0.0,0.0,0.0,0.0,0.0,0.0,0.0,0.0,0.0,0.0,0.0,0.0,0.0,0.0,0.0,0.0,0.0,0.0,0.0,0.0,0.0,0.0,0.0,0.0,0.0,0.0,0.0,0.0,0.0,0.0,0.0,0.0,0.0,0.0,0.0,0.0,0.0,0.0,0.0,0.0,0.0,0.0,0,0,0,0,0,0,0
eclipse.platform.swt,,209,49,12,8,5,7,542,6,0,20,178,12,1,0,3197,979,0,0,0,0,0,0,0,0,0,0,0,0,0,3.63265306122449,471421,49251,2219,190595,711267,Java,0.0,0.0,0.0,0.0,0.0,0.0,0.0,0.0,0.0,0.0,0.0,0.0,0.0,0.0,0.0,0.0,0.0,0.0,0.0,0.0,0.0,0.0,0.0,0.0,0.0,0.0,0.0,0.0,0.0,0.0,0.0,0.0,0.0,0.0,0.0,0.0,0.0,0.0,0.0,0.0,0.0,0.0,0.0,0.0,0.0,0.0,0.0,0.0,0.0,0.0,0.0,0.0,0.0,0,0,0,0,0,0,0
eclipse.platform.swt,,210,43,9,7,2,7,542,6,0,17,129,6,0,0,1671,521,0,0,0,0,0,0,0,0,0,0,0,0,1,3.0,472309,49375,2225,190727,712411,Java,0.0,0.0,0.0,0.0,0.0,0.0,0.0,0.0,0.0,0.0,0.0,0.0,0.0,0.0,0.0,0.0,0.0,0.0,0.0,0.0,0.0,0.0,0.0,0.0,0.0,0.0,0.0,0.0,0.0,0.0,0.0,0.0,0.0,0.0,0.0,0.0,0.0,0.0,0.0,0.0,0.0,0.0,0.0,0.0,0.0,0.0,0.0,0.0,0.0,0.0,0.0,0.0,0.0,0,0,0,0,0,0,0
eclipse.platform.swt,,211,40,12,11,7,5,543,6,0,17,2206,13,1,0,15560,6834,0,0,0,0,0,0,0,0,0,0,0,0,1,55.15,473910,49610,2237,197395,720915,Java,0.0,0.0,0.0,0.0,0.0,0.0,0.0,0.0,0.0,0.0,0.0,0.0,0.0,0.0,0.0,0.0,0.0,0.0,0.0,0.0,0.0,0.0,0.0,0.0,0.0,0.0,0.0,0.0,0.0,0.0,0.0,0.0,0.0,0.0,0.0,0.0,0.0,0.0,0.0,0.0,0.0,0.0,0.0,0.0,0.0,0.0,0.0,0.0,0.0,0.0,0.0,0.0,0.0,0,0,0,0,0,0,0
eclipse.platform.swt,,212,115,13,10,9,4,543,6,0,19,585,7,8,0,4756,14173,0,0,0,0,0,0,0,0,0,0,0,0,3,5.086956521739131,466116,49319,2236,196099,711534,Java,0.0,0.0,0.0,0.0,0.0,0.0,0.0,0.0,0.0,0.0,0.0,0.0,0.0,0.0,0.0,0.0,0.0,0.0,0.0,0.0,0.0,0.0,0.0,0.0,0.0,0.0,0.0,0.0,0.0,0.0,0.0,0.0,0.0,0.0,0.0,0.0,0.0,0.0,0.0,0.0,0.0,0.0,0.0,0.0,0.0,0.0,0.0,0.0,0.0,0.0,0.0,0.0,0.0,0,0,0,0,0,0,0
eclipse.platform.swt,,213,45,14,9,7,7,543,6,0,15,359,33,48,0,27820,35299,0,0,0,0,0,0,0,0,0,0,0,0,1,7.977777777777778,459851,48940,2221,195197,703988,Java,0.0,0.0,0.0,0.0,0.0,0.0,0.0,0.0,0.0,0.0,0.0,0.0,0.0,0.0,0.0,0.0,0.0,0.0,0.0,0.0,0.0,0.0,0.0,0.0,0.0,0.0,0.0,0.0,0.0,0.0,0.0,0.0,0.0,0.0,0.0,0.0,0.0,0.0,0.0,0.0,0.0,0.0,0.0,0.0,0.0,0.0,0.0,0.0,0.0,0.0,0.0,0.0,0.0,0,0,0,0,0,0,0
eclipse.platform.swt,,214,50,14,9,10,5,545,6,0,19,180,7,0,4,6061,1246,0,0,0,0,0,0,0,0,0,0,0,0,1,3.6,463276,49253,2227,196263,708792,Java,0.0,0.0,0.0,0.0,0.0,0.0,0.0,0.0,0.0,0.0,0.0,0.0,0.0,0.0,0.0,0.0,0.0,0.0,0.0,0.0,0.0,0.0,0.0,0.0,0.0,0.0,0.0,0.0,0.0,0.0,0.0,0.0,0.0,0.0,0.0,0.0,0.0,0.0,0.0,0.0,0.0,0.0,0.0,0.0,0.0,0.0,0.0,0.0,0.0,0.0,0.0,0.0,0.0,0,0,0,0,0,0,0
eclipse.platform.swt,,215,32,7,6,3,4,545,6,0,12,129,4,0,0,2560,911,0,0,0,0,0,0,0,0,0,0,0,0,1,4.03125,464563,49315,2231,196563,710441,Java,0.0,0.0,0.0,0.0,0.0,0.0,0.0,0.0,0.0,0.0,0.0,0.0,0.0,0.0,0.0,0.0,0.0,0.0,0.0,0.0,0.0,0.0,0.0,0.0,0.0,0.0,0.0,0.0,0.0,0.0,0.0,0.0,0.0,0.0,0.0,0.0,0.0,0.0,0.0,0.0,0.0,0.0,0.0,0.0,0.0,0.0,0.0,0.0,0.0,0.0,0.0,0.0,0.0,0,0,0,0,0,0,0
eclipse.platform.swt,,216,59,12,8,9,4,545,6,0,18,312,5,2,0,4424,2644,0,0,0,0,0,0,0,0,0,0,0,0,2,5.288135593220339,466064,49417,2234,196725,712206,Java,0.0,0.0,0.0,0.0,0.0,0.0,0.0,0.0,0.0,0.0,0.0,0.0,0.0,0.0,0.0,0.0,0.0,0.0,0.0,0.0,0.0,0.0,0.0,0.0,0.0,0.0,0.0,0.0,0.0,0.0,0.0,0.0,0.0,0.0,0.0,0.0,0.0,0.0,0.0,0.0,0.0,0.0,0.0,0.0,0.0,0.0,0.0,0.0,0.0,0.0,0.0,0.0,0.0,0,0,0,0,0,0,0
eclipse.platform.swt,,217,37,13,12,7,7,546,6,0,17,382,5,0,0,2311,1149,0,0,0,0,0,0,0,0,0,0,0,0,2,10.324324324324325,466906,49542,2239,196918,713366,Java,0.0,0.0,0.0,0.0,0.0,0.0,0.0,0.0,0.0,0.0,0.0,0.0,0.0,0.0,0.0,0.0,0.0,0.0,0.0,0.0,0.0,0.0,0.0,0.0,0.0,0.0,0.0,0.0,0.0,0.0,0.0,0.0,0.0,0.0,0.0,0.0,0.0,0.0,0.0,0.0,0.0,0.0,0.0,0.0,0.0,0.0,0.0,0.0,0.0,0.0,0.0,0.0,0.0,0,0,0,0,0,0,0
eclipse.platform.swt,,218,69,15,12,10,5,546,6,0,20,424,10,1,1,16435,15597,0,0,0,0,0,0,0,0,0,0,0,0,5,6.144927536231884,466601,49831,2248,197772,714204,Java,0.0,0.0,0.0,0.0,0.0,0.0,0.0,0.0,0.0,0.0,0.0,0.0,0.0,0.0,0.0,0.0,0.0,0.0,0.0,0.0,0.0,0.0,0.0,0.0,0.0,0.0,0.0,0.0,0.0,0.0,0.0,0.0,0.0,0.0,0.0,0.0,0.0,0.0,0.0,0.0,0.0,0.0,0.0,0.0,0.0,0.0,0.0,0.0,0.0,0.0,0.0,0.0,0.0,0,0,0,0,0,0,0
eclipse.platform.swt,,219,45,10,10,4,6,539,6,0,17,176,7,6,2,3452,4426,0,0,0,0,0,0,0,0,0,0,0,0,1,3.911111111111111,466258,49892,2249,197087,713237,Java,0.0,0.0,0.0,0.0,0.0,0.0,0.0,0.0,0.0,0.0,0.0,0.0,0.0,0.0,0.0,0.0,0.0,0.0,0.0,0.0,0.0,0.0,0.0,0.0,0.0,0.0,0.0,0.0,0.0,0.0,0.0,0.0,0.0,0.0,0.0,0.0,0.0,0.0,0.0,0.0,0.0,0.0,0.0,0.0,0.0,0.0,0.0,0.0,0.0,0.0,0.0,0.0,0.0,0,0,0,0,0,0,0
eclipse.platform.swt,,220,37,12,11,4,9,541,6,0,16,375,5,3,1,11225,16422,0,0,0,0,0,0,0,0,0,0,0,0,0,10.135135135135137,461679,49821,2251,196542,708042,Java,0.0,0.0,0.0,0.0,0.0,0.0,0.0,0.0,0.0,0.0,0.0,0.0,0.0,0.0,0.0,0.0,0.0,0.0,0.0,0.0,0.0,0.0,0.0,0.0,0.0,0.0,0.0,0.0,0.0,0.0,0.0,0.0,0.0,0.0,0.0,0.0,0.0,0.0,0.0,0.0,0.0,0.0,0.0,0.0,0.0,0.0,0.0,0.0,0.0,0.0,0.0,0.0,0.0,0,0,0,0,0,0,0
eclipse.platform.swt,,221,72,14,14,8,7,547,6,0,21,1290,40,18,2,23865,27829,0,0,0,0,0,0,0,0,0,0,0,0,0,17.916666666666668,456502,50029,2270,197485,704016,Java,0.0,0.0,0.0,0.0,0.0,0.0,0.0,0.0,0.0,0.0,0.0,0.0,0.0,0.0,0.0,0.0,0.0,0.0,0.0,0.0,0.0,0.0,0.0,0.0,0.0,0.0,0.0,0.0,0.0,0.0,0.0,0.0,0.0,0.0,0.0,0.0,0.0,0.0,0.0,0.0,0.0,0.0,0.0,0.0,0.0,0.0,0.0,0.0,0.0,0.0,0.0,0.0,0.0,0,0,0,0,0,0,0
eclipse.platform.swt,,222,21,8,8,2,6,547,6,0,14,34,7,0,4,991,111,0,0,0,0,0,0,0,0,0,0,0,0,0,1.619047619047619,457109,50126,2276,197658,704893,Java,0.0,0.0,0.0,0.0,0.0,0.0,0.0,0.0,0.0,0.0,0.0,0.0,0.0,0.0,0.0,0.0,0.0,0.0,0.0,0.0,0.0,0.0,0.0,0.0,0.0,0.0,0.0,0.0,0.0,0.0,0.0,0.0,0.0,0.0,0.0,0.0,0.0,0.0,0.0,0.0,0.0,0.0,0.0,0.0,0.0,0.0,0.0,0.0,0.0,0.0,0.0,0.0,0.0,0,0,0,0,0,0,0
eclipse.platform.swt,,223,25,11,9,6,5,548,7,0,16,59,4,0,0,1080,354,0,0,0,0,0,0,0,0,0,0,0,0,2,2.36,457644,50181,2280,197794,705619,Java,0.0,0.0,0.0,0.0,0.0,0.0,0.0,0.0,0.0,0.0,0.0,0.0,0.0,0.0,0.0,0.0,0.0,0.0,0.0,0.0,0.0,0.0,0.0,0.0,0.0,0.0,0.0,0.0,0.0,0.0,0.0,0.0,0.0,0.0,0.0,0.0,0.0,0.0,0.0,0.0,0.0,0.0,0.0,0.0,0.0,0.0,0.0,0.0,0.0,0.0,0.0,0.0,0.0,0,0,0,0,0,0,0
eclipse.platform.swt,,224,35,10,9,4,6,549,7,0,15,90,13,1,0,2118,1108,0,0,0,0,0,0,0,0,0,0,0,0,0,2.5714285714285716,458389,50309,2289,197933,706631,Java,0.0,0.0,0.0,0.0,0.0,0.0,0.0,0.0,0.0,0.0,0.0,0.0,0.0,0.0,0.0,0.0,0.0,0.0,0.0,0.0,0.0,0.0,0.0,0.0,0.0,0.0,0.0,0.0,0.0,0.0,0.0,0.0,0.0,0.0,0.0,0.0,0.0,0.0,0.0,0.0,0.0,0.0,0.0,0.0,0.0,0.0,0.0,0.0,0.0,0.0,0.0,0.0,0.0,0,0,0,0,0,0,0
eclipse.platform.swt,,225,33,14,12,6,7,549,7,0,14,85,9,1,0,921,500,0,0,0,0,0,0,0,0,0,0,0,0,2,2.5757575757575757,458600,50382,2295,198049,707031,Java,0.0,0.0,0.0,0.0,0.0,0.0,0.0,0.0,0.0,0.0,0.0,0.0,0.0,0.0,0.0,0.0,0.0,0.0,0.0,0.0,0.0,0.0,0.0,0.0,0.0,0.0,0.0,0.0,0.0,0.0,0.0,0.0,0.0,0.0,0.0,0.0,0.0,0.0,0.0,0.0,0.0,0.0,0.0,0.0,0.0,0.0,0.0,0.0,0.0,0.0,0.0,0.0,0.0,0,0,0,0,0,0,0
eclipse.platform.swt,,226,19,11,9,0,11,549,7,0,13,35,4,0,0,637,164,0,0,0,0,0,0,0,0,0,0,0,0,1,1.8421052631578947,458918,50456,2298,198130,707504,Java,0.0,0.0,0.0,0.0,0.0,0.0,0.0,0.0,0.0,0.0,0.0,0.0,0.0,0.0,0.0,0.0,0.0,0.0,0.0,0.0,0.0,0.0,0.0,0.0,0.0,0.0,0.0,0.0,0.0,0.0,0.0,0.0,0.0,0.0,0.0,0.0,0.0,0.0,0.0,0.0,0.0,0.0,0.0,0.0,0.0,0.0,0.0,0.0,0.0,0.0,0.0,0.0,0.0,0,0,0,0,0,0,0
eclipse.platform.swt,,227,50,11,11,5,7,549,7,0,16,300,1,1,0,4228,7761,0,0,0,0,0,0,0,0,0,0,0,0,2,6.0,455996,50279,2298,197717,703992,Java,0.0,0.0,0.0,0.0,0.0,0.0,0.0,0.0,0.0,0.0,0.0,0.0,0.0,0.0,0.0,0.0,0.0,0.0,0.0,0.0,0.0,0.0,0.0,0.0,0.0,0.0,0.0,0.0,0.0,0.0,0.0,0.0,0.0,0.0,0.0,0.0,0.0,0.0,0.0,0.0,0.0,0.0,0.0,0.0,0.0,0.0,0.0,0.0,0.0,0.0,0.0,0.0,0.0,0,0,0,0,0,0,0
eclipse.platform.swt,,228,49,8,8,4,5,549,7,0,17,310,2,11,0,15281,34576,0,0,0,0,0,0,0,0,0,0,0,0,2,6.326530612244898,438976,49836,2289,196774,685586,Java,0.0,0.0,0.0,0.0,0.0,0.0,0.0,0.0,0.0,0.0,0.0,0.0,0.0,0.0,0.0,0.0,0.0,0.0,0.0,0.0,0.0,0.0,0.0,0.0,0.0,0.0,0.0,0.0,0.0,0.0,0.0,0.0,0.0,0.0,0.0,0.0,0.0,0.0,0.0,0.0,0.0,0.0,0.0,0.0,0.0,0.0,0.0,0.0,0.0,0.0,0.0,0.0,0.0,0,0,0,0,0,0,0
eclipse.platform.swt,,229,22,9,9,3,7,549,7,0,12,91,2,1,0,844,1226,0,0,0,0,0,0,0,0,0,0,0,0,1,4.136363636363637,438730,49819,2290,196651,685200,Java,0.0,0.0,0.0,0.0,0.0,0.0,0.0,0.0,0.0,0.0,0.0,0.0,0.0,0.0,0.0,0.0,0.0,0.0,0.0,0.0,0.0,0.0,0.0,0.0,0.0,0.0,0.0,0.0,0.0,0.0,0.0,0.0,0.0,0.0,0.0,0.0,0.0,0.0,0.0,0.0,0.0,0.0,0.0,0.0,0.0,0.0,0.0,0.0,0.0,0.0,0.0,0.0,0.0,0,0,0,0,0,0,0
eclipse.platform.swt,,230,22,11,11,6,6,556,7,0,12,91,4,2,0,597,1106,0,0,0,0,0,0,0,0,0,0,0,0,1,4.136363636363637,438305,49838,2293,196575,684718,Java,0.0,0.0,0.0,0.0,0.0,0.0,0.0,0.0,0.0,0.0,0.0,0.0,0.0,0.0,0.0,0.0,0.0,0.0,0.0,0.0,0.0,0.0,0.0,0.0,0.0,0.0,0.0,0.0,0.0,0.0,0.0,0.0,0.0,0.0,0.0,0.0,0.0,0.0,0.0,0.0,0.0,0.0,0.0,0.0,0.0,0.0,0.0,0.0,0.0,0.0,0.0,0.0,0.0,0,0,0,0,0,0,0
eclipse.platform.swt,,231,14,9,7,0,9,556,7,0,11,27,0,0,0,408,80,0,0,0,0,0,0,0,0,0,0,0,0,1,1.9285714285714288,438518,49871,2293,196631,685020,Java,0.0,0.0,0.0,0.0,0.0,0.0,0.0,0.0,0.0,0.0,0.0,0.0,0.0,0.0,0.0,0.0,0.0,0.0,0.0,0.0,0.0,0.0,0.0,0.0,0.0,0.0,0.0,0.0,0.0,0.0,0.0,0.0,0.0,0.0,0.0,0.0,0.0,0.0,0.0,0.0,0.0,0.0,0.0,0.0,0.0,0.0,0.0,0.0,0.0,0.0,0.0,0.0,0.0,0,0,0,0,0,0,0
eclipse.platform.swt,,232,39,11,11,4,7,556,7,0,18,100,9,0,0,2789,556,0,0,0,0,0,0,0,0,0,0,0,0,0,2.5641025641025643,440209,50197,2301,196847,687253,Java,0.0,0.0,0.0,0.0,0.0,0.0,0.0,0.0,0.0,0.0,0.0,0.0,0.0,0.0,0.0,0.0,0.0,0.0,0.0,0.0,0.0,0.0,0.0,0.0,0.0,0.0,0.0,0.0,0.0,0.0,0.0,0.0,0.0,0.0,0.0,0.0,0.0,0.0,0.0,0.0,0.0,0.0,0.0,0.0,0.0,0.0,0.0,0.0,0.0,0.0,0.0,0.0,0.0,0,0,0,0,0,0,0
eclipse.platform.swt,,233,28,8,8,2,6,556,7,0,14,113,2,0,0,1520,1140,0,0,0,0,0,0,0,0,0,0,0,0,1,4.035714285714286,440273,50289,2303,197072,687634,Java,0.0,0.0,0.0,0.0,0.0,0.0,0.0,0.0,0.0,0.0,0.0,0.0,0.0,0.0,0.0,0.0,0.0,0.0,0.0,0.0,0.0,0.0,0.0,0.0,0.0,0.0,0.0,0.0,0.0,0.0,0.0,0.0,0.0,0.0,0.0,0.0,0.0,0.0,0.0,0.0,0.0,0.0,0.0,0.0,0.0,0.0,0.0,0.0,0.0,0.0,0.0,0.0,0.0,0,0,0,0,0,0,0
eclipse.platform.swt,,234,48,15,12,9,6,584,7,0,20,254,77,55,0,26261,11209,0,0,0,0,0,0,0,0,0,0,0,0,2,5.291666666666667,446287,50538,2299,197835,694660,Java,0.0,0.0,0.0,0.0,0.0,0.0,0.0,0.0,0.0,0.0,0.0,0.0,0.0,0.0,0.0,0.0,0.0,0.0,0.0,0.0,0.0,0.0,0.0,0.0,0.0,0.0,0.0,0.0,0.0,0.0,0.0,0.0,0.0,0.0,0.0,0.0,0.0,0.0,0.0,0.0,0.0,0.0,0.0,0.0,0.0,0.0,0.0,0.0,0.0,0.0,0.0,0.0,0.0,0,0,0,0,0,0,0
eclipse.platform.swt,,235,57,11,9,5,6,584,7,0,18,244,6,0,0,4275,1925,0,0,0,0,0,0,0,0,0,0,0,0,0,4.280701754385965,447628,51043,2305,198339,697010,Java,0.0,0.0,0.0,0.0,0.0,0.0,0.0,0.0,0.0,0.0,0.0,0.0,0.0,0.0,0.0,0.0,0.0,0.0,0.0,0.0,0.0,0.0,0.0,0.0,0.0,0.0,0.0,0.0,0.0,0.0,0.0,0.0,0.0,0.0,0.0,0.0,0.0,0.0,0.0,0.0,0.0,0.0,0.0,0.0,0.0,0.0,0.0,0.0,0.0,0.0,0.0,0.0,0.0,0,0,0,0,0,0,0
eclipse.platform.swt,,236,44,13,7,11,3,584,7,0,14,219,1,0,0,3315,1762,0,0,0,0,0,0,0,0,0,0,0,0,4,4.9772727272727275,448739,51317,2306,198507,698563,Java,0.0,0.0,0.0,0.0,0.0,0.0,0.0,0.0,0.0,0.0,0.0,0.0,0.0,0.0,0.0,0.0,0.0,0.0,0.0,0.0,0.0,0.0,0.0,0.0,0.0,0.0,0.0,0.0,0.0,0.0,0.0,0.0,0.0,0.0,0.0,0.0,0.0,0.0,0.0,0.0,0.0,0.0,0.0,0.0,0.0,0.0,0.0,0.0,0.0,0.0,0.0,0.0,0.0,0,0,0,0,0,0,0
eclipse.platform.swt,,237,25,9,9,3,6,584,7,0,11,60,3,0,0,1278,523,0,0,0,0,0,0,0,0,0,0,0,0,0,2.4,449204,51413,2309,198701,699318,Java,0.0,0.0,0.0,0.0,0.0,0.0,0.0,0.0,0.0,0.0,0.0,0.0,0.0,0.0,0.0,0.0,0.0,0.0,0.0,0.0,0.0,0.0,0.0,0.0,0.0,0.0,0.0,0.0,0.0,0.0,0.0,0.0,0.0,0.0,0.0,0.0,0.0,0.0,0.0,0.0,0.0,0.0,0.0,0.0,0.0,0.0,0.0,0.0,0.0,0.0,0.0,0.0,0.0,0,0,0,0,0,0,0
eclipse.platform.swt,,238,58,12,10,7,5,584,7,0,20,223,6,0,0,3929,1852,0,0,0,0,0,0,0,0,0,0,0,0,2,3.844827586206896,450486,51707,2315,199200,701393,Java,0.0,0.0,0.0,0.0,0.0,0.0,0.0,0.0,0.0,0.0,0.0,0.0,0.0,0.0,0.0,0.0,0.0,0.0,0.0,0.0,0.0,0.0,0.0,0.0,0.0,0.0,0.0,0.0,0.0,0.0,0.0,0.0,0.0,0.0,0.0,0.0,0.0,0.0,0.0,0.0,0.0,0.0,0.0,0.0,0.0,0.0,0.0,0.0,0.0,0.0,0.0,0.0,0.0,0,0,0,0,0,0,0
eclipse.platform.swt,,239,36,9,6,3,6,584,7,0,14,118,5,1,1,3826,813,0,0,0,0,0,0,0,0,0,0,0,0,0,3.2777777777777777,450960,51853,2317,199417,702230,Java,0.0,0.0,0.0,0.0,0.0,0.0,0.0,0.0,0.0,0.0,0.0,0.0,0.0,0.0,0.0,0.0,0.0,0.0,0.0,0.0,0.0,0.0,0.0,0.0,0.0,0.0,0.0,0.0,0.0,0.0,0.0,0.0,0.0,0.0,0.0,0.0,0.0,0.0,0.0,0.0,0.0,0.0,0.0,0.0,0.0,0.0,0.0,0.0,0.0,0.0,0.0,0.0,0.0,0,0,0,0,0,0,0
eclipse.platform.swt,,240,68,16,12,10,6,584,7,0,18,264,9,1,0,3947,2286,0,0,0,0,0,0,0,0,0,0,0,0,0,3.8823529411764706,451753,52101,2325,200027,703881,Java,0.0,0.0,0.0,0.0,0.0,0.0,0.0,0.0,0.0,0.0,0.0,0.0,0.0,0.0,0.0,0.0,0.0,0.0,0.0,0.0,0.0,0.0,0.0,0.0,0.0,0.0,0.0,0.0,0.0,0.0,0.0,0.0,0.0,0.0,0.0,0.0,0.0,0.0,0.0,0.0,0.0,0.0,0.0,0.0,0.0,0.0,0.0,0.0,0.0,0.0,0.0,0.0,0.0,0,0,0,0,0,0,0
eclipse.platform.swt,,241,32,9,8,0,9,586,7,0,14,141,37,0,0,3864,722,0,0,0,0,0,0,0,0,0,0,0,0,0,4.40625,453172,52601,2361,201058,706831,Java,0.0,0.0,0.0,0.0,0.0,0.0,0.0,0.0,0.0,0.0,0.0,0.0,0.0,0.0,0.0,0.0,0.0,0.0,0.0,0.0,0.0,0.0,0.0,0.0,0.0,0.0,0.0,0.0,0.0,0.0,0.0,0.0,0.0,0.0,0.0,0.0,0.0,0.0,0.0,0.0,0.0,0.0,0.0,0.0,0.0,0.0,0.0,0.0,0.0,0.0,0.0,0.0,0.0,0,0,0,0,0,0,0
eclipse.platform.swt,,242,40,6,6,2,4,581,7,0,17,290,1,2,45,2509,3728,0,0,0,0,0,0,0,0,0,0,0,0,0,7.25,452806,52609,2360,200205,705620,Java,0.0,0.0,0.0,0.0,0.0,0.0,0.0,0.0,0.0,0.0,0.0,0.0,0.0,0.0,0.0,0.0,0.0,0.0,0.0,0.0,0.0,0.0,0.0,0.0,0.0,0.0,0.0,0.0,0.0,0.0,0.0,0.0,0.0,0.0,0.0,0.0,0.0,0.0,0.0,0.0,0.0,0.0,0.0,0.0,0.0,0.0,0.0,0.0,0.0,0.0,0.0,0.0,0.0,0,0,0,0,0,0,0
eclipse.platform.swt,,243,40,11,8,7,4,581,7,0,16,145,1,1,1,2506,2379,0,0,0,0,0,0,0,0,0,0,0,0,1,3.625,453191,52619,2360,199937,705747,Java,0.0,0.0,0.0,0.0,0.0,0.0,0.0,0.0,0.0,0.0,0.0,0.0,0.0,0.0,0.0,0.0,0.0,0.0,0.0,0.0,0.0,0.0,0.0,0.0,0.0,0.0,0.0,0.0,0.0,0.0,0.0,0.0,0.0,0.0,0.0,0.0,0.0,0.0,0.0,0.0,0.0,0.0,0.0,0.0,0.0,0.0,0.0,0.0,0.0,0.0,0.0,0.0,0.0,0,0,0,0,0,0,0
eclipse.platform.swt,,244,29,8,7,3,5,581,7,0,12,264,0,0,0,4245,5127,0,0,0,0,0,0,0,0,0,0,0,0,0,9.10344827586207,452739,52617,2360,199509,704865,Java,0.0,0.0,0.0,0.0,0.0,0.0,0.0,0.0,0.0,0.0,0.0,0.0,0.0,0.0,0.0,0.0,0.0,0.0,0.0,0.0,0.0,0.0,0.0,0.0,0.0,0.0,0.0,0.0,0.0,0.0,0.0,0.0,0.0,0.0,0.0,0.0,0.0,0.0,0.0,0.0,0.0,0.0,0.0,0.0,0.0,0.0,0.0,0.0,0.0,0.0,0.0,0.0,0.0,0,0,0,0,0,0,0
eclipse.platform.swt,,245,32,11,7,6,5,581,7,0,15,123,5,0,1,1862,1216,0,0,0,0,0,0,0,0,0,0,0,0,2,3.84375,453157,52728,2365,199626,705511,Java,0.0,0.0,0.0,0.0,0.0,0.0,0.0,0.0,0.0,0.0,0.0,0.0,0.0,0.0,0.0,0.0,0.0,0.0,0.0,0.0,0.0,0.0,0.0,0.0,0.0,0.0,0.0,0.0,0.0,0.0,0.0,0.0,0.0,0.0,0.0,0.0,0.0,0.0,0.0,0.0,0.0,0.0,0.0,0.0,0.0,0.0,0.0,0.0,0.0,0.0,0.0,0.0,0.0,0,0,0,0,0,0,0
eclipse.platform.swt,,246,36,10,7,4,7,581,7,0,15,143,9,2,0,5851,3594,0,0,0,0,0,0,0,0,0,0,0,0,1,3.9722222222222223,454816,53042,2372,199910,707768,Java,0.0,0.0,0.0,0.0,0.0,0.0,0.0,0.0,0.0,0.0,0.0,0.0,0.0,0.0,0.0,0.0,0.0,0.0,0.0,0.0,0.0,0.0,0.0,0.0,0.0,0.0,0.0,0.0,0.0,0.0,0.0,0.0,0.0,0.0,0.0,0.0,0.0,0.0,0.0,0.0,0.0,0.0,0.0,0.0,0.0,0.0,0.0,0.0,0.0,0.0,0.0,0.0,0.0,0,0,0,0,0,0,0
eclipse.platform.swt,,247,35,12,9,3,9,581,7,0,13,135,1,0,10,2769,2244,0,0,0,0,0,0,0,0,0,0,0,0,1,3.857142857142857,455157,53160,2373,199972,708289,Java,0.0,0.0,0.0,0.0,0.0,0.0,0.0,0.0,0.0,0.0,0.0,0.0,0.0,0.0,0.0,0.0,0.0,0.0,0.0,0.0,0.0,0.0,0.0,0.0,0.0,0.0,0.0,0.0,0.0,0.0,0.0,0.0,0.0,0.0,0.0,0.0,0.0,0.0,0.0,0.0,0.0,0.0,0.0,0.0,0.0,0.0,0.0,0.0,0.0,0.0,0.0,0.0,0.0,0,0,0,0,0,0,0
eclipse.platform.swt,,248,33,14,8,7,7,581,7,0,14,135,7,0,1,3164,1269,0,0,0,0,0,0,0,0,0,0,0,0,0,4.090909090909091,455951,53388,2380,200844,710183,Java,0.0,0.0,0.0,0.0,0.0,0.0,0.0,0.0,0.0,0.0,0.0,0.0,0.0,0.0,0.0,0.0,0.0,0.0,0.0,0.0,0.0,0.0,0.0,0.0,0.0,0.0,0.0,0.0,0.0,0.0,0.0,0.0,0.0,0.0,0.0,0.0,0.0,0.0,0.0,0.0,0.0,0.0,0.0,0.0,0.0,0.0,0.0,0.0,0.0,0.0,0.0,0.0,0.0,0,0,0,0,0,0,0
eclipse.platform.swt,,249,25,10,7,2,8,545,7,0,15,72,3,76,0,1193,23251,0,0,0,0,0,0,0,0,0,0,0,0,0,2.88,444440,52584,2335,199246,696270,Java,0.0,0.0,0.0,0.0,0.0,0.0,0.0,0.0,0.0,0.0,0.0,0.0,0.0,0.0,0.0,0.0,0.0,0.0,0.0,0.0,0.0,0.0,0.0,0.0,0.0,0.0,0.0,0.0,0.0,0.0,0.0,0.0,0.0,0.0,0.0,0.0,0.0,0.0,0.0,0.0,0.0,0.0,0.0,0.0,0.0,0.0,0.0,0.0,0.0,0.0,0.0,0.0,0.0,0,0,0,0,0,0,0
eclipse.platform.swt,,250,29,11,6,5,6,546,7,0,15,102,1,0,4,1237,1207,0,0,0,0,0,0,0,0,0,0,0,0,0,3.5172413793103448,444444,52600,2336,199256,696300,Java,0.0,0.0,0.0,0.0,0.0,0.0,0.0,0.0,0.0,0.0,0.0,0.0,0.0,0.0,0.0,0.0,0.0,0.0,0.0,0.0,0.0,0.0,0.0,0.0,0.0,0.0,0.0,0.0,0.0,0.0,0.0,0.0,0.0,0.0,0.0,0.0,0.0,0.0,0.0,0.0,0.0,0.0,0.0,0.0,0.0,0.0,0.0,0.0,0.0,0.0,0.0,0.0,0.0,0,0,0,0,0,0,0
eclipse.platform.swt,,251,27,7,5,1,6,546,7,0,8,68,3,0,1,1608,548,0,0,0,0,0,0,0,0,0,0,0,0,1,2.5185185185185186,445014,52731,2339,199615,697360,Java,0.0,0.0,0.0,0.0,0.0,0.0,0.0,0.0,0.0,0.0,0.0,0.0,0.0,0.0,0.0,0.0,0.0,0.0,0.0,0.0,0.0,0.0,0.0,0.0,0.0,0.0,0.0,0.0,0.0,0.0,0.0,0.0,0.0,0.0,0.0,0.0,0.0,0.0,0.0,0.0,0.0,0.0,0.0,0.0,0.0,0.0,0.0,0.0,0.0,0.0,0.0,0.0,0.0,0,0,0,0,0,0,0
eclipse.platform.swt,,252,26,12,7,9,4,545,7,0,12,41,7,2,0,1177,471,0,0,0,0,0,0,0,0,0,0,0,0,2,1.5769230769230769,445446,52827,2343,199712,697985,Java,0.0,0.0,0.0,0.0,0.0,0.0,0.0,0.0,0.0,0.0,0.0,0.0,0.0,0.0,0.0,0.0,0.0,0.0,0.0,0.0,0.0,0.0,0.0,0.0,0.0,0.0,0.0,0.0,0.0,0.0,0.0,0.0,0.0,0.0,0.0,0.0,0.0,0.0,0.0,0.0,0.0,0.0,0.0,0.0,0.0,0.0,0.0,0.0,0.0,0.0,0.0,0.0,0.0,0,0,0,0,0,0,0
eclipse.platform.swt,,253,29,9,5,1,8,545,7,0,13,50,15,0,0,2020,668,0,0,0,0,0,0,0,0,0,0,0,0,0,1.7241379310344829,446349,52977,2351,200004,699330,Java,0.0,0.0,0.0,0.0,0.0,0.0,0.0,0.0,0.0,0.0,0.0,0.0,0.0,0.0,0.0,0.0,0.0,0.0,0.0,0.0,0.0,0.0,0.0,0.0,0.0,0.0,0.0,0.0,0.0,0.0,0.0,0.0,0.0,0.0,0.0,0.0,0.0,0.0,0.0,0.0,0.0,0.0,0.0,0.0,0.0,0.0,0.0,0.0,0.0,0.0,0.0,0.0,0.0,0,0,0,0,0,0,0
eclipse.platform.swt,,254,28,11,8,3,8,545,7,0,10,86,4,3,1,1592,2867,0,0,0,0,0,0,0,0,0,0,0,0,1,3.0714285714285716,445604,52871,2352,199640,698115,Java,0.0,0.0,0.0,0.0,0.0,0.0,0.0,0.0,0.0,0.0,0.0,0.0,0.0,0.0,0.0,0.0,0.0,0.0,0.0,0.0,0.0,0.0,0.0,0.0,0.0,0.0,0.0,0.0,0.0,0.0,0.0,0.0,0.0,0.0,0.0,0.0,0.0,0.0,0.0,0.0,0.0,0.0,0.0,0.0,0.0,0.0,0.0,0.0,0.0,0.0,0.0,0.0,0.0,0,0,0,0,0,0,0
eclipse.platform.swt,,255,32,12,9,6,5,545,7,0,17,97,10,0,0,2287,1209,0,0,0,0,0,0,0,0,0,0,0,0,2,3.03125,446232,53070,2360,199889,699191,Java,0.0,0.0,0.0,0.0,0.0,0.0,0.0,0.0,0.0,0.0,0.0,0.0,0.0,0.0,0.0,0.0,0.0,0.0,0.0,0.0,0.0,0.0,0.0,0.0,0.0,0.0,0.0,0.0,0.0,0.0,0.0,0.0,0.0,0.0,0.0,0.0,0.0,0.0,0.0,0.0,0.0,0.0,0.0,0.0,0.0,0.0,0.0,0.0,0.0,0.0,0.0,0.0,0.0,5,16,0,0,33,0,0
eclipse.platform.swt,,256,27,14,9,7,6,545,7,0,14,63,3,0,0,878,308,0,0,0,0,0,0,0,0,0,0,0,0,3,2.3333333333333335,446521,53110,2362,199966,699597,Java,0.0,0.0,0.0,0.0,0.0,0.0,0.0,0.0,0.0,0.0,0.0,0.0,0.0,0.0,0.0,0.0,0.0,0.0,0.0,0.0,0.0,0.0,0.0,0.0,0.0,0.0,0.0,0.0,0.0,0.0,0.0,0.0,0.0,0.0,0.0,0.0,0.0,0.0,0.0,0.0,0.0,0.0,0.0,0.0,0.0,0.0,0.0,0.0,0.0,0.0,0.0,0.0,0.0,2,5,0,11,40,0,0
eclipse.platform.swt,,257,16,7,5,0,6,545,7,0,9,37,0,0,0,367,566,0,0,0,0,0,0,0,0,0,0,0,0,0,2.3125,446292,53109,2362,199997,699398,Java,0.0,0.0,0.0,0.0,0.0,0.0,0.0,0.0,0.0,0.0,0.0,0.0,0.0,0.0,0.0,0.0,0.0,0.0,0.0,0.0,0.0,0.0,0.0,0.0,0.0,0.0,0.0,0.0,0.0,0.0,0.0,0.0,0.0,0.0,0.0,0.0,0.0,0.0,0.0,0.0,0.0,0.0,0.0,0.0,0.0,0.0,0.0,0.0,0.0,0.0,0.0,0.0,0.0,3,2,0,1,20,0,0
eclipse.platform.swt,,258,37,7,5,1,6,546,7,0,13,92,6,0,0,1505,1843,0,0,0,0,0,0,0,0,0,0,0,0,1,2.4864864864864864,445844,53203,2366,200014,699061,Java,0.0,0.0,0.0,0.0,0.0,0.0,0.0,0.0,0.0,0.0,0.0,0.0,0.0,0.0,0.0,0.0,0.0,0.0,0.0,0.0,0.0,0.0,0.0,0.0,0.0,0.0,0.0,0.0,0.0,0.0,0.0,0.0,0.0,0.0,0.0,0.0,0.0,0.0,0.0,0.0,0.0,0.0,0.0,0.0,0.0,0.0,0.0,0.0,0.0,0.0,0.0,0.0,0.0,5,2,0,3,21,0,0
eclipse.platform.swt,,259,20,7,4,1,6,547,8,0,10,81,2,0,1,841,719,0,0,0,0,0,0,0,0,0,0,0,0,0,4.05,445886,53241,2368,200056,699183,Java,0.0,0.0,0.0,0.0,0.0,0.0,0.0,0.0,0.0,0.0,0.0,0.0,0.0,0.0,0.0,0.0,0.0,0.0,0.0,0.0,0.0,0.0,0.0,0.0,0.0,0.0,0.0,0.0,0.0,0.0,0.0,0.0,0.0,0.0,0.0,0.0,0.0,0.0,0.0,0.0,0.0,0.0,0.0,0.0,0.0,0.0,0.0,0.0,0.0,0.0,0.0,0.0,0.0,2,3,0,5,22,0,0
eclipse.platform.swt,,260,33,8,8,1,6,547,8,0,15,88,2,1,1,1375,1116,0,0,0,0,0,0,0,0,0,0,0,0,1,2.6666666666666665,446010,53304,2369,200128,699442,Java,0.0,0.0,0.0,0.0,0.0,0.0,0.0,0.0,0.0,0.0,0.0,0.0,0.0,0.0,0.0,0.0,0.0,0.0,0.0,0.0,0.0,0.0,0.0,0.0,0.0,0.0,0.0,0.0,0.0,0.0,0.0,0.0,0.0,0.0,0.0,0.0,0.0,0.0,0.0,0.0,0.0,0.0,0.0,0.0,0.0,0.0,0.0,0.0,0.0,0.0,0.0,0.0,0.0,1,4,0,4,27,1,0
eclipse.platform.swt,,261,29,7,7,3,4,549,8,0,11,76,12,2,0,4298,1269,0,0,0,0,0,0,0,0,0,0,0,0,2,2.6206896551724137,448220,53527,2376,200685,702432,Java,0.0,0.0,0.0,0.0,0.0,0.0,0.0,0.0,0.0,0.0,0.0,0.0,0.0,0.0,0.0,0.0,0.0,0.0,0.0,0.0,0.0,0.0,0.0,0.0,0.0,0.0,0.0,0.0,0.0,0.0,0.0,0.0,0.0,0.0,0.0,0.0,0.0,0.0,0.0,0.0,0.0,0.0,0.0,0.0,0.0,0.0,0.0,0.0,0.0,0.0,0.0,0.0,0.0,1,5,0,7,18,1,0
eclipse.platform.swt,,262,16,5,6,0,6,549,8,0,7,27,7,0,0,1013,102,0,0,0,0,0,0,0,0,0,0,0,0,2,1.6875,449067,53629,2381,200860,703556,Java,0.0,0.0,0.0,0.0,0.0,0.0,0.0,0.0,0.0,0.0,0.0,0.0,0.0,0.0,0.0,0.0,0.0,0.0,0.0,0.0,0.0,0.0,0.0,0.0,0.0,0.0,0.0,0.0,0.0,0.0,0.0,0.0,0.0,0.0,0.0,0.0,0.0,0.0,0.0,0.0,0.0,0.0,0.0,0.0,0.0,0.0,0.0,0.0,0.0,0.0,0.0,0.0,0.0,1,0,0,1,10,0,0
eclipse.platform.swt,,263,10,8,5,0,8,549,8,0,8,27,0,0,0,121,60,0,0,0,0,0,0,0,0,0,0,0,0,0,2.7,449123,53633,2381,200862,703618,Java,0.0,0.0,0.0,0.0,0.0,0.0,0.0,0.0,0.0,0.0,0.0,0.0,0.0,0.0,0.0,0.0,0.0,0.0,0.0,0.0,0.0,0.0,0.0,0.0,0.0,0.0,0.0,0.0,0.0,0.0,0.0,0.0,0.0,0.0,0.0,0.0,0.0,0.0,0.0,0.0,0.0,0.0,0.0,0.0,0.0,0.0,0.0,0.0,0.0,0.0,0.0,0.0,0.0,2,4,0,2,17,1,0
eclipse.platform.swt,,264,4,3,3,0,2,549,8,0,3,8,1,0,0,263,73,0,0,0,0,0,0,0,0,0,0,0,0,2,2.0,449200,53642,2382,200966,703808,Java,0.0,0.0,0.0,0.0,0.0,0.0,0.0,0.0,0.0,0.0,0.0,0.0,0.0,0.0,0.0,0.0,0.0,0.0,0.0,0.0,0.0,0.0,0.0,0.0,0.0,0.0,0.0,0.0,0.0,0.0,0.0,0.0,0.0,0.0,0.0,0.0,0.0,0.0,0.0,0.0,0.0,0.0,0.0,0.0,0.0,0.0,0.0,0.0,0.0,0.0,0.0,0.0,0.0,3,4,0,4,4,0,0
eclipse.platform.swt,,265,3,3,2,0,3,549,8,0,2,5,0,0,0,23,10,0,0,0,0,0,0,0,0,0,0,0,0,0,1.6666666666666667,449208,53642,2382,200970,703820,Java,0.0,0.0,0.0,0.0,0.0,0.0,0.0,0.0,0.0,0.0,0.0,0.0,0.0,0.0,0.0,0.0,0.0,0.0,0.0,0.0,0.0,0.0,0.0,0.0,0.0,0.0,0.0,0.0,0.0,0.0,0.0,0.0,0.0,0.0,0.0,0.0,0.0,0.0,0.0,0.0,0.0,0.0,0.0,0.0,0.0,0.0,0.0,0.0,0.0,0.0,0.0,0.0,0.0,4,8,0,4,3,0,0
eclipse.platform.swt,,266,13,5,5,0,5,549,8,0,6,39,3,0,0,749,119,0,0,0,0,0,0,0,0,0,0,0,0,2,3.0,449644,53733,2384,201053,704430,Java,0.0,0.0,0.0,0.0,0.0,0.0,0.0,0.0,0.0,0.0,0.0,0.0,0.0,0.0,0.0,0.0,0.0,0.0,0.0,0.0,0.0,0.0,0.0,0.0,0.0,0.0,0.0,0.0,0.0,0.0,0.0,0.0,0.0,0.0,0.0,0.0,0.0,0.0,0.0,0.0,0.0,0.0,0.0,0.0,0.0,0.0,0.0,0.0,0.0,0.0,0.0,0.0,0.0,6,3,0,4,9,0,0
eclipse.platform.swt,,267,9,4,4,0,4,549,8,0,6,41,2,0,0,527,105,0,0,0,0,0,0,0,0,0,0,0,0,0,4.555555555555555,449896,53792,2386,201133,704821,Java,0.0,0.0,0.0,0.0,0.0,0.0,0.0,0.0,0.0,0.0,0.0,0.0,0.0,0.0,0.0,0.0,0.0,0.0,0.0,0.0,0.0,0.0,0.0,0.0,0.0,0.0,0.0,0.0,0.0,0.0,0.0,0.0,0.0,0.0,0.0,0.0,0.0,0.0,0.0,0.0,0.0,0.0,0.0,0.0,0.0,0.0,0.0,0.0,0.0,0.0,0.0,0.0,0.0,4,5,0,2,20,0,0
eclipse.platform.swt,,268,20,10,10,4,6,542,8,0,11,65,3,1,0,1162,4622,0,0,0,0,0,0,0,0,0,0,0,0,4,3.25,446440,53732,2388,201201,701373,Java,0.0,0.0,0.0,0.0,0.0,0.0,0.0,0.0,0.0,0.0,0.0,0.0,0.0,0.0,0.0,0.0,0.0,0.0,0.0,0.0,0.0,0.0,0.0,0.0,0.0,0.0,0.0,0.0,0.0,0.0,0.0,0.0,0.0,0.0,0.0,0.0,0.0,0.0,0.0,0.0,0.0,0.0,0.0,0.0,0.0,0.0,0.0,0.0,0.0,0.0,0.0,0.0,0.0,9,8,0,0,17,0,0
eclipse.platform.swt,,269,7,3,4,0,4,542,8,0,4,12,0,0,0,50,66,0,0,0,0,0,0,0,0,0,0,0,0,0,1.7142857142857142,446428,53729,2388,201200,701357,Java,0.0,0.0,0.0,0.0,0.0,0.0,0.0,0.0,0.0,0.0,0.0,0.0,0.0,0.0,0.0,0.0,0.0,0.0,0.0,0.0,0.0,0.0,0.0,0.0,0.0,0.0,0.0,0.0,0.0,0.0,0.0,0.0,0.0,0.0,0.0,0.0,0.0,0.0,0.0,0.0,0.0,0.0,0.0,0.0,0.0,0.0,0.0,0.0,0.0,0.0,0.0,0.0,0.0,3,2,0,0,17,0,0
eclipse.platform.swt,,270,22,5,5,1,4,542,8,0,11,44,2,0,0,747,278,0,0,0,0,0,0,0,0,0,0,0,0,0,2.0,446708,53790,2390,201328,701826,Java,0.0,0.0,0.0,0.0,0.0,0.0,0.0,0.0,0.0,0.0,0.0,0.0,0.0,0.0,0.0,0.0,0.0,0.0,0.0,0.0,0.0,0.0,0.0,0.0,0.0,0.0,0.0,0.0,0.0,0.0,0.0,0.0,0.0,0.0,0.0,0.0,0.0,0.0,0.0,0.0,0.0,0.0,0.0,0.0,0.0,0.0,0.0,0.0,0.0,0.0,0.0,0.0,0.0,4,3,0,3,22,0,0
eclipse.platform.swt,,271,3,2,2,0,2,542,8,0,2,6,0,0,0,15,11,0,0,0,0,0,0,0,0,0,0,0,0,1,2.0,446711,53789,2390,201330,701830,Java,0.0,0.0,0.0,0.0,0.0,0.0,0.0,0.0,0.0,0.0,0.0,0.0,0.0,0.0,0.0,0.0,0.0,0.0,0.0,0.0,0.0,0.0,0.0,0.0,0.0,0.0,0.0,0.0,0.0,0.0,0.0,0.0,0.0,0.0,0.0,0.0,0.0,0.0,0.0,0.0,0.0,0.0,0.0,0.0,0.0,0.0,0.0,0.0,0.0,0.0,0.0,0.0,0.0,3,3,0,0,7,1,0
eclipse.platform.swt,,272,8,6,5,0,6,542,8,0,5,13,0,0,0,87,27,0,0,0,0,0,0,0,0,0,0,0,0,1,1.625,446766,53796,2390,201328,701890,Java,0.0,0.0,0.0,0.0,0.0,0.0,0.0,0.0,0.0,0.0,0.0,0.0,0.0,0.0,0.0,0.0,0.0,0.0,0.0,0.0,0.0,0.0,0.0,0.0,0.0,0.0,0.0,0.0,0.0,0.0,0.0,0.0,0.0,0.0,0.0,0.0,0.0,0.0,0.0,0.0,0.0,0.0,0.0,0.0,0.0,0.0,0.0,0.0,0.0,0.0,0.0,0.0,0.0,4,2,0,3,18,1,0
eclipse.platform.swt,,273,4,3,1,0,3,542,8,0,3,35,0,0,0,41,81,0,0,0,0,0,0,0,0,0,0,0,0,0,8.75,446727,53795,2390,201328,701850,Java,0.0,0.0,0.0,0.0,0.0,0.0,0.0,0.0,0.0,0.0,0.0,0.0,0.0,0.0,0.0,0.0,0.0,0.0,0.0,0.0,0.0,0.0,0.0,0.0,0.0,0.0,0.0,0.0,0.0,0.0,0.0,0.0,0.0,0.0,0.0,0.0,0.0,0.0,0.0,0.0,0.0,0.0,0.0,0.0,0.0,0.0,0.0,0.0,0.0,0.0,0.0,0.0,0.0,4,3,0,1,15,1,0
eclipse.platform.swt,,274,8,6,5,0,6,542,8,0,5,93,0,0,0,54,222,0,0,0,0,0,0,0,0,0,0,0,0,2,11.625,446730,53796,2390,201156,701682,Java,0.0,0.0,0.0,0.0,0.0,0.0,0.0,0.0,0.0,0.0,0.0,0.0,0.0,0.0,0.0,0.0,0.0,0.0,0.0,0.0,0.0,0.0,0.0,0.0,0.0,0.0,0.0,0.0,0.0,0.0,0.0,0.0,0.0,0.0,0.0,0.0,0.0,0.0,0.0,0.0,0.0,0.0,0.0,0.0,0.0,0.0,0.0,0.0,0.0,0.0,0.0,0.0,0.0,1,2,0,10,17,0,0
eclipse.platform.swt,,275,13,8,7,0,8,542,8,0,7,53,1,0,0,641,202,0,0,0,0,0,0,0,0,0,0,0,0,1,4.076923076923077,447064,53835,2391,201189,702088,Java,0.0,0.0,0.0,0.0,0.0,0.0,0.0,0.0,0.0,0.0,0.0,0.0,0.0,0.0,0.0,0.0,0.0,0.0,0.0,0.0,0.0,0.0,0.0,0.0,0.0,0.0,0.0,0.0,0.0,0.0,0.0,0.0,0.0,0.0,0.0,0.0,0.0,0.0,0.0,0.0,0.0,0.0,0.0,0.0,0.0,0.0,0.0,0.0,0.0,0.0,0.0,0.0,0.0,2,4,0,6,23,1,0
eclipse.platform.swt,,276,12,8,8,0,8,564,8,0,7,39,34,0,31,1530,1260,0,0,0,0,0,0,0,0,0,0,0,0,2,3.25,447114,53883,2393,201267,702264,Java,0.0,0.0,0.0,0.0,0.0,0.0,0.0,0.0,0.0,0.0,0.0,0.0,0.0,0.0,0.0,0.0,0.0,0.0,0.0,0.0,0.0,0.0,0.0,0.0,0.0,0.0,0.0,0.0,0.0,0.0,0.0,0.0,0.0,0.0,0.0,0.0,0.0,0.0,0.0,0.0,0.0,0.0,0.0,0.0,0.0,0.0,0.0,0.0,0.0,0.0,0.0,0.0,0.0,3,3,0,0,19,1,0
eclipse.platform.swt,,277,30,10,10,6,4,564,8,0,16,109,5,11,37,2778,1692,0,0,0,0,0,0,0,0,0,0,0,0,1,3.6333333333333337,447832,54070,2394,201471,703373,Java,0.0,0.0,0.0,0.0,0.0,0.0,0.0,0.0,0.0,0.0,0.0,0.0,0.0,0.0,0.0,0.0,0.0,0.0,0.0,0.0,0.0,0.0,0.0,0.0,0.0,0.0,0.0,0.0,0.0,0.0,0.0,0.0,0.0,0.0,0.0,0.0,0.0,0.0,0.0,0.0,0.0,0.0,0.0,0.0,0.0,0.0,0.0,0.0,0.0,0.0,0.0,0.0,0.0,1,2,0,6,54,1,0
eclipse.platform.swt,,278,11,8,8,0,7,564,8,0,6,27,31,0,31,443,168,0,0,0,0,0,0,0,0,0,0,0,0,1,2.4545454545454546,447950,54082,2394,201523,703555,Java,0.0,0.0,0.0,0.0,0.0,0.0,0.0,0.0,0.0,0.0,0.0,0.0,0.0,0.0,0.0,0.0,0.0,0.0,0.0,0.0,0.0,0.0,0.0,0.0,0.0,0.0,0.0,0.0,0.0,0.0,0.0,0.0,0.0,0.0,0.0,0.0,0.0,0.0,0.0,0.0,0.0,0.0,0.0,0.0,0.0,0.0,0.0,0.0,0.0,0.0,0.0,0.0,0.0,4,4,0,4,26,2,0
eclipse.platform.swt,,279,21,10,7,6,4,566,8,0,12,273,13,35,121,1632,1728,0,0,0,0,0,0,0,0,0,0,0,0,3,13.0,447345,54103,2394,201798,703246,Java,0.0,0.0,0.0,0.0,0.0,0.0,0.0,0.0,0.0,0.0,0.0,0.0,0.0,0.0,0.0,0.0,0.0,0.0,0.0,0.0,0.0,0.0,0.0,0.0,0.0,0.0,0.0,0.0,0.0,0.0,0.0,0.0,0.0,0.0,0.0,0.0,0.0,0.0,0.0,0.0,0.0,0.0,0.0,0.0,0.0,0.0,0.0,0.0,0.0,0.0,0.0,0.0,0.0,3,3,0,7,37,3,0
eclipse.platform.swt,,280,20,11,7,7,4,573,8,0,8,99,22,8,99,2772,315,0,0,0,0,0,0,0,0,0,0,0,0,3,4.95,449021,54361,2408,202288,705670,Java,0.0,0.0,0.0,0.0,0.0,0.0,0.0,0.0,0.0,0.0,0.0,0.0,0.0,0.0,0.0,0.0,0.0,0.0,0.0,0.0,0.0,0.0,0.0,0.0,0.0,0.0,0.0,0.0,0.0,0.0,0.0,0.0,0.0,0.0,0.0,0.0,0.0,0.0,0.0,0.0,0.0,0.0,0.0,0.0,0.0,0.0,0.0,0.0,0.0,0.0,0.0,0.0,0.0,5,6,0,3,32,0,0
eclipse.platform.swt,,281,18,8,9,0,8,574,8,0,11,100,11,9,131,716,480,0,0,0,0,0,0,0,0,0,0,0,0,1,5.555555555555555,449212,54379,2410,202321,705912,Java,0.0,0.0,0.0,0.0,0.0,0.0,0.0,0.0,0.0,0.0,0.0,0.0,0.0,0.0,0.0,0.0,0.0,0.0,0.0,0.0,0.0,0.0,0.0,0.0,0.0,0.0,0.0,0.0,0.0,0.0,0.0,0.0,0.0,0.0,0.0,0.0,0.0,0.0,0.0,0.0,0.0,0.0,0.0,0.0,0.0,0.0,0.0,0.0,0.0,0.0,0.0,0.0,0.0,3,4,0,3,33,1,0
eclipse.platform.swt,,282,34,10,6,6,4,576,8,0,19,171,9,0,2,2573,1339,0,0,0,0,0,0,0,0,0,0,0,0,3,5.029411764705882,450112,54535,2419,202498,707145,Java,0.0,0.0,0.0,0.0,0.0,0.0,0.0,0.0,0.0,0.0,0.0,0.0,0.0,0.0,0.0,0.0,0.0,0.0,0.0,0.0,0.0,0.0,0.0,0.0,0.0,0.0,0.0,0.0,0.0,0.0,0.0,0.0,0.0,0.0,0.0,0.0,0.0,0.0,0.0,0.0,0.0,0.0,0.0,0.0,0.0,0.0,0.0,0.0,0.0,0.0,0.0,0.0,0.0,5,5,0,6,26,1,0
eclipse.platform.swt,,283,30,9,5,4,5,576,8,0,13,126,9,6,100,1780,1013,0,0,0,0,0,0,0,0,0,0,0,0,3,4.2,450690,54636,2420,202585,707911,Java,0.0,0.0,0.0,0.0,0.0,0.0,0.0,0.0,0.0,0.0,0.0,0.0,0.0,0.0,0.0,0.0,0.0,0.0,0.0,0.0,0.0,0.0,0.0,0.0,0.0,0.0,0.0,0.0,0.0,0.0,0.0,0.0,0.0,0.0,0.0,0.0,0.0,0.0,0.0,0.0,0.0,0.0,0.0,0.0,0.0,0.0,0.0,0.0,0.0,0.0,0.0,0.0,0.0,4,3,0,4,39,1,0
eclipse.platform.swt,,284,13,9,7,0,9,576,8,0,8,23,9,8,62,352,92,0,0,0,0,0,0,0,0,0,0,0,0,2,1.7692307692307692,450875,54663,2421,202633,708171,Java,0.0,0.0,0.0,0.0,0.0,0.0,0.0,0.0,0.0,0.0,0.0,0.0,0.0,0.0,0.0,0.0,0.0,0.0,0.0,0.0,0.0,0.0,0.0,0.0,0.0,0.0,0.0,0.0,0.0,0.0,0.0,0.0,0.0,0.0,0.0,0.0,0.0,0.0,0.0,0.0,0.0,0.0,0.0,0.0,0.0,0.0,0.0,0.0,0.0,0.0,0.0,0.0,0.0,5,3,0,4,35,2,0
eclipse.platform.swt,,285,19,8,7,0,8,578,8,0,9,37,10,0,70,968,292,0,0,0,0,0,0,0,0,0,0,0,0,1,1.9473684210526316,451371,54723,2424,202732,708826,Java,0.0,0.0,0.0,0.0,0.0,0.0,0.0,0.0,0.0,0.0,0.0,0.0,0.0,0.0,0.0,0.0,0.0,0.0,0.0,0.0,0.0,0.0,0.0,0.0,0.0,0.0,0.0,0.0,0.0,0.0,0.0,0.0,0.0,0.0,0.0,0.0,0.0,0.0,0.0,0.0,0.0,0.0,0.0,0.0,0.0,0.0,0.0,0.0,0.0,0.0,0.0,0.0,0.0,2,4,0,3,33,3,0
eclipse.platform.swt,,286,33,12,6,4,8,578,8,0,14,92,21,13,155,1938,689,0,0,0,0,0,0,0,0,0,0,0,0,2,2.787878787878788,452211,54838,2431,203026,710075,Java,0.0,0.0,0.0,0.0,0.0,0.0,0.0,0.0,0.0,0.0,0.0,0.0,0.0,0.0,0.0,0.0,0.0,0.0,0.0,0.0,0.0,0.0,0.0,0.0,0.0,0.0,0.0,0.0,0.0,0.0,0.0,0.0,0.0,0.0,0.0,0.0,0.0,0.0,0.0,0.0,0.0,0.0,0.0,0.0,0.0,0.0,0.0,0.0,0.0,0.0,0.0,0.0,0.0,6,3,0,3,44,1,0
eclipse.platform.swt,,287,18,11,7,0,11,577,7,0,7,118,9,7,77,1439,1513,0,0,0,0,0,0,0,0,0,0,0,0,0,6.555555555555555,452446,54834,2432,203166,710446,Java,0.0,0.0,0.0,0.0,0.0,0.0,0.0,0.0,0.0,0.0,0.0,0.0,0.0,0.0,0.0,0.0,0.0,0.0,0.0,0.0,0.0,0.0,0.0,0.0,0.0,0.0,0.0,0.0,0.0,0.0,0.0,0.0,0.0,0.0,0.0,0.0,0.0,0.0,0.0,0.0,0.0,0.0,0.0,0.0,0.0,0.0,0.0,0.0,0.0,0.0,0.0,0.0,0.0,0,2,5,2,27,1,0
eclipse.platform.swt,,288,34,12,7,7,6,577,7,0,12,60,1,0,43,1178,549,0,0,0,0,0,0,0,0,0,0,0,0,0,1.7647058823529411,452849,54935,2433,203219,711003,Java,0.0,0.0,0.0,0.0,0.0,0.0,0.0,0.0,0.0,0.0,0.0,0.0,0.0,0.0,0.0,0.0,0.0,0.0,0.0,0.0,0.0,0.0,0.0,0.0,0.0,0.0,0.0,0.0,0.0,0.0,0.0,0.0,0.0,0.0,0.0,0.0,0.0,0.0,0.0,0.0,0.0,0.0,0.0,0.0,0.0,0.0,0.0,0.0,0.0,0.0,0.0,0.0,0.0,6,4,5,3,33,0,0
eclipse.platform.swt,,289,50,12,8,8,4,577,7,0,21,129,14,5,213,2773,1410,0,0,0,0,0,0,0,0,0,0,0,0,1,2.58,453717,55082,2442,203567,712366,Java,0.0,0.0,0.0,0.0,0.0,0.0,0.0,0.0,0.0,0.0,0.0,0.0,0.0,0.0,0.0,0.0,0.0,0.0,0.0,0.0,0.0,0.0,0.0,0.0,0.0,0.0,0.0,0.0,0.0,0.0,0.0,0.0,0.0,0.0,0.0,0.0,0.0,0.0,0.0,0.0,0.0,0.0,0.0,0.0,0.0,0.0,0.0,0.0,0.0,0.0,0.0,0.0,0.0,5,4,9,5,50,0,0
eclipse.platform.swt,,290,30,8,5,1,7,577,7,0,8,57,10,9,206,1234,583,0,0,0,0,0,0,0,0,0,0,0,0,0,1.9,454179,55113,2443,203725,713017,Java,0.0,0.0,0.0,0.0,0.0,0.0,0.0,0.0,0.0,0.0,0.0,0.0,0.0,0.0,0.0,0.0,0.0,0.0,0.0,0.0,0.0,0.0,0.0,0.0,0.0,0.0,0.0,0.0,0.0,0.0,0.0,0.0,0.0,0.0,0.0,0.0,0.0,0.0,0.0,0.0,0.0,0.0,0.0,0.0,0.0,0.0,0.0,0.0,0.0,0.0,0.0,0.0,0.0,1,1,5,1,13,0,0
