project,status,measurement_month,commits,authors,committers,minor_contributors,major_contributors,directories,top_level_dirs,releases,active_days,files_modified,files_added,files_deleted,files_renamed,added_lines,deleted_lines,emails,devs,emails_thread_starter,emails_thread_starter_word_count,emails_thread_starter_characters,emails_threads,emails_threads_word_count,emails_threads_characters,emails_no_replies,emails_no_replies_word_count,emails_no_replies_characters,emails_jira,new_contributors,avg_files_modified_commit,code,blanks,files,comments,lines,programming_lang,most_complex_unit_loc,most_complex_unit_mcabe_index,total_number_of_files,number_of_files_main,lines_of_code_main,number_of_files_test,lines_of_code_test,test_vs_main_lines_of_code_percentage,number_of_files_generated,lines_of_code_generated,number_of_files_build_and_deployment,lines_of_code_build_and_deployment,negligible_risk_file_size_count,low_risk_file_size_count,medium_risk_file_size_count,high_risk_file_size_count,very_high_risk_file_size_count,negligible_risk_file_size_loc,low_risk_file_size_loc,medium_risk_file_size_loc,high_risk_file_size_loc,very_high_risk_file_size_loc,number_of_units,lines_of_code_in_units,lines_of_code_outside_units,unit_size_negligible_risk_loc,unit_size_negligible_risk_count,unit_size_low_risk_loc,unit_size_low_risk_count,unit_size_medium_risk_loc,unit_size_medium_risk_count,unit_size_high_risk_loc,unit_size_high_risk_count,unit_size_very_high_risk_loc,unit_size_very_high_risk_count,conditional_complexity_negligible_risk_loc,conditional_complexity_negligible_risk_count,conditional_complexity_low_risk_loc,conditional_complexity_low_risk_count,conditional_complexity_medium_risk_loc,conditional_complexity_medium_risk_count,conditional_complexity_high_risk_loc,conditional_complexity_high_risk_count,conditional_complexity_very_high_risk_loc,conditional_complexity_very_high_risk_count,conditional_complexity_high_plus_risk_count,conditional_complexity_high_plus_risk_loc,number_of_contributors,duplication_number_of_duplicates,duplication_number_of_files_with_duplicates,duplication_number_of_duplicated_lines,duplication_percentage,unit_duplicates_count,stars,forks,open_prs,closed_prs,merged_prs,stale_prs,deploys
eclipse.jdt.core,,1,36,1,1,0,1,95,18,0,5,1214,769,7,0,312094,144243,0,0,0,0,0,0,0,0,0,0,0,0,1,33.72222222222222,108294,8375,744,49740,166409,Java,0.0,0.0,0.0,0.0,0.0,0.0,0.0,0.0,0.0,0.0,0.0,0.0,0.0,0.0,0.0,0.0,0.0,0.0,0.0,0.0,0.0,0.0,0.0,0.0,0.0,0.0,0.0,0.0,0.0,0.0,0.0,0.0,0.0,0.0,0.0,0.0,0.0,0.0,0.0,0.0,0.0,0.0,0.0,0.0,0.0,0.0,0.0,0.0,0.0,0.0,0.0,0.0,0.0,0,0,0,0,0,0,0
eclipse.jdt.core,,2,33,1,1,0,1,104,18,0,13,119,5,0,2,10050,7441,0,0,0,0,0,0,0,0,0,0,0,0,0,3.606060606060606,110460,8616,749,49907,168983,Java,0.0,0.0,0.0,0.0,0.0,0.0,0.0,0.0,0.0,0.0,0.0,0.0,0.0,0.0,0.0,0.0,0.0,0.0,0.0,0.0,0.0,0.0,0.0,0.0,0.0,0.0,0.0,0.0,0.0,0.0,0.0,0.0,0.0,0.0,0.0,0.0,0.0,0.0,0.0,0.0,0.0,0.0,0.0,0.0,0.0,0.0,0.0,0.0,0.0,0.0,0.0,0.0,0.0,0,0,0,0,0,0,0
eclipse.jdt.core,,3,61,1,1,0,1,104,18,0,13,4005,61,52,5,159519,156898,0,0,0,0,0,0,0,0,0,0,0,0,0,65.65573770491804,111955,8791,752,50091,170837,Java,0.0,0.0,0.0,0.0,0.0,0.0,0.0,0.0,0.0,0.0,0.0,0.0,0.0,0.0,0.0,0.0,0.0,0.0,0.0,0.0,0.0,0.0,0.0,0.0,0.0,0.0,0.0,0.0,0.0,0.0,0.0,0.0,0.0,0.0,0.0,0.0,0.0,0.0,0.0,0.0,0.0,0.0,0.0,0.0,0.0,0.0,0.0,0.0,0.0,0.0,0.0,0.0,0.0,0,0,0,0,0,0,0
eclipse.jdt.core,,4,92,1,1,0,1,116,18,0,18,359,7,3,0,11716,10249,0,0,0,0,0,0,0,0,0,0,0,0,0,3.902173913043478,113259,9090,756,50230,172579,Java,0.0,0.0,0.0,0.0,0.0,0.0,0.0,0.0,0.0,0.0,0.0,0.0,0.0,0.0,0.0,0.0,0.0,0.0,0.0,0.0,0.0,0.0,0.0,0.0,0.0,0.0,0.0,0.0,0.0,0.0,0.0,0.0,0.0,0.0,0.0,0.0,0.0,0.0,0.0,0.0,0.0,0.0,0.0,0.0,0.0,0.0,0.0,0.0,0.0,0.0,0.0,0.0,0.0,0,0,0,0,0,0,0
eclipse.jdt.core,,5,109,1,1,0,1,120,18,0,25,391,9,3,0,13050,8437,0,0,0,0,0,0,0,0,0,0,0,0,0,3.5871559633027523,116554,9932,759,50478,176964,Java,0.0,0.0,0.0,0.0,0.0,0.0,0.0,0.0,0.0,0.0,0.0,0.0,0.0,0.0,0.0,0.0,0.0,0.0,0.0,0.0,0.0,0.0,0.0,0.0,0.0,0.0,0.0,0.0,0.0,0.0,0.0,0.0,0.0,0.0,0.0,0.0,0.0,0.0,0.0,0.0,0.0,0.0,0.0,0.0,0.0,0.0,0.0,0.0,0.0,0.0,0.0,0.0,0.0,0,0,0,0,0,0,0
eclipse.jdt.core,,6,159,1,1,0,1,121,18,0,25,648,27,8,4,13616,8810,0,0,0,0,0,0,0,0,0,0,0,0,0,4.0754716981132075,119972,10502,776,51038,181512,Java,0.0,0.0,0.0,0.0,0.0,0.0,0.0,0.0,0.0,0.0,0.0,0.0,0.0,0.0,0.0,0.0,0.0,0.0,0.0,0.0,0.0,0.0,0.0,0.0,0.0,0.0,0.0,0.0,0.0,0.0,0.0,0.0,0.0,0.0,0.0,0.0,0.0,0.0,0.0,0.0,0.0,0.0,0.0,0.0,0.0,0.0,0.0,0.0,0.0,0.0,0.0,0.0,0.0,0,0,0,0,0,0,0
eclipse.jdt.core,,7,84,3,3,0,3,121,18,0,15,312,1,0,0,2290,1757,0,0,0,0,0,0,0,0,0,0,0,0,2,3.7142857142857144,120275,10563,777,51149,181987,Java,0.0,0.0,0.0,0.0,0.0,0.0,0.0,0.0,0.0,0.0,0.0,0.0,0.0,0.0,0.0,0.0,0.0,0.0,0.0,0.0,0.0,0.0,0.0,0.0,0.0,0.0,0.0,0.0,0.0,0.0,0.0,0.0,0.0,0.0,0.0,0.0,0.0,0.0,0.0,0.0,0.0,0.0,0.0,0.0,0.0,0.0,0.0,0.0,0.0,0.0,0.0,0.0,0.0,0,0,0,0,0,0,0
eclipse.jdt.core,,8,145,5,5,2,3,122,18,0,19,454,92,1,1,27707,3256,0,0,0,0,0,0,0,0,0,0,0,0,2,3.1310344827586207,130304,12491,863,60992,203787,Java,0.0,0.0,0.0,0.0,0.0,0.0,0.0,0.0,0.0,0.0,0.0,0.0,0.0,0.0,0.0,0.0,0.0,0.0,0.0,0.0,0.0,0.0,0.0,0.0,0.0,0.0,0.0,0.0,0.0,0.0,0.0,0.0,0.0,0.0,0.0,0.0,0.0,0.0,0.0,0.0,0.0,0.0,0.0,0.0,0.0,0.0,0.0,0.0,0.0,0.0,0.0,0.0,0.0,0,0,0,0,0,0,0
eclipse.jdt.core,,9,179,4,4,1,3,119,18,0,20,628,8,124,23,19348,36592,0,0,0,0,0,0,0,0,0,0,0,0,0,3.5083798882681565,121408,12287,745,52510,186205,Java,0.0,0.0,0.0,0.0,0.0,0.0,0.0,0.0,0.0,0.0,0.0,0.0,0.0,0.0,0.0,0.0,0.0,0.0,0.0,0.0,0.0,0.0,0.0,0.0,0.0,0.0,0.0,0.0,0.0,0.0,0.0,0.0,0.0,0.0,0.0,0.0,0.0,0.0,0.0,0.0,0.0,0.0,0.0,0.0,0.0,0.0,0.0,0.0,0.0,0.0,0.0,0.0,0.0,0,0,0,0,0,0,0
eclipse.jdt.core,,10,220,6,6,3,3,125,18,0,22,806,20,2,4,13016,6252,0,0,0,0,0,0,0,0,0,0,0,0,1,3.663636363636363,125438,12890,762,54328,192656,Java,0.0,0.0,0.0,0.0,0.0,0.0,0.0,0.0,0.0,0.0,0.0,0.0,0.0,0.0,0.0,0.0,0.0,0.0,0.0,0.0,0.0,0.0,0.0,0.0,0.0,0.0,0.0,0.0,0.0,0.0,0.0,0.0,0.0,0.0,0.0,0.0,0.0,0.0,0.0,0.0,0.0,0.0,0.0,0.0,0.0,0.0,0.0,0.0,0.0,0.0,0.0,0.0,0.0,0,0,0,0,0,0,0
eclipse.jdt.core,,11,220,6,6,1,5,121,18,0,24,733,66,11,1,24820,8505,0,0,0,0,0,0,0,0,0,0,0,0,0,3.331818181818182,134444,14210,813,59427,208081,Java,0.0,0.0,0.0,0.0,0.0,0.0,0.0,0.0,0.0,0.0,0.0,0.0,0.0,0.0,0.0,0.0,0.0,0.0,0.0,0.0,0.0,0.0,0.0,0.0,0.0,0.0,0.0,0.0,0.0,0.0,0.0,0.0,0.0,0.0,0.0,0.0,0.0,0.0,0.0,0.0,0.0,0.0,0.0,0.0,0.0,0.0,0.0,0.0,0.0,0.0,0.0,0.0,0.0,0,0,0,0,0,0,0
eclipse.jdt.core,,12,237,6,6,1,5,125,18,0,23,1827,4,3,2,20901,13724,0,0,0,0,0,0,0,0,0,0,0,0,0,7.708860759493671,137003,14162,815,63886,215051,Java,0.0,0.0,0.0,0.0,0.0,0.0,0.0,0.0,0.0,0.0,0.0,0.0,0.0,0.0,0.0,0.0,0.0,0.0,0.0,0.0,0.0,0.0,0.0,0.0,0.0,0.0,0.0,0.0,0.0,0.0,0.0,0.0,0.0,0.0,0.0,0.0,0.0,0.0,0.0,0.0,0.0,0.0,0.0,0.0,0.0,0.0,0.0,0.0,0.0,0.0,0.0,0.0,0.0,0,0,0,0,0,0,0
eclipse.jdt.core,,13,82,5,5,0,5,125,18,0,16,279,0,1,0,2774,1622,0,0,0,0,0,0,0,0,0,0,0,0,0,3.402439024390244,137300,14177,814,64566,216043,Java,0.0,0.0,0.0,0.0,0.0,0.0,0.0,0.0,0.0,0.0,0.0,0.0,0.0,0.0,0.0,0.0,0.0,0.0,0.0,0.0,0.0,0.0,0.0,0.0,0.0,0.0,0.0,0.0,0.0,0.0,0.0,0.0,0.0,0.0,0.0,0.0,0.0,0.0,0.0,0.0,0.0,0.0,0.0,0.0,0.0,0.0,0.0,0.0,0.0,0.0,0.0,0.0,0.0,0,0,0,0,0,0,0
eclipse.jdt.core,,14,47,4,4,0,4,572,18,0,13,930,638,33,0,253194,217725,0,0,0,0,0,0,0,0,0,0,0,0,0,19.78723404255319,171766,17592,1398,70070,259428,Java,0.0,0.0,0.0,0.0,0.0,0.0,0.0,0.0,0.0,0.0,0.0,0.0,0.0,0.0,0.0,0.0,0.0,0.0,0.0,0.0,0.0,0.0,0.0,0.0,0.0,0.0,0.0,0.0,0.0,0.0,0.0,0.0,0.0,0.0,0.0,0.0,0.0,0.0,0.0,0.0,0.0,0.0,0.0,0.0,0.0,0.0,0.0,0.0,0.0,0.0,0.0,0.0,0.0,0,0,0,0,0,0,0
eclipse.jdt.core,,15,36,4,4,1,3,580,18,0,14,51,53,0,0,40098,377,0,0,0,0,0,0,0,0,0,0,0,0,0,1.4166666666666667,204645,20573,1449,73906,299124,Java,0.0,0.0,0.0,0.0,0.0,0.0,0.0,0.0,0.0,0.0,0.0,0.0,0.0,0.0,0.0,0.0,0.0,0.0,0.0,0.0,0.0,0.0,0.0,0.0,0.0,0.0,0.0,0.0,0.0,0.0,0.0,0.0,0.0,0.0,0.0,0.0,0.0,0.0,0.0,0.0,0.0,0.0,0.0,0.0,0.0,0.0,0.0,0.0,0.0,0.0,0.0,0.0,0.0,0,0,0,0,0,0,0
eclipse.jdt.core,,16,197,6,6,2,4,662,18,0,22,807,244,0,1,26737,7802,0,0,0,0,0,0,0,0,0,0,0,0,0,4.096446700507614,217649,21995,1663,77946,317590,Java,0.0,0.0,0.0,0.0,0.0,0.0,0.0,0.0,0.0,0.0,0.0,0.0,0.0,0.0,0.0,0.0,0.0,0.0,0.0,0.0,0.0,0.0,0.0,0.0,0.0,0.0,0.0,0.0,0.0,0.0,0.0,0.0,0.0,0.0,0.0,0.0,0.0,0.0,0.0,0.0,0.0,0.0,0.0,0.0,0.0,0.0,0.0,0.0,0.0,0.0,0.0,0.0,0.0,0,0,0,0,0,0,0
eclipse.jdt.core,,17,168,6,6,2,4,730,18,0,22,768,131,0,1,25501,10031,0,0,0,0,0,0,0,0,0,0,0,0,0,4.571428571428571,228750,23035,1783,80972,332757,Java,0.0,0.0,0.0,0.0,0.0,0.0,0.0,0.0,0.0,0.0,0.0,0.0,0.0,0.0,0.0,0.0,0.0,0.0,0.0,0.0,0.0,0.0,0.0,0.0,0.0,0.0,0.0,0.0,0.0,0.0,0.0,0.0,0.0,0.0,0.0,0.0,0.0,0.0,0.0,0.0,0.0,0.0,0.0,0.0,0.0,0.0,0.0,0.0,0.0,0.0,0.0,0.0,0.0,0,0,0,0,0,0,0
eclipse.jdt.core,,18,227,6,6,1,5,741,18,0,24,713,58,4,0,22970,11301,0,0,0,0,0,0,0,0,0,0,0,0,0,3.140969162995595,237680,24281,1834,82233,344194,Java,0.0,0.0,0.0,0.0,0.0,0.0,0.0,0.0,0.0,0.0,0.0,0.0,0.0,0.0,0.0,0.0,0.0,0.0,0.0,0.0,0.0,0.0,0.0,0.0,0.0,0.0,0.0,0.0,0.0,0.0,0.0,0.0,0.0,0.0,0.0,0.0,0.0,0.0,0.0,0.0,0.0,0.0,0.0,0.0,0.0,0.0,0.0,0.0,0.0,0.0,0.0,0.0,0.0,0,0,0,0,0,0,0
eclipse.jdt.core,,19,195,6,6,1,5,747,18,0,20,575,28,1,7,16279,6487,0,0,0,0,0,0,0,0,0,0,0,0,0,2.948717948717949,245280,24997,1861,83406,353683,Java,0.0,0.0,0.0,0.0,0.0,0.0,0.0,0.0,0.0,0.0,0.0,0.0,0.0,0.0,0.0,0.0,0.0,0.0,0.0,0.0,0.0,0.0,0.0,0.0,0.0,0.0,0.0,0.0,0.0,0.0,0.0,0.0,0.0,0.0,0.0,0.0,0.0,0.0,0.0,0.0,0.0,0.0,0.0,0.0,0.0,0.0,0.0,0.0,0.0,0.0,0.0,0.0,0.0,0,0,0,0,0,0,0
eclipse.jdt.core,,20,183,6,6,2,4,766,18,0,16,569,430,3,0,34061,4363,0,0,0,0,0,0,0,0,0,0,0,0,0,3.109289617486339,269653,27614,2285,85579,382846,Java,0.0,0.0,0.0,0.0,0.0,0.0,0.0,0.0,0.0,0.0,0.0,0.0,0.0,0.0,0.0,0.0,0.0,0.0,0.0,0.0,0.0,0.0,0.0,0.0,0.0,0.0,0.0,0.0,0.0,0.0,0.0,0.0,0.0,0.0,0.0,0.0,0.0,0.0,0.0,0.0,0.0,0.0,0.0,0.0,0.0,0.0,0.0,0.0,0.0,0.0,0.0,0.0,0.0,0,0,0,0,0,0,0
eclipse.jdt.core,,21,348,6,6,1,5,774,18,0,25,883,57,3,0,19352,8346,0,0,0,0,0,0,0,0,0,0,0,0,0,2.5373563218390807,278242,28411,2330,86860,393513,Java,0.0,0.0,0.0,0.0,0.0,0.0,0.0,0.0,0.0,0.0,0.0,0.0,0.0,0.0,0.0,0.0,0.0,0.0,0.0,0.0,0.0,0.0,0.0,0.0,0.0,0.0,0.0,0.0,0.0,0.0,0.0,0.0,0.0,0.0,0.0,0.0,0.0,0.0,0.0,0.0,0.0,0.0,0.0,0.0,0.0,0.0,0.0,0.0,0.0,0.0,0.0,0.0,0.0,0,0,0,0,0,0,0
eclipse.jdt.core,,22,188,6,6,1,5,783,18,0,22,1393,47,5,2,11316,6834,0,0,0,0,0,0,0,0,0,0,0,0,0,7.409574468085107,281498,28797,2367,87345,397640,Java,0.0,0.0,0.0,0.0,0.0,0.0,0.0,0.0,0.0,0.0,0.0,0.0,0.0,0.0,0.0,0.0,0.0,0.0,0.0,0.0,0.0,0.0,0.0,0.0,0.0,0.0,0.0,0.0,0.0,0.0,0.0,0.0,0.0,0.0,0.0,0.0,0.0,0.0,0.0,0.0,0.0,0.0,0.0,0.0,0.0,0.0,0.0,0.0,0.0,0.0,0.0,0.0,0.0,0,0,0,0,0,0,0
eclipse.jdt.core,,23,169,6,6,2,4,786,18,0,21,682,11,8,6,8495,9879,0,0,0,0,0,0,0,0,0,0,0,0,0,4.035502958579881,280064,28706,2365,87379,396149,Java,0.0,0.0,0.0,0.0,0.0,0.0,0.0,0.0,0.0,0.0,0.0,0.0,0.0,0.0,0.0,0.0,0.0,0.0,0.0,0.0,0.0,0.0,0.0,0.0,0.0,0.0,0.0,0.0,0.0,0.0,0.0,0.0,0.0,0.0,0.0,0.0,0.0,0.0,0.0,0.0,0.0,0.0,0.0,0.0,0.0,0.0,0.0,0.0,0.0,0.0,0.0,0.0,0.0,0,0,0,0,0,0,0
eclipse.jdt.core,,24,88,5,5,1,4,791,18,0,16,240,17,4,1,9487,2336,0,0,0,0,0,0,0,0,0,0,0,0,0,2.727272727272727,285724,29435,2379,88121,403280,Java,0.0,0.0,0.0,0.0,0.0,0.0,0.0,0.0,0.0,0.0,0.0,0.0,0.0,0.0,0.0,0.0,0.0,0.0,0.0,0.0,0.0,0.0,0.0,0.0,0.0,0.0,0.0,0.0,0.0,0.0,0.0,0.0,0.0,0.0,0.0,0.0,0.0,0.0,0.0,0.0,0.0,0.0,0.0,0.0,0.0,0.0,0.0,0.0,0.0,0.0,0.0,0.0,0.0,0,0,0,0,0,0,0
eclipse.jdt.core,,25,125,5,5,0,5,796,18,0,20,517,30,5,4,15960,10171,0,0,0,0,0,0,0,0,0,0,0,0,0,4.136,289591,29810,2393,89079,408480,Java,0.0,0.0,0.0,0.0,0.0,0.0,0.0,0.0,0.0,0.0,0.0,0.0,0.0,0.0,0.0,0.0,0.0,0.0,0.0,0.0,0.0,0.0,0.0,0.0,0.0,0.0,0.0,0.0,0.0,0.0,0.0,0.0,0.0,0.0,0.0,0.0,0.0,0.0,0.0,0.0,0.0,0.0,0.0,0.0,0.0,0.0,0.0,0.0,0.0,0.0,0.0,0.0,0.0,0,0,0,0,0,0,0
eclipse.jdt.core,,26,217,6,6,1,5,812,18,0,23,1092,35,14,0,21015,17010,0,0,0,0,0,0,0,0,0,0,0,0,0,5.032258064516129,292167,30409,2410,89721,412297,Java,0.0,0.0,0.0,0.0,0.0,0.0,0.0,0.0,0.0,0.0,0.0,0.0,0.0,0.0,0.0,0.0,0.0,0.0,0.0,0.0,0.0,0.0,0.0,0.0,0.0,0.0,0.0,0.0,0.0,0.0,0.0,0.0,0.0,0.0,0.0,0.0,0.0,0.0,0.0,0.0,0.0,0.0,0.0,0.0,0.0,0.0,0.0,0.0,0.0,0.0,0.0,0.0,0.0,0,0,0,0,0,0,0
eclipse.jdt.core,,27,47,5,5,0,5,817,18,0,13,183,14,2,0,3978,3675,0,0,0,0,0,0,0,0,0,0,0,0,0,3.893617021276596,292394,30457,2422,89930,412781,Java,0.0,0.0,0.0,0.0,0.0,0.0,0.0,0.0,0.0,0.0,0.0,0.0,0.0,0.0,0.0,0.0,0.0,0.0,0.0,0.0,0.0,0.0,0.0,0.0,0.0,0.0,0.0,0.0,0.0,0.0,0.0,0.0,0.0,0.0,0.0,0.0,0.0,0.0,0.0,0.0,0.0,0.0,0.0,0.0,0.0,0.0,0.0,0.0,0.0,0.0,0.0,0.0,0.0,0,0,0,0,0,0,0
eclipse.jdt.core,,28,257,5,5,1,4,827,18,0,21,800,51,2,3,22582,9897,0,0,0,0,0,0,0,0,0,0,0,0,0,3.11284046692607,302848,30876,2470,91138,424862,Java,0.0,0.0,0.0,0.0,0.0,0.0,0.0,0.0,0.0,0.0,0.0,0.0,0.0,0.0,0.0,0.0,0.0,0.0,0.0,0.0,0.0,0.0,0.0,0.0,0.0,0.0,0.0,0.0,0.0,0.0,0.0,0.0,0.0,0.0,0.0,0.0,0.0,0.0,0.0,0.0,0.0,0.0,0.0,0.0,0.0,0.0,0.0,0.0,0.0,0.0,0.0,0.0,0.0,0,0,0,0,0,0,0
eclipse.jdt.core,,29,226,6,6,2,4,1157,18,0,26,599,687,2,4,40695,11353,0,0,0,0,0,0,0,0,0,0,0,0,1,2.650442477876106,327998,32389,3152,93621,454008,Java,0.0,0.0,0.0,0.0,0.0,0.0,0.0,0.0,0.0,0.0,0.0,0.0,0.0,0.0,0.0,0.0,0.0,0.0,0.0,0.0,0.0,0.0,0.0,0.0,0.0,0.0,0.0,0.0,0.0,0.0,0.0,0.0,0.0,0.0,0.0,0.0,0.0,0.0,0.0,0.0,0.0,0.0,0.0,0.0,0.0,0.0,0.0,0.0,0.0,0.0,0.0,0.0,0.0,0,0,0,0,0,0,0
eclipse.jdt.core,,30,181,7,7,2,5,1185,18,0,23,659,71,11,17,16797,8684,0,0,0,0,0,0,0,0,0,0,0,0,0,3.6408839779005526,333389,33168,3212,95330,461887,Java,0.0,0.0,0.0,0.0,0.0,0.0,0.0,0.0,0.0,0.0,0.0,0.0,0.0,0.0,0.0,0.0,0.0,0.0,0.0,0.0,0.0,0.0,0.0,0.0,0.0,0.0,0.0,0.0,0.0,0.0,0.0,0.0,0.0,0.0,0.0,0.0,0.0,0.0,0.0,0.0,0.0,0.0,0.0,0.0,0.0,0.0,0.0,0.0,0.0,0.0,0.0,0.0,0.0,0,0,0,0,0,0,0
eclipse.jdt.core,,31,168,7,7,1,6,1258,18,0,25,963,173,29,12,28071,20987,0,0,0,0,0,0,0,0,0,0,0,0,0,5.732142857142857,339438,33583,3341,95637,468658,Java,0.0,0.0,0.0,0.0,0.0,0.0,0.0,0.0,0.0,0.0,0.0,0.0,0.0,0.0,0.0,0.0,0.0,0.0,0.0,0.0,0.0,0.0,0.0,0.0,0.0,0.0,0.0,0.0,0.0,0.0,0.0,0.0,0.0,0.0,0.0,0.0,0.0,0.0,0.0,0.0,0.0,0.0,0.0,0.0,0.0,0.0,0.0,0.0,0.0,0.0,0.0,0.0,0.0,0,0,0,0,0,0,0
eclipse.jdt.core,,32,107,6,6,1,5,1336,18,0,15,1392,145,2,0,17986,10362,0,0,0,0,0,0,0,0,0,0,0,0,0,13.009345794392525,343146,33858,3478,98418,475422,Java,0.0,0.0,0.0,0.0,0.0,0.0,0.0,0.0,0.0,0.0,0.0,0.0,0.0,0.0,0.0,0.0,0.0,0.0,0.0,0.0,0.0,0.0,0.0,0.0,0.0,0.0,0.0,0.0,0.0,0.0,0.0,0.0,0.0,0.0,0.0,0.0,0.0,0.0,0.0,0.0,0.0,0.0,0.0,0.0,0.0,0.0,0.0,0.0,0.0,0.0,0.0,0.0,0.0,0,0,0,0,0,0,0
eclipse.jdt.core,,33,159,6,6,0,6,1416,18,0,24,549,530,399,226,28810,21912,0,0,0,0,0,0,0,0,0,0,0,0,0,3.452830188679245,346293,34124,3581,101401,481818,Java,0.0,0.0,0.0,0.0,0.0,0.0,0.0,0.0,0.0,0.0,0.0,0.0,0.0,0.0,0.0,0.0,0.0,0.0,0.0,0.0,0.0,0.0,0.0,0.0,0.0,0.0,0.0,0.0,0.0,0.0,0.0,0.0,0.0,0.0,0.0,0.0,0.0,0.0,0.0,0.0,0.0,0.0,0.0,0.0,0.0,0.0,0.0,0.0,0.0,0.0,0.0,0.0,0.0,0,0,0,0,0,0,0
eclipse.jdt.core,,34,114,7,7,1,6,1451,18,0,25,622,89,8,33,32306,9947,0,0,0,0,0,0,0,0,0,0,0,0,0,5.456140350877193,357957,35555,3659,110476,503988,Java,0.0,0.0,0.0,0.0,0.0,0.0,0.0,0.0,0.0,0.0,0.0,0.0,0.0,0.0,0.0,0.0,0.0,0.0,0.0,0.0,0.0,0.0,0.0,0.0,0.0,0.0,0.0,0.0,0.0,0.0,0.0,0.0,0.0,0.0,0.0,0.0,0.0,0.0,0.0,0.0,0.0,0.0,0.0,0.0,0.0,0.0,0.0,0.0,0.0,0.0,0.0,0.0,0.0,0,0,0,0,0,0,0
eclipse.jdt.core,,35,187,8,8,4,4,1476,18,0,24,1054,91,9,16,45331,13254,0,0,0,0,0,0,0,0,0,0,0,0,1,5.636363636363637,379399,39850,3736,116754,536003,Java,0.0,0.0,0.0,0.0,0.0,0.0,0.0,0.0,0.0,0.0,0.0,0.0,0.0,0.0,0.0,0.0,0.0,0.0,0.0,0.0,0.0,0.0,0.0,0.0,0.0,0.0,0.0,0.0,0.0,0.0,0.0,0.0,0.0,0.0,0.0,0.0,0.0,0.0,0.0,0.0,0.0,0.0,0.0,0.0,0.0,0.0,0.0,0.0,0.0,0.0,0.0,0.0,0.0,0,0,0,0,0,0,0
eclipse.jdt.core,,36,264,8,8,1,7,1510,18,0,23,1051,73,12,2,26018,14738,0,0,0,0,0,0,0,0,0,0,0,0,0,3.981060606060606,385870,40646,3790,119953,546469,Java,0.0,0.0,0.0,0.0,0.0,0.0,0.0,0.0,0.0,0.0,0.0,0.0,0.0,0.0,0.0,0.0,0.0,0.0,0.0,0.0,0.0,0.0,0.0,0.0,0.0,0.0,0.0,0.0,0.0,0.0,0.0,0.0,0.0,0.0,0.0,0.0,0.0,0.0,0.0,0.0,0.0,0.0,0.0,0.0,0.0,0.0,0.0,0.0,0.0,0.0,0.0,0.0,0.0,0,0,0,0,0,0,0
eclipse.jdt.core,,37,129,6,6,0,6,1534,18,0,20,461,34,0,6,9848,6888,0,0,0,0,0,0,0,0,0,0,0,0,0,3.5736434108527133,388207,40879,3824,120138,549224,Java,0.0,0.0,0.0,0.0,0.0,0.0,0.0,0.0,0.0,0.0,0.0,0.0,0.0,0.0,0.0,0.0,0.0,0.0,0.0,0.0,0.0,0.0,0.0,0.0,0.0,0.0,0.0,0.0,0.0,0.0,0.0,0.0,0.0,0.0,0.0,0.0,0.0,0.0,0.0,0.0,0.0,0.0,0.0,0.0,0.0,0.0,0.0,0.0,0.0,0.0,0.0,0.0,0.0,0,0,0,0,0,0,0
eclipse.jdt.core,,38,102,8,8,2,6,1629,18,0,19,821,171,0,0,81665,19290,0,0,0,0,0,0,0,0,0,0,0,0,0,8.049019607843137,440006,44627,3988,126029,610662,Java,0.0,0.0,0.0,0.0,0.0,0.0,0.0,0.0,0.0,0.0,0.0,0.0,0.0,0.0,0.0,0.0,0.0,0.0,0.0,0.0,0.0,0.0,0.0,0.0,0.0,0.0,0.0,0.0,0.0,0.0,0.0,0.0,0.0,0.0,0.0,0.0,0.0,0.0,0.0,0.0,0.0,0.0,0.0,0.0,0.0,0.0,0.0,0.0,0.0,0.0,0.0,0.0,0.0,0,0,0,0,0,0,0
eclipse.jdt.core,,39,108,6,6,1,5,1645,18,0,20,307,26,0,0,9700,2404,0,0,0,0,0,0,0,0,0,0,0,0,0,2.842592592592593,445690,45068,4013,127093,617851,Java,0.0,0.0,0.0,0.0,0.0,0.0,0.0,0.0,0.0,0.0,0.0,0.0,0.0,0.0,0.0,0.0,0.0,0.0,0.0,0.0,0.0,0.0,0.0,0.0,0.0,0.0,0.0,0.0,0.0,0.0,0.0,0.0,0.0,0.0,0.0,0.0,0.0,0.0,0.0,0.0,0.0,0.0,0.0,0.0,0.0,0.0,0.0,0.0,0.0,0.0,0.0,0.0,0.0,0,0,0,0,0,0,0
eclipse.jdt.core,,40,163,8,8,3,5,1708,18,0,22,614,97,3,9,11190,5057,0,0,0,0,0,0,0,0,0,0,0,0,0,3.766871165644172,450346,45480,4098,127769,623595,Java,0.0,0.0,0.0,0.0,0.0,0.0,0.0,0.0,0.0,0.0,0.0,0.0,0.0,0.0,0.0,0.0,0.0,0.0,0.0,0.0,0.0,0.0,0.0,0.0,0.0,0.0,0.0,0.0,0.0,0.0,0.0,0.0,0.0,0.0,0.0,0.0,0.0,0.0,0.0,0.0,0.0,0.0,0.0,0.0,0.0,0.0,0.0,0.0,0.0,0.0,0.0,0.0,0.0,0,0,0,0,0,0,0
eclipse.jdt.core,,41,191,8,8,2,6,1773,18,0,24,787,428,4,29,127181,12399,0,0,0,0,0,0,0,0,0,0,0,0,0,4.12041884816754,534246,53597,4489,149198,737041,Java,0.0,0.0,0.0,0.0,0.0,0.0,0.0,0.0,0.0,0.0,0.0,0.0,0.0,0.0,0.0,0.0,0.0,0.0,0.0,0.0,0.0,0.0,0.0,0.0,0.0,0.0,0.0,0.0,0.0,0.0,0.0,0.0,0.0,0.0,0.0,0.0,0.0,0.0,0.0,0.0,0.0,0.0,0.0,0.0,0.0,0.0,0.0,0.0,0.0,0.0,0.0,0.0,0.0,0,0,0,0,0,0,0
eclipse.jdt.core,,42,264,13,13,6,5,1824,18,0,24,1111,93,6,3,29922,18854,0,0,0,0,0,0,0,0,0,0,0,0,6,4.208333333333333,544102,54423,4572,149337,747862,Java,0.0,0.0,0.0,0.0,0.0,0.0,0.0,0.0,0.0,0.0,0.0,0.0,0.0,0.0,0.0,0.0,0.0,0.0,0.0,0.0,0.0,0.0,0.0,0.0,0.0,0.0,0.0,0.0,0.0,0.0,0.0,0.0,0.0,0.0,0.0,0.0,0.0,0.0,0.0,0.0,0.0,0.0,0.0,0.0,0.0,0.0,0.0,0.0,0.0,0.0,0.0,0.0,0.0,0,0,0,0,0,0,0
eclipse.jdt.core,,43,431,8,8,3,5,1873,18,0,30,1699,117,12,22,59686,28046,0,0,0,0,0,0,0,0,0,0,0,0,0,3.9419953596287702,570753,56405,4674,151801,778959,Java,0.0,0.0,0.0,0.0,0.0,0.0,0.0,0.0,0.0,0.0,0.0,0.0,0.0,0.0,0.0,0.0,0.0,0.0,0.0,0.0,0.0,0.0,0.0,0.0,0.0,0.0,0.0,0.0,0.0,0.0,0.0,0.0,0.0,0.0,0.0,0.0,0.0,0.0,0.0,0.0,0.0,0.0,0.0,0.0,0.0,0.0,0.0,0.0,0.0,0.0,0.0,0.0,0.0,0,0,0,0,0,0,0
eclipse.jdt.core,,44,140,8,8,3,5,1864,18,0,21,481,19,37,3,16801,9289,0,0,0,0,0,0,0,0,0,0,0,0,0,3.4357142857142855,577088,56561,4654,152510,786159,Java,0.0,0.0,0.0,0.0,0.0,0.0,0.0,0.0,0.0,0.0,0.0,0.0,0.0,0.0,0.0,0.0,0.0,0.0,0.0,0.0,0.0,0.0,0.0,0.0,0.0,0.0,0.0,0.0,0.0,0.0,0.0,0.0,0.0,0.0,0.0,0.0,0.0,0.0,0.0,0.0,0.0,0.0,0.0,0.0,0.0,0.0,0.0,0.0,0.0,0.0,0.0,0.0,0.0,0,0,0,0,0,0,0
eclipse.jdt.core,,45,226,8,8,4,4,1883,18,0,26,801,52,6,13,27314,11372,0,0,0,0,0,0,0,0,0,0,0,0,0,3.5442477876106193,590567,57439,4699,153889,801895,Java,0.0,0.0,0.0,0.0,0.0,0.0,0.0,0.0,0.0,0.0,0.0,0.0,0.0,0.0,0.0,0.0,0.0,0.0,0.0,0.0,0.0,0.0,0.0,0.0,0.0,0.0,0.0,0.0,0.0,0.0,0.0,0.0,0.0,0.0,0.0,0.0,0.0,0.0,0.0,0.0,0.0,0.0,0.0,0.0,0.0,0.0,0.0,0.0,0.0,0.0,0.0,0.0,0.0,0,0,0,0,0,0,0
eclipse.jdt.core,,46,202,8,8,2,6,1895,18,0,24,2165,35,2,1,27825,13229,0,0,0,0,0,0,0,0,0,0,0,0,0,10.717821782178218,602231,58111,4726,155732,816074,Java,0.0,0.0,0.0,0.0,0.0,0.0,0.0,0.0,0.0,0.0,0.0,0.0,0.0,0.0,0.0,0.0,0.0,0.0,0.0,0.0,0.0,0.0,0.0,0.0,0.0,0.0,0.0,0.0,0.0,0.0,0.0,0.0,0.0,0.0,0.0,0.0,0.0,0.0,0.0,0.0,0.0,0.0,0.0,0.0,0.0,0.0,0.0,0.0,0.0,0.0,0.0,0.0,0.0,0,0,0,0,0,0,0
eclipse.jdt.core,,47,254,8,8,2,6,1948,18,0,27,955,167,6,0,43740,15168,0,0,0,0,0,0,0,0,0,0,0,0,0,3.7598425196850394,624164,60568,4875,159222,843954,Java,0.0,0.0,0.0,0.0,0.0,0.0,0.0,0.0,0.0,0.0,0.0,0.0,0.0,0.0,0.0,0.0,0.0,0.0,0.0,0.0,0.0,0.0,0.0,0.0,0.0,0.0,0.0,0.0,0.0,0.0,0.0,0.0,0.0,0.0,0.0,0.0,0.0,0.0,0.0,0.0,0.0,0.0,0.0,0.0,0.0,0.0,0.0,0.0,0.0,0.0,0.0,0.0,0.0,0,0,0,0,0,0,0
eclipse.jdt.core,,48,222,9,9,4,5,1970,18,0,28,1001,58,0,0,31894,15409,0,0,0,0,0,0,0,0,0,0,0,0,1,4.509009009009009,637514,61533,4924,160820,859867,Java,0.0,0.0,0.0,0.0,0.0,0.0,0.0,0.0,0.0,0.0,0.0,0.0,0.0,0.0,0.0,0.0,0.0,0.0,0.0,0.0,0.0,0.0,0.0,0.0,0.0,0.0,0.0,0.0,0.0,0.0,0.0,0.0,0.0,0.0,0.0,0.0,0.0,0.0,0.0,0.0,0.0,0.0,0.0,0.0,0.0,0.0,0.0,0.0,0.0,0.0,0.0,0.0,0.0,0,0,0,0,0,0,0
eclipse.jdt.core,,49,351,13,13,7,6,1959,18,0,24,1085,60,101,1,32477,10975,0,0,0,0,0,0,0,0,0,0,0,0,4,3.091168091168091,655244,62917,4874,162572,880733,Java,0.0,0.0,0.0,0.0,0.0,0.0,0.0,0.0,0.0,0.0,0.0,0.0,0.0,0.0,0.0,0.0,0.0,0.0,0.0,0.0,0.0,0.0,0.0,0.0,0.0,0.0,0.0,0.0,0.0,0.0,0.0,0.0,0.0,0.0,0.0,0.0,0.0,0.0,0.0,0.0,0.0,0.0,0.0,0.0,0.0,0.0,0.0,0.0,0.0,0.0,0.0,0.0,0.0,0,0,0,0,0,0,0
eclipse.jdt.core,,50,117,11,11,4,7,1980,18,0,20,423,47,0,2,12705,2820,0,0,0,0,0,0,0,0,0,0,0,0,0,3.6153846153846154,662821,63562,4914,163940,890323,Java,0.0,0.0,0.0,0.0,0.0,0.0,0.0,0.0,0.0,0.0,0.0,0.0,0.0,0.0,0.0,0.0,0.0,0.0,0.0,0.0,0.0,0.0,0.0,0.0,0.0,0.0,0.0,0.0,0.0,0.0,0.0,0.0,0.0,0.0,0.0,0.0,0.0,0.0,0.0,0.0,0.0,0.0,0.0,0.0,0.0,0.0,0.0,0.0,0.0,0.0,0.0,0.0,0.0,0,0,0,0,0,0,0
eclipse.jdt.core,,51,120,8,8,2,6,1986,18,0,22,570,49,6,1,12974,6373,0,0,0,0,0,0,0,0,0,0,0,0,0,4.75,667257,64055,4946,165234,896546,Java,0.0,0.0,0.0,0.0,0.0,0.0,0.0,0.0,0.0,0.0,0.0,0.0,0.0,0.0,0.0,0.0,0.0,0.0,0.0,0.0,0.0,0.0,0.0,0.0,0.0,0.0,0.0,0.0,0.0,0.0,0.0,0.0,0.0,0.0,0.0,0.0,0.0,0.0,0.0,0.0,0.0,0.0,0.0,0.0,0.0,0.0,0.0,0.0,0.0,0.0,0.0,0.0,0.0,0,0,0,0,0,0,0
eclipse.jdt.core,,52,102,9,9,3,6,1999,18,0,20,329,59,8,0,18557,3609,0,0,0,0,0,0,0,0,0,0,0,0,0,3.2254901960784315,679333,65121,4993,166910,911364,Java,0.0,0.0,0.0,0.0,0.0,0.0,0.0,0.0,0.0,0.0,0.0,0.0,0.0,0.0,0.0,0.0,0.0,0.0,0.0,0.0,0.0,0.0,0.0,0.0,0.0,0.0,0.0,0.0,0.0,0.0,0.0,0.0,0.0,0.0,0.0,0.0,0.0,0.0,0.0,0.0,0.0,0.0,0.0,0.0,0.0,0.0,0.0,0.0,0.0,0.0,0.0,0.0,0.0,0,0,0,0,0,0,0
eclipse.jdt.core,,53,141,9,9,5,4,2011,18,0,24,594,43,1,3,34224,16433,0,0,0,0,0,0,0,0,0,0,0,0,0,4.212765957446808,694133,65912,5035,168849,928894,Java,0.0,0.0,0.0,0.0,0.0,0.0,0.0,0.0,0.0,0.0,0.0,0.0,0.0,0.0,0.0,0.0,0.0,0.0,0.0,0.0,0.0,0.0,0.0,0.0,0.0,0.0,0.0,0.0,0.0,0.0,0.0,0.0,0.0,0.0,0.0,0.0,0.0,0.0,0.0,0.0,0.0,0.0,0.0,0.0,0.0,0.0,0.0,0.0,0.0,0.0,0.0,0.0,0.0,0,0,0,0,0,0,0
eclipse.jdt.core,,54,192,9,9,2,7,2021,18,0,24,840,80,14,4,43438,18562,0,0,0,0,0,0,0,0,0,0,0,0,0,4.375,711788,67465,5064,170561,949814,Java,0.0,0.0,0.0,0.0,0.0,0.0,0.0,0.0,0.0,0.0,0.0,0.0,0.0,0.0,0.0,0.0,0.0,0.0,0.0,0.0,0.0,0.0,0.0,0.0,0.0,0.0,0.0,0.0,0.0,0.0,0.0,0.0,0.0,0.0,0.0,0.0,0.0,0.0,0.0,0.0,0.0,0.0,0.0,0.0,0.0,0.0,0.0,0.0,0.0,0.0,0.0,0.0,0.0,0,0,0,0,0,0,0
eclipse.jdt.core,,55,201,11,11,6,5,2023,18,0,25,744,27,2,1,21682,10652,0,0,0,0,0,0,0,0,0,0,0,0,1,3.701492537313433,719918,68039,5085,172457,960414,Java,0.0,0.0,0.0,0.0,0.0,0.0,0.0,0.0,0.0,0.0,0.0,0.0,0.0,0.0,0.0,0.0,0.0,0.0,0.0,0.0,0.0,0.0,0.0,0.0,0.0,0.0,0.0,0.0,0.0,0.0,0.0,0.0,0.0,0.0,0.0,0.0,0.0,0.0,0.0,0.0,0.0,0.0,0.0,0.0,0.0,0.0,0.0,0.0,0.0,0.0,0.0,0.0,0.0,0,0,0,0,0,0,0
eclipse.jdt.core,,56,102,11,11,6,5,2026,18,0,15,517,33,2,0,13731,3562,0,0,0,0,0,0,0,0,0,0,0,0,0,5.068627450980392,725252,68664,5096,173514,967430,Java,0.0,0.0,0.0,0.0,0.0,0.0,0.0,0.0,0.0,0.0,0.0,0.0,0.0,0.0,0.0,0.0,0.0,0.0,0.0,0.0,0.0,0.0,0.0,0.0,0.0,0.0,0.0,0.0,0.0,0.0,0.0,0.0,0.0,0.0,0.0,0.0,0.0,0.0,0.0,0.0,0.0,0.0,0.0,0.0,0.0,0.0,0.0,0.0,0.0,0.0,0.0,0.0,0.0,0,0,0,0,0,0,0
eclipse.jdt.core,,57,270,11,11,4,7,2033,18,0,26,1213,81,14,1,52801,20670,0,0,0,0,0,0,0,0,0,0,0,0,0,4.492592592592593,752557,70120,5154,176278,998955,Java,0.0,0.0,0.0,0.0,0.0,0.0,0.0,0.0,0.0,0.0,0.0,0.0,0.0,0.0,0.0,0.0,0.0,0.0,0.0,0.0,0.0,0.0,0.0,0.0,0.0,0.0,0.0,0.0,0.0,0.0,0.0,0.0,0.0,0.0,0.0,0.0,0.0,0.0,0.0,0.0,0.0,0.0,0.0,0.0,0.0,0.0,0.0,0.0,0.0,0.0,0.0,0.0,0.0,0,0,0,0,0,0,0
eclipse.jdt.core,,58,278,9,9,3,6,2038,18,0,28,1236,14,2,7,28295,12737,0,0,0,0,0,0,0,0,0,0,0,0,0,4.446043165467626,766093,70526,5165,177615,1014234,Java,0.0,0.0,0.0,0.0,0.0,0.0,0.0,0.0,0.0,0.0,0.0,0.0,0.0,0.0,0.0,0.0,0.0,0.0,0.0,0.0,0.0,0.0,0.0,0.0,0.0,0.0,0.0,0.0,0.0,0.0,0.0,0.0,0.0,0.0,0.0,0.0,0.0,0.0,0.0,0.0,0.0,0.0,0.0,0.0,0.0,0.0,0.0,0.0,0.0,0.0,0.0,0.0,0.0,0,0,0,0,0,0,0
eclipse.jdt.core,,59,176,9,9,2,7,2045,18,0,24,1817,77,22,11,24811,12221,0,0,0,0,0,0,0,0,0,0,0,0,0,10.323863636363637,773027,71414,5227,182217,1026658,Java,0.0,0.0,0.0,0.0,0.0,0.0,0.0,0.0,0.0,0.0,0.0,0.0,0.0,0.0,0.0,0.0,0.0,0.0,0.0,0.0,0.0,0.0,0.0,0.0,0.0,0.0,0.0,0.0,0.0,0.0,0.0,0.0,0.0,0.0,0.0,0.0,0.0,0.0,0.0,0.0,0.0,0.0,0.0,0.0,0.0,0.0,0.0,0.0,0.0,0.0,0.0,0.0,0.0,0,0,0,0,0,0,0
eclipse.jdt.core,,60,149,11,11,5,6,2059,18,0,24,531,40,0,4,18105,6796,0,0,0,0,0,0,0,0,0,0,0,0,0,3.563758389261745,780495,71930,5257,183780,1036205,Java,0.0,0.0,0.0,0.0,0.0,0.0,0.0,0.0,0.0,0.0,0.0,0.0,0.0,0.0,0.0,0.0,0.0,0.0,0.0,0.0,0.0,0.0,0.0,0.0,0.0,0.0,0.0,0.0,0.0,0.0,0.0,0.0,0.0,0.0,0.0,0.0,0.0,0.0,0.0,0.0,0.0,0.0,0.0,0.0,0.0,0.0,0.0,0.0,0.0,0.0,0.0,0.0,0.0,0,0,0,0,0,0,0
eclipse.jdt.core,,61,60,8,8,3,5,2066,18,0,16,879,24,0,0,22047,18970,0,0,0,0,0,0,0,0,0,0,0,0,0,14.65,784135,72110,5265,184122,1040367,Java,0.0,0.0,0.0,0.0,0.0,0.0,0.0,0.0,0.0,0.0,0.0,0.0,0.0,0.0,0.0,0.0,0.0,0.0,0.0,0.0,0.0,0.0,0.0,0.0,0.0,0.0,0.0,0.0,0.0,0.0,0.0,0.0,0.0,0.0,0.0,0.0,0.0,0.0,0.0,0.0,0.0,0.0,0.0,0.0,0.0,0.0,0.0,0.0,0.0,0.0,0.0,0.0,0.0,0,0,0,0,0,0,0
eclipse.jdt.core,,62,120,8,8,1,7,2063,18,0,21,459,21,7,0,19448,8661,0,0,0,0,0,0,0,0,0,0,0,0,0,3.825,793331,72473,5276,185191,1050995,Java,0.0,0.0,0.0,0.0,0.0,0.0,0.0,0.0,0.0,0.0,0.0,0.0,0.0,0.0,0.0,0.0,0.0,0.0,0.0,0.0,0.0,0.0,0.0,0.0,0.0,0.0,0.0,0.0,0.0,0.0,0.0,0.0,0.0,0.0,0.0,0.0,0.0,0.0,0.0,0.0,0.0,0.0,0.0,0.0,0.0,0.0,0.0,0.0,0.0,0.0,0.0,0.0,0.0,0,0,0,0,0,0,0
eclipse.jdt.core,,63,47,9,9,3,6,2065,18,0,13,108,6,4,0,16248,1380,0,0,0,0,0,0,0,0,0,0,0,0,0,2.297872340425532,807982,72525,5278,185327,1065834,Java,0.0,0.0,0.0,0.0,0.0,0.0,0.0,0.0,0.0,0.0,0.0,0.0,0.0,0.0,0.0,0.0,0.0,0.0,0.0,0.0,0.0,0.0,0.0,0.0,0.0,0.0,0.0,0.0,0.0,0.0,0.0,0.0,0.0,0.0,0.0,0.0,0.0,0.0,0.0,0.0,0.0,0.0,0.0,0.0,0.0,0.0,0.0,0.0,0.0,0.0,0.0,0.0,0.0,0,0,0,0,0,0,0
eclipse.jdt.core,,64,45,7,7,2,5,2065,18,0,13,155,5,3,0,7222,2184,0,0,0,0,0,0,0,0,0,0,0,0,0,3.4444444444444446,812325,72685,5279,185707,1070717,Java,0.0,0.0,0.0,0.0,0.0,0.0,0.0,0.0,0.0,0.0,0.0,0.0,0.0,0.0,0.0,0.0,0.0,0.0,0.0,0.0,0.0,0.0,0.0,0.0,0.0,0.0,0.0,0.0,0.0,0.0,0.0,0.0,0.0,0.0,0.0,0.0,0.0,0.0,0.0,0.0,0.0,0.0,0.0,0.0,0.0,0.0,0.0,0.0,0.0,0.0,0.0,0.0,0.0,0,0,0,0,0,0,0
eclipse.jdt.core,,65,106,8,8,3,5,2079,19,0,20,343,36,4,0,12656,3648,0,0,0,0,0,0,0,0,0,0,0,0,0,3.2358490566037736,819422,73123,5297,186762,1079307,Java,0.0,0.0,0.0,0.0,0.0,0.0,0.0,0.0,0.0,0.0,0.0,0.0,0.0,0.0,0.0,0.0,0.0,0.0,0.0,0.0,0.0,0.0,0.0,0.0,0.0,0.0,0.0,0.0,0.0,0.0,0.0,0.0,0.0,0.0,0.0,0.0,0.0,0.0,0.0,0.0,0.0,0.0,0.0,0.0,0.0,0.0,0.0,0.0,0.0,0.0,0.0,0.0,0.0,0,0,0,0,0,0,0
eclipse.jdt.core,,66,149,6,6,1,5,2083,20,0,21,464,8,5,0,16159,5531,0,0,0,0,0,0,0,0,0,0,0,0,0,3.1140939597315436,828439,73706,5301,187459,1089604,Java,0.0,0.0,0.0,0.0,0.0,0.0,0.0,0.0,0.0,0.0,0.0,0.0,0.0,0.0,0.0,0.0,0.0,0.0,0.0,0.0,0.0,0.0,0.0,0.0,0.0,0.0,0.0,0.0,0.0,0.0,0.0,0.0,0.0,0.0,0.0,0.0,0.0,0.0,0.0,0.0,0.0,0.0,0.0,0.0,0.0,0.0,0.0,0.0,0.0,0.0,0.0,0.0,0.0,0,0,0,0,0,0,0
eclipse.jdt.core,,67,179,8,8,4,4,2108,20,0,25,553,54,0,0,16440,5220,0,0,0,0,0,0,0,0,0,0,0,0,0,3.089385474860335,837092,74300,5344,189022,1100414,Java,0.0,0.0,0.0,0.0,0.0,0.0,0.0,0.0,0.0,0.0,0.0,0.0,0.0,0.0,0.0,0.0,0.0,0.0,0.0,0.0,0.0,0.0,0.0,0.0,0.0,0.0,0.0,0.0,0.0,0.0,0.0,0.0,0.0,0.0,0.0,0.0,0.0,0.0,0.0,0.0,0.0,0.0,0.0,0.0,0.0,0.0,0.0,0.0,0.0,0.0,0.0,0.0,0.0,0,0,0,0,0,0,0
eclipse.jdt.core,,68,62,6,6,0,6,2146,20,0,17,185,56,1,7,10616,1682,0,0,0,0,0,0,0,0,0,0,0,0,0,2.9838709677419355,843054,75024,5376,190322,1108400,Java,0.0,0.0,0.0,0.0,0.0,0.0,0.0,0.0,0.0,0.0,0.0,0.0,0.0,0.0,0.0,0.0,0.0,0.0,0.0,0.0,0.0,0.0,0.0,0.0,0.0,0.0,0.0,0.0,0.0,0.0,0.0,0.0,0.0,0.0,0.0,0.0,0.0,0.0,0.0,0.0,0.0,0.0,0.0,0.0,0.0,0.0,0.0,0.0,0.0,0.0,0.0,0.0,0.0,0,0,0,0,0,0,0
eclipse.jdt.core,,69,130,9,9,4,5,2153,20,0,25,371,18,5,2,27823,16729,0,0,0,0,0,0,0,0,0,0,0,0,0,2.853846153846154,853183,75055,5389,190729,1118967,Java,0.0,0.0,0.0,0.0,0.0,0.0,0.0,0.0,0.0,0.0,0.0,0.0,0.0,0.0,0.0,0.0,0.0,0.0,0.0,0.0,0.0,0.0,0.0,0.0,0.0,0.0,0.0,0.0,0.0,0.0,0.0,0.0,0.0,0.0,0.0,0.0,0.0,0.0,0.0,0.0,0.0,0.0,0.0,0.0,0.0,0.0,0.0,0.0,0.0,0.0,0.0,0.0,0.0,0,0,0,0,0,0,0
eclipse.jdt.core,,70,149,9,9,2,7,2167,20,0,25,483,49,10,36,20630,10684,0,0,0,0,0,0,0,0,0,0,0,0,0,3.2416107382550337,860912,75690,5421,192011,1128613,Java,0.0,0.0,0.0,0.0,0.0,0.0,0.0,0.0,0.0,0.0,0.0,0.0,0.0,0.0,0.0,0.0,0.0,0.0,0.0,0.0,0.0,0.0,0.0,0.0,0.0,0.0,0.0,0.0,0.0,0.0,0.0,0.0,0.0,0.0,0.0,0.0,0.0,0.0,0.0,0.0,0.0,0.0,0.0,0.0,0.0,0.0,0.0,0.0,0.0,0.0,0.0,0.0,0.0,0,0,0,0,0,0,0
eclipse.jdt.core,,71,173,9,9,3,6,2198,20,0,27,980,72,12,1,38849,19254,0,0,0,0,0,0,0,0,0,0,0,0,0,5.664739884393064,875831,77075,5471,194830,1147736,Java,0.0,0.0,0.0,0.0,0.0,0.0,0.0,0.0,0.0,0.0,0.0,0.0,0.0,0.0,0.0,0.0,0.0,0.0,0.0,0.0,0.0,0.0,0.0,0.0,0.0,0.0,0.0,0.0,0.0,0.0,0.0,0.0,0.0,0.0,0.0,0.0,0.0,0.0,0.0,0.0,0.0,0.0,0.0,0.0,0.0,0.0,0.0,0.0,0.0,0.0,0.0,0.0,0.0,0,0,0,0,0,0,0
eclipse.jdt.core,,72,191,10,10,4,6,2210,20,0,30,1109,45,4,2,18796,6500,0,0,0,0,0,0,0,0,0,0,0,0,0,5.806282722513089,885380,77846,5512,196622,1159848,Java,0.0,0.0,0.0,0.0,0.0,0.0,0.0,0.0,0.0,0.0,0.0,0.0,0.0,0.0,0.0,0.0,0.0,0.0,0.0,0.0,0.0,0.0,0.0,0.0,0.0,0.0,0.0,0.0,0.0,0.0,0.0,0.0,0.0,0.0,0.0,0.0,0.0,0.0,0.0,0.0,0.0,0.0,0.0,0.0,0.0,0.0,0.0,0.0,0.0,0.0,0.0,0.0,0.0,0,0,0,0,0,0,0
eclipse.jdt.core,,73,93,9,9,3,6,2213,20,0,18,242,7,0,1,4376,1271,0,0,0,0,0,0,0,0,0,0,0,0,0,2.6021505376344085,887724,78024,5518,197011,1162759,Java,0.0,0.0,0.0,0.0,0.0,0.0,0.0,0.0,0.0,0.0,0.0,0.0,0.0,0.0,0.0,0.0,0.0,0.0,0.0,0.0,0.0,0.0,0.0,0.0,0.0,0.0,0.0,0.0,0.0,0.0,0.0,0.0,0.0,0.0,0.0,0.0,0.0,0.0,0.0,0.0,0.0,0.0,0.0,0.0,0.0,0.0,0.0,0.0,0.0,0.0,0.0,0.0,0.0,0,0,0,0,0,0,0
eclipse.jdt.core,,74,48,8,8,2,6,2227,20,0,10,138,21,0,0,3425,462,0,0,0,0,0,0,0,0,0,0,0,0,0,2.875,889976,78216,5526,197258,1165450,Java,0.0,0.0,0.0,0.0,0.0,0.0,0.0,0.0,0.0,0.0,0.0,0.0,0.0,0.0,0.0,0.0,0.0,0.0,0.0,0.0,0.0,0.0,0.0,0.0,0.0,0.0,0.0,0.0,0.0,0.0,0.0,0.0,0.0,0.0,0.0,0.0,0.0,0.0,0.0,0.0,0.0,0.0,0.0,0.0,0.0,0.0,0.0,0.0,0.0,0.0,0.0,0.0,0.0,0,0,0,0,0,0,0
eclipse.jdt.core,,75,85,8,8,4,4,2240,20,0,22,271,23,2,0,9861,4837,0,0,0,0,0,0,0,0,0,0,0,0,0,3.1882352941176473,893976,78469,5547,197906,1170351,Java,0.0,0.0,0.0,0.0,0.0,0.0,0.0,0.0,0.0,0.0,0.0,0.0,0.0,0.0,0.0,0.0,0.0,0.0,0.0,0.0,0.0,0.0,0.0,0.0,0.0,0.0,0.0,0.0,0.0,0.0,0.0,0.0,0.0,0.0,0.0,0.0,0.0,0.0,0.0,0.0,0.0,0.0,0.0,0.0,0.0,0.0,0.0,0.0,0.0,0.0,0.0,0.0,0.0,0,0,0,0,0,0,0
eclipse.jdt.core,,76,65,6,6,1,5,2247,20,0,21,240,12,0,2,13015,8228,0,0,0,0,0,0,0,0,0,0,0,0,0,3.692307692307693,896988,78632,5558,199113,1174733,Java,0.0,0.0,0.0,0.0,0.0,0.0,0.0,0.0,0.0,0.0,0.0,0.0,0.0,0.0,0.0,0.0,0.0,0.0,0.0,0.0,0.0,0.0,0.0,0.0,0.0,0.0,0.0,0.0,0.0,0.0,0.0,0.0,0.0,0.0,0.0,0.0,0.0,0.0,0.0,0.0,0.0,0.0,0.0,0.0,0.0,0.0,0.0,0.0,0.0,0.0,0.0,0.0,0.0,0,0,0,0,0,0,0
eclipse.jdt.core,,77,86,8,8,3,5,2256,20,0,20,293,18,2,0,9048,3937,0,0,0,0,0,0,0,0,0,0,0,0,0,3.4069767441860463,901264,78815,5571,199600,1179679,Java,0.0,0.0,0.0,0.0,0.0,0.0,0.0,0.0,0.0,0.0,0.0,0.0,0.0,0.0,0.0,0.0,0.0,0.0,0.0,0.0,0.0,0.0,0.0,0.0,0.0,0.0,0.0,0.0,0.0,0.0,0.0,0.0,0.0,0.0,0.0,0.0,0.0,0.0,0.0,0.0,0.0,0.0,0.0,0.0,0.0,0.0,0.0,0.0,0.0,0.0,0.0,0.0,0.0,0,0,0,0,0,0,0
eclipse.jdt.core,,78,110,10,10,4,6,2265,20,0,24,433,32,8,1,15608,4254,0,0,0,0,0,0,0,0,0,0,0,0,1,3.936363636363637,910350,79395,5592,200922,1190667,Java,0.0,0.0,0.0,0.0,0.0,0.0,0.0,0.0,0.0,0.0,0.0,0.0,0.0,0.0,0.0,0.0,0.0,0.0,0.0,0.0,0.0,0.0,0.0,0.0,0.0,0.0,0.0,0.0,0.0,0.0,0.0,0.0,0.0,0.0,0.0,0.0,0.0,0.0,0.0,0.0,0.0,0.0,0.0,0.0,0.0,0.0,0.0,0.0,0.0,0.0,0.0,0.0,0.0,0,0,0,0,0,0,0
eclipse.jdt.core,,79,107,10,10,4,6,2274,20,0,22,373,28,0,0,14929,4267,0,0,0,0,0,0,0,0,0,0,0,0,0,3.485981308411215,919238,79794,5616,201900,1200932,Java,0.0,0.0,0.0,0.0,0.0,0.0,0.0,0.0,0.0,0.0,0.0,0.0,0.0,0.0,0.0,0.0,0.0,0.0,0.0,0.0,0.0,0.0,0.0,0.0,0.0,0.0,0.0,0.0,0.0,0.0,0.0,0.0,0.0,0.0,0.0,0.0,0.0,0.0,0.0,0.0,0.0,0.0,0.0,0.0,0.0,0.0,0.0,0.0,0.0,0.0,0.0,0.0,0.0,0,0,0,0,0,0,0
eclipse.jdt.core,,80,53,8,8,3,5,2283,20,0,20,153,26,1,0,5054,2243,0,0,0,0,0,0,0,0,0,0,0,0,0,2.8867924528301887,921598,79874,5637,202191,1203663,Java,0.0,0.0,0.0,0.0,0.0,0.0,0.0,0.0,0.0,0.0,0.0,0.0,0.0,0.0,0.0,0.0,0.0,0.0,0.0,0.0,0.0,0.0,0.0,0.0,0.0,0.0,0.0,0.0,0.0,0.0,0.0,0.0,0.0,0.0,0.0,0.0,0.0,0.0,0.0,0.0,0.0,0.0,0.0,0.0,0.0,0.0,0.0,0.0,0.0,0.0,0.0,0.0,0.0,0,0,0,0,0,0,0
eclipse.jdt.core,,81,81,8,8,0,8,2295,20,0,22,357,33,0,1,14063,5098,0,0,0,0,0,0,0,0,0,0,0,0,0,4.407407407407407,928958,80573,5669,202944,1212475,Java,0.0,0.0,0.0,0.0,0.0,0.0,0.0,0.0,0.0,0.0,0.0,0.0,0.0,0.0,0.0,0.0,0.0,0.0,0.0,0.0,0.0,0.0,0.0,0.0,0.0,0.0,0.0,0.0,0.0,0.0,0.0,0.0,0.0,0.0,0.0,0.0,0.0,0.0,0.0,0.0,0.0,0.0,0.0,0.0,0.0,0.0,0.0,0.0,0.0,0.0,0.0,0.0,0.0,0,0,0,0,0,0,0
eclipse.jdt.core,,82,63,10,10,5,5,2302,20,0,18,353,25,0,1,18996,6591,0,0,0,0,0,0,0,0,0,0,0,0,0,5.603174603174603,939418,81240,5694,203997,1224655,Java,0.0,0.0,0.0,0.0,0.0,0.0,0.0,0.0,0.0,0.0,0.0,0.0,0.0,0.0,0.0,0.0,0.0,0.0,0.0,0.0,0.0,0.0,0.0,0.0,0.0,0.0,0.0,0.0,0.0,0.0,0.0,0.0,0.0,0.0,0.0,0.0,0.0,0.0,0.0,0.0,0.0,0.0,0.0,0.0,0.0,0.0,0.0,0.0,0.0,0.0,0.0,0.0,0.0,0,0,0,0,0,0,0
eclipse.jdt.core,,83,95,9,9,2,7,2310,20,0,23,359,29,0,0,16443,3945,0,0,0,0,0,0,0,0,0,0,0,0,0,3.778947368421053,948898,81750,5718,204952,1235600,Java,0.0,0.0,0.0,0.0,0.0,0.0,0.0,0.0,0.0,0.0,0.0,0.0,0.0,0.0,0.0,0.0,0.0,0.0,0.0,0.0,0.0,0.0,0.0,0.0,0.0,0.0,0.0,0.0,0.0,0.0,0.0,0.0,0.0,0.0,0.0,0.0,0.0,0.0,0.0,0.0,0.0,0.0,0.0,0.0,0.0,0.0,0.0,0.0,0.0,0.0,0.0,0.0,0.0,0,0,0,0,0,0,0
eclipse.jdt.core,,84,134,9,9,1,8,2382,20,0,26,696,465,4,8,29943,7703,0,0,0,0,0,0,0,0,0,0,0,0,0,5.1940298507462686,962247,83420,6177,211872,1257539,Java,0.0,0.0,0.0,0.0,0.0,0.0,0.0,0.0,0.0,0.0,0.0,0.0,0.0,0.0,0.0,0.0,0.0,0.0,0.0,0.0,0.0,0.0,0.0,0.0,0.0,0.0,0.0,0.0,0.0,0.0,0.0,0.0,0.0,0.0,0.0,0.0,0.0,0.0,0.0,0.0,0.0,0.0,0.0,0.0,0.0,0.0,0.0,0.0,0.0,0.0,0.0,0.0,0.0,0,0,0,0,0,0,0
eclipse.jdt.core,,85,102,10,10,3,7,2406,20,0,19,1116,147,9,32,13646,4711,0,0,0,0,0,0,0,0,0,0,0,0,0,10.941176470588236,968690,83828,6313,213730,1266248,Java,0.0,0.0,0.0,0.0,0.0,0.0,0.0,0.0,0.0,0.0,0.0,0.0,0.0,0.0,0.0,0.0,0.0,0.0,0.0,0.0,0.0,0.0,0.0,0.0,0.0,0.0,0.0,0.0,0.0,0.0,0.0,0.0,0.0,0.0,0.0,0.0,0.0,0.0,0.0,0.0,0.0,0.0,0.0,0.0,0.0,0.0,0.0,0.0,0.0,0.0,0.0,0.0,0.0,0,0,0,0,0,0,0
eclipse.jdt.core,,86,94,5,5,1,4,2406,20,0,18,1812,5,0,0,223253,218319,0,0,0,0,0,0,0,0,0,0,0,0,0,19.27659574468085,972472,83952,6318,214647,1271071,Java,0.0,0.0,0.0,0.0,0.0,0.0,0.0,0.0,0.0,0.0,0.0,0.0,0.0,0.0,0.0,0.0,0.0,0.0,0.0,0.0,0.0,0.0,0.0,0.0,0.0,0.0,0.0,0.0,0.0,0.0,0.0,0.0,0.0,0.0,0.0,0.0,0.0,0.0,0.0,0.0,0.0,0.0,0.0,0.0,0.0,0.0,0.0,0.0,0.0,0.0,0.0,0.0,0.0,0,0,0,0,0,0,0
eclipse.jdt.core,,87,59,8,8,4,4,2408,20,0,15,155,2,0,0,14175,7809,0,0,0,0,0,0,0,0,0,0,0,0,0,2.6271186440677967,978538,84036,6320,214776,1277350,Java,0.0,0.0,0.0,0.0,0.0,0.0,0.0,0.0,0.0,0.0,0.0,0.0,0.0,0.0,0.0,0.0,0.0,0.0,0.0,0.0,0.0,0.0,0.0,0.0,0.0,0.0,0.0,0.0,0.0,0.0,0.0,0.0,0.0,0.0,0.0,0.0,0.0,0.0,0.0,0.0,0.0,0.0,0.0,0.0,0.0,0.0,0.0,0.0,0.0,0.0,0.0,0.0,0.0,0,0,0,0,0,0,0
eclipse.jdt.core,,88,28,5,5,0,5,2415,20,0,11,88,13,0,0,1705,507,0,0,0,0,0,0,0,0,0,0,0,0,0,3.142857142857143,979442,84076,6333,214912,1278430,Java,0.0,0.0,0.0,0.0,0.0,0.0,0.0,0.0,0.0,0.0,0.0,0.0,0.0,0.0,0.0,0.0,0.0,0.0,0.0,0.0,0.0,0.0,0.0,0.0,0.0,0.0,0.0,0.0,0.0,0.0,0.0,0.0,0.0,0.0,0.0,0.0,0.0,0.0,0.0,0.0,0.0,0.0,0.0,0.0,0.0,0.0,0.0,0.0,0.0,0.0,0.0,0.0,0.0,0,0,0,0,0,0,0
eclipse.jdt.core,,89,134,7,7,3,4,2424,20,0,21,494,8,13,1,17841,12295,0,0,0,0,0,0,0,0,0,0,0,0,0,3.6865671641791047,982668,84544,6327,216532,1283744,Java,0.0,0.0,0.0,0.0,0.0,0.0,0.0,0.0,0.0,0.0,0.0,0.0,0.0,0.0,0.0,0.0,0.0,0.0,0.0,0.0,0.0,0.0,0.0,0.0,0.0,0.0,0.0,0.0,0.0,0.0,0.0,0.0,0.0,0.0,0.0,0.0,0.0,0.0,0.0,0.0,0.0,0.0,0.0,0.0,0.0,0.0,0.0,0.0,0.0,0.0,0.0,0.0,0.0,0,0,0,0,0,0,0
eclipse.jdt.core,,90,94,7,7,1,6,2426,20,0,22,325,7,1,1,18716,11614,0,0,0,0,0,0,0,0,0,0,0,0,0,3.4574468085106385,988023,84993,6331,217425,1290441,Java,0.0,0.0,0.0,0.0,0.0,0.0,0.0,0.0,0.0,0.0,0.0,0.0,0.0,0.0,0.0,0.0,0.0,0.0,0.0,0.0,0.0,0.0,0.0,0.0,0.0,0.0,0.0,0.0,0.0,0.0,0.0,0.0,0.0,0.0,0.0,0.0,0.0,0.0,0.0,0.0,0.0,0.0,0.0,0.0,0.0,0.0,0.0,0.0,0.0,0.0,0.0,0.0,0.0,0,0,0,0,0,0,0
eclipse.jdt.core,,91,59,7,7,1,6,2427,20,0,20,191,5,0,0,5809,2819,0,0,0,0,0,0,0,0,0,0,0,0,0,3.23728813559322,990566,85064,6336,217672,1293302,Java,0.0,0.0,0.0,0.0,0.0,0.0,0.0,0.0,0.0,0.0,0.0,0.0,0.0,0.0,0.0,0.0,0.0,0.0,0.0,0.0,0.0,0.0,0.0,0.0,0.0,0.0,0.0,0.0,0.0,0.0,0.0,0.0,0.0,0.0,0.0,0.0,0.0,0.0,0.0,0.0,0.0,0.0,0.0,0.0,0.0,0.0,0.0,0.0,0.0,0.0,0.0,0.0,0.0,0,0,0,0,0,0,0
eclipse.jdt.core,,92,67,7,7,1,6,2427,20,0,18,194,2,0,0,5718,2062,0,0,0,0,0,0,0,0,0,0,0,0,0,2.8955223880597014,993672,85148,6337,217937,1296757,Java,0.0,0.0,0.0,0.0,0.0,0.0,0.0,0.0,0.0,0.0,0.0,0.0,0.0,0.0,0.0,0.0,0.0,0.0,0.0,0.0,0.0,0.0,0.0,0.0,0.0,0.0,0.0,0.0,0.0,0.0,0.0,0.0,0.0,0.0,0.0,0.0,0.0,0.0,0.0,0.0,0.0,0.0,0.0,0.0,0.0,0.0,0.0,0.0,0.0,0.0,0.0,0.0,0.0,0,0,0,0,0,0,0
eclipse.jdt.core,,93,49,7,7,0,7,2429,20,0,14,193,11,1,0,11514,2457,0,0,0,0,0,0,0,0,0,0,0,0,0,3.938775510204082,1001080,86090,6347,218593,1305763,Java,0.0,0.0,0.0,0.0,0.0,0.0,0.0,0.0,0.0,0.0,0.0,0.0,0.0,0.0,0.0,0.0,0.0,0.0,0.0,0.0,0.0,0.0,0.0,0.0,0.0,0.0,0.0,0.0,0.0,0.0,0.0,0.0,0.0,0.0,0.0,0.0,0.0,0.0,0.0,0.0,0.0,0.0,0.0,0.0,0.0,0.0,0.0,0.0,0.0,0.0,0.0,0.0,0.0,0,0,0,0,0,0,0
eclipse.jdt.core,,94,58,7,7,1,6,2429,20,0,18,213,2,0,0,5070,1734,0,0,0,0,0,0,0,0,0,0,0,0,0,3.672413793103448,1005084,86319,6349,219064,1310467,Java,0.0,0.0,0.0,0.0,0.0,0.0,0.0,0.0,0.0,0.0,0.0,0.0,0.0,0.0,0.0,0.0,0.0,0.0,0.0,0.0,0.0,0.0,0.0,0.0,0.0,0.0,0.0,0.0,0.0,0.0,0.0,0.0,0.0,0.0,0.0,0.0,0.0,0.0,0.0,0.0,0.0,0.0,0.0,0.0,0.0,0.0,0.0,0.0,0.0,0.0,0.0,0.0,0.0,0,0,0,0,0,0,0
eclipse.jdt.core,,95,63,7,7,3,4,2429,20,0,19,1257,6,3,0,5519,2160,0,0,0,0,0,0,0,0,0,0,0,0,0,19.952380952380953,1007927,86499,6350,219304,1313730,Java,0.0,0.0,0.0,0.0,0.0,0.0,0.0,0.0,0.0,0.0,0.0,0.0,0.0,0.0,0.0,0.0,0.0,0.0,0.0,0.0,0.0,0.0,0.0,0.0,0.0,0.0,0.0,0.0,0.0,0.0,0.0,0.0,0.0,0.0,0.0,0.0,0.0,0.0,0.0,0.0,0.0,0.0,0.0,0.0,0.0,0.0,0.0,0.0,0.0,0.0,0.0,0.0,0.0,0,0,0,0,0,0,0
eclipse.jdt.core,,96,49,7,7,1,6,2442,20,0,17,160,31,0,0,3446,765,0,0,0,0,0,0,0,0,0,0,0,0,1,3.2653061224489797,1010083,86670,6361,219563,1316316,Java,0.0,0.0,0.0,0.0,0.0,0.0,0.0,0.0,0.0,0.0,0.0,0.0,0.0,0.0,0.0,0.0,0.0,0.0,0.0,0.0,0.0,0.0,0.0,0.0,0.0,0.0,0.0,0.0,0.0,0.0,0.0,0.0,0.0,0.0,0.0,0.0,0.0,0.0,0.0,0.0,0.0,0.0,0.0,0.0,0.0,0.0,0.0,0.0,0.0,0.0,0.0,0.0,0.0,0,0,0,0,0,0,0
eclipse.jdt.core,,97,44,7,7,3,4,2448,20,0,12,520,21,0,0,5006,2212,0,0,0,0,0,0,0,0,0,0,0,0,0,11.818181818181818,1012060,86838,6382,219832,1318730,Java,0.0,0.0,0.0,0.0,0.0,0.0,0.0,0.0,0.0,0.0,0.0,0.0,0.0,0.0,0.0,0.0,0.0,0.0,0.0,0.0,0.0,0.0,0.0,0.0,0.0,0.0,0.0,0.0,0.0,0.0,0.0,0.0,0.0,0.0,0.0,0.0,0.0,0.0,0.0,0.0,0.0,0.0,0.0,0.0,0.0,0.0,0.0,0.0,0.0,0.0,0.0,0.0,0.0,0,0,0,0,0,0,0
eclipse.jdt.core,,98,31,6,6,1,5,2443,20,0,6,107,0,16,0,2569,738,0,0,0,0,0,0,0,0,0,0,0,0,0,3.4516129032258065,1013592,86937,6366,219967,1320496,Java,0.0,0.0,0.0,0.0,0.0,0.0,0.0,0.0,0.0,0.0,0.0,0.0,0.0,0.0,0.0,0.0,0.0,0.0,0.0,0.0,0.0,0.0,0.0,0.0,0.0,0.0,0.0,0.0,0.0,0.0,0.0,0.0,0.0,0.0,0.0,0.0,0.0,0.0,0.0,0.0,0.0,0.0,0.0,0.0,0.0,0.0,0.0,0.0,0.0,0.0,0.0,0.0,0.0,0,0,0,0,0,0,0
eclipse.jdt.core,,99,44,5,5,0,5,2443,20,0,15,134,1,0,1,2379,490,0,0,0,0,0,0,0,0,0,0,0,0,0,3.0454545454545454,1015133,87025,6367,220135,1322293,Java,0.0,0.0,0.0,0.0,0.0,0.0,0.0,0.0,0.0,0.0,0.0,0.0,0.0,0.0,0.0,0.0,0.0,0.0,0.0,0.0,0.0,0.0,0.0,0.0,0.0,0.0,0.0,0.0,0.0,0.0,0.0,0.0,0.0,0.0,0.0,0.0,0.0,0.0,0.0,0.0,0.0,0.0,0.0,0.0,0.0,0.0,0.0,0.0,0.0,0.0,0.0,0.0,0.0,0,0,0,0,0,0,0
eclipse.jdt.core,,100,36,5,5,1,4,2447,20,0,14,132,5,0,0,3345,712,0,0,0,0,0,0,0,0,0,0,0,0,0,3.6666666666666665,1017284,87145,6372,220426,1324855,Java,0.0,0.0,0.0,0.0,0.0,0.0,0.0,0.0,0.0,0.0,0.0,0.0,0.0,0.0,0.0,0.0,0.0,0.0,0.0,0.0,0.0,0.0,0.0,0.0,0.0,0.0,0.0,0.0,0.0,0.0,0.0,0.0,0.0,0.0,0.0,0.0,0.0,0.0,0.0,0.0,0.0,0.0,0.0,0.0,0.0,0.0,0.0,0.0,0.0,0.0,0.0,0.0,0.0,0,0,0,0,0,0,0
eclipse.jdt.core,,101,25,3,3,0,3,2449,20,0,12,123,2,0,0,2311,924,0,0,0,0,0,0,0,0,0,0,0,0,0,4.92,1017958,87162,6374,221078,1326198,Java,0.0,0.0,0.0,0.0,0.0,0.0,0.0,0.0,0.0,0.0,0.0,0.0,0.0,0.0,0.0,0.0,0.0,0.0,0.0,0.0,0.0,0.0,0.0,0.0,0.0,0.0,0.0,0.0,0.0,0.0,0.0,0.0,0.0,0.0,0.0,0.0,0.0,0.0,0.0,0.0,0.0,0.0,0.0,0.0,0.0,0.0,0.0,0.0,0.0,0.0,0.0,0.0,0.0,0,0,0,0,0,0,0
eclipse.jdt.core,,102,78,5,5,2,3,2454,20,0,18,278,9,0,1,14222,10428,0,0,0,0,0,0,0,0,0,0,0,0,0,3.5641025641025643,1020944,87291,6381,221634,1329869,Java,0.0,0.0,0.0,0.0,0.0,0.0,0.0,0.0,0.0,0.0,0.0,0.0,0.0,0.0,0.0,0.0,0.0,0.0,0.0,0.0,0.0,0.0,0.0,0.0,0.0,0.0,0.0,0.0,0.0,0.0,0.0,0.0,0.0,0.0,0.0,0.0,0.0,0.0,0.0,0.0,0.0,0.0,0.0,0.0,0.0,0.0,0.0,0.0,0.0,0.0,0.0,0.0,0.0,0,0,0,0,0,0,0
eclipse.jdt.core,,103,55,3,3,0,3,2454,20,0,22,189,0,2,0,11460,9110,0,0,0,0,0,0,0,0,0,0,0,0,0,3.4363636363636365,1022783,87349,6379,221942,1332074,Java,0.0,0.0,0.0,0.0,0.0,0.0,0.0,0.0,0.0,0.0,0.0,0.0,0.0,0.0,0.0,0.0,0.0,0.0,0.0,0.0,0.0,0.0,0.0,0.0,0.0,0.0,0.0,0.0,0.0,0.0,0.0,0.0,0.0,0.0,0.0,0.0,0.0,0.0,0.0,0.0,0.0,0.0,0.0,0.0,0.0,0.0,0.0,0.0,0.0,0.0,0.0,0.0,0.0,0,0,0,0,0,0,0
eclipse.jdt.core,,104,37,4,4,1,3,2455,20,0,19,120,5,0,0,5199,1401,0,0,0,0,0,0,0,0,0,0,0,0,0,3.243243243243243,1025952,87537,6381,222252,1335741,Java,0.0,0.0,0.0,0.0,0.0,0.0,0.0,0.0,0.0,0.0,0.0,0.0,0.0,0.0,0.0,0.0,0.0,0.0,0.0,0.0,0.0,0.0,0.0,0.0,0.0,0.0,0.0,0.0,0.0,0.0,0.0,0.0,0.0,0.0,0.0,0.0,0.0,0.0,0.0,0.0,0.0,0.0,0.0,0.0,0.0,0.0,0.0,0.0,0.0,0.0,0.0,0.0,0.0,0,0,0,0,0,0,0
eclipse.jdt.core,,105,43,3,3,0,3,2455,20,0,11,287,2,0,0,3003,1313,0,0,0,0,0,0,0,0,0,0,0,0,0,6.674418604651163,1027326,87586,6382,222468,1337380,Java,0.0,0.0,0.0,0.0,0.0,0.0,0.0,0.0,0.0,0.0,0.0,0.0,0.0,0.0,0.0,0.0,0.0,0.0,0.0,0.0,0.0,0.0,0.0,0.0,0.0,0.0,0.0,0.0,0.0,0.0,0.0,0.0,0.0,0.0,0.0,0.0,0.0,0.0,0.0,0.0,0.0,0.0,0.0,0.0,0.0,0.0,0.0,0.0,0.0,0.0,0.0,0.0,0.0,0,0,0,0,0,0,0
eclipse.jdt.core,,106,50,4,4,0,4,2455,20,0,17,140,2,0,0,4960,1164,0,0,0,0,0,0,0,0,0,0,0,0,1,2.8,1030594,87705,6384,222776,1341075,Java,0.0,0.0,0.0,0.0,0.0,0.0,0.0,0.0,0.0,0.0,0.0,0.0,0.0,0.0,0.0,0.0,0.0,0.0,0.0,0.0,0.0,0.0,0.0,0.0,0.0,0.0,0.0,0.0,0.0,0.0,0.0,0.0,0.0,0.0,0.0,0.0,0.0,0.0,0.0,0.0,0.0,0.0,0.0,0.0,0.0,0.0,0.0,0.0,0.0,0.0,0.0,0.0,0.0,0,0,0,0,0,0,0
eclipse.jdt.core,,107,80,4,4,0,4,2457,20,0,20,326,7,11,0,11073,4785,0,0,0,0,0,0,0,0,0,0,0,0,0,4.075,1036073,87603,6380,222973,1346649,Java,0.0,0.0,0.0,0.0,0.0,0.0,0.0,0.0,0.0,0.0,0.0,0.0,0.0,0.0,0.0,0.0,0.0,0.0,0.0,0.0,0.0,0.0,0.0,0.0,0.0,0.0,0.0,0.0,0.0,0.0,0.0,0.0,0.0,0.0,0.0,0.0,0.0,0.0,0.0,0.0,0.0,0.0,0.0,0.0,0.0,0.0,0.0,0.0,0.0,0.0,0.0,0.0,0.0,0,0,0,0,0,0,0
eclipse.jdt.core,,108,41,4,4,0,4,2457,20,0,15,114,3,0,0,3049,532,0,0,0,0,0,0,0,0,0,0,0,0,0,2.7804878048780486,1038203,87712,6382,223164,1349079,Java,0.0,0.0,0.0,0.0,0.0,0.0,0.0,0.0,0.0,0.0,0.0,0.0,0.0,0.0,0.0,0.0,0.0,0.0,0.0,0.0,0.0,0.0,0.0,0.0,0.0,0.0,0.0,0.0,0.0,0.0,0.0,0.0,0.0,0.0,0.0,0.0,0.0,0.0,0.0,0.0,0.0,0.0,0.0,0.0,0.0,0.0,0.0,0.0,0.0,0.0,0.0,0.0,0.0,0,0,0,0,0,0,0
eclipse.jdt.core,,109,41,5,5,2,3,2457,20,0,15,216,1,1,0,3744,1238,0,0,0,0,0,0,0,0,0,0,0,0,0,5.2682926829268295,1040230,87764,6382,223327,1351321,Java,0.0,0.0,0.0,0.0,0.0,0.0,0.0,0.0,0.0,0.0,0.0,0.0,0.0,0.0,0.0,0.0,0.0,0.0,0.0,0.0,0.0,0.0,0.0,0.0,0.0,0.0,0.0,0.0,0.0,0.0,0.0,0.0,0.0,0.0,0.0,0.0,0.0,0.0,0.0,0.0,0.0,0.0,0.0,0.0,0.0,0.0,0.0,0.0,0.0,0.0,0.0,0.0,0.0,0,0,0,0,0,0,0
eclipse.jdt.core,,110,17,4,4,0,4,2463,20,0,7,75,12,0,2,1991,234,0,0,0,0,0,0,0,0,0,0,0,0,1,4.411764705882353,1041698,87798,6394,223498,1352994,Java,0.0,0.0,0.0,0.0,0.0,0.0,0.0,0.0,0.0,0.0,0.0,0.0,0.0,0.0,0.0,0.0,0.0,0.0,0.0,0.0,0.0,0.0,0.0,0.0,0.0,0.0,0.0,0.0,0.0,0.0,0.0,0.0,0.0,0.0,0.0,0.0,0.0,0.0,0.0,0.0,0.0,0.0,0.0,0.0,0.0,0.0,0.0,0.0,0.0,0.0,0.0,0.0,0.0,0,0,0,0,0,0,0
eclipse.jdt.core,,111,42,7,7,1,6,2463,20,0,16,181,3,0,0,5482,850,0,0,0,0,0,0,0,0,0,0,0,0,1,4.309523809523809,1045582,88074,6396,223889,1357545,Java,0.0,0.0,0.0,0.0,0.0,0.0,0.0,0.0,0.0,0.0,0.0,0.0,0.0,0.0,0.0,0.0,0.0,0.0,0.0,0.0,0.0,0.0,0.0,0.0,0.0,0.0,0.0,0.0,0.0,0.0,0.0,0.0,0.0,0.0,0.0,0.0,0.0,0.0,0.0,0.0,0.0,0.0,0.0,0.0,0.0,0.0,0.0,0.0,0.0,0.0,0.0,0.0,0.0,0,0,0,0,0,0,0
eclipse.jdt.core,,112,38,7,7,1,6,2463,20,0,14,156,2,2,0,6607,5866,0,0,0,0,0,0,0,0,0,0,0,0,0,4.105263157894737,1045570,88087,6395,224059,1357716,Java,0.0,0.0,0.0,0.0,0.0,0.0,0.0,0.0,0.0,0.0,0.0,0.0,0.0,0.0,0.0,0.0,0.0,0.0,0.0,0.0,0.0,0.0,0.0,0.0,0.0,0.0,0.0,0.0,0.0,0.0,0.0,0.0,0.0,0.0,0.0,0.0,0.0,0.0,0.0,0.0,0.0,0.0,0.0,0.0,0.0,0.0,0.0,0.0,0.0,0.0,0.0,0.0,0.0,0,0,0,0,0,0,0
eclipse.jdt.core,,113,51,6,6,0,6,2470,20,0,21,321,9,0,0,9158,3005,0,0,0,0,0,0,0,0,0,0,0,0,0,6.294117647058823,1050407,88258,6398,224668,1363333,Java,0.0,0.0,0.0,0.0,0.0,0.0,0.0,0.0,0.0,0.0,0.0,0.0,0.0,0.0,0.0,0.0,0.0,0.0,0.0,0.0,0.0,0.0,0.0,0.0,0.0,0.0,0.0,0.0,0.0,0.0,0.0,0.0,0.0,0.0,0.0,0.0,0.0,0.0,0.0,0.0,0.0,0.0,0.0,0.0,0.0,0.0,0.0,0.0,0.0,0.0,0.0,0.0,0.0,0,0,0,0,0,0,0
eclipse.jdt.core,,114,23,4,4,2,2,2470,20,0,13,101,2,0,0,2175,801,0,0,0,0,0,0,0,0,0,0,0,0,0,4.391304347826087,1051402,88305,6400,224855,1364562,Java,0.0,0.0,0.0,0.0,0.0,0.0,0.0,0.0,0.0,0.0,0.0,0.0,0.0,0.0,0.0,0.0,0.0,0.0,0.0,0.0,0.0,0.0,0.0,0.0,0.0,0.0,0.0,0.0,0.0,0.0,0.0,0.0,0.0,0.0,0.0,0.0,0.0,0.0,0.0,0.0,0.0,0.0,0.0,0.0,0.0,0.0,0.0,0.0,0.0,0.0,0.0,0.0,0.0,0,0,0,0,0,0,0
eclipse.jdt.core,,115,40,6,6,2,4,2475,20,0,18,259,10,0,0,8406,5759,0,0,0,0,0,0,0,0,0,0,0,0,1,6.475,1053480,88420,6405,225187,1367087,Java,0.0,0.0,0.0,0.0,0.0,0.0,0.0,0.0,0.0,0.0,0.0,0.0,0.0,0.0,0.0,0.0,0.0,0.0,0.0,0.0,0.0,0.0,0.0,0.0,0.0,0.0,0.0,0.0,0.0,0.0,0.0,0.0,0.0,0.0,0.0,0.0,0.0,0.0,0.0,0.0,0.0,0.0,0.0,0.0,0.0,0.0,0.0,0.0,0.0,0.0,0.0,0.0,0.0,0,0,0,0,0,0,0
eclipse.jdt.core,,116,45,6,6,2,4,2479,20,0,19,126,13,4,0,2871,715,0,0,0,0,0,0,0,0,0,0,0,0,0,2.8,1055262,88519,6412,225352,1369133,Java,0.0,0.0,0.0,0.0,0.0,0.0,0.0,0.0,0.0,0.0,0.0,0.0,0.0,0.0,0.0,0.0,0.0,0.0,0.0,0.0,0.0,0.0,0.0,0.0,0.0,0.0,0.0,0.0,0.0,0.0,0.0,0.0,0.0,0.0,0.0,0.0,0.0,0.0,0.0,0.0,0.0,0.0,0.0,0.0,0.0,0.0,0.0,0.0,0.0,0.0,0.0,0.0,0.0,0,0,0,0,0,0,0
eclipse.jdt.core,,117,35,7,7,2,5,2480,20,0,13,146,1,0,0,9398,1155,0,0,0,0,0,0,0,0,0,0,0,0,0,4.171428571428572,1063093,88572,6412,225573,1377238,Java,0.0,0.0,0.0,0.0,0.0,0.0,0.0,0.0,0.0,0.0,0.0,0.0,0.0,0.0,0.0,0.0,0.0,0.0,0.0,0.0,0.0,0.0,0.0,0.0,0.0,0.0,0.0,0.0,0.0,0.0,0.0,0.0,0.0,0.0,0.0,0.0,0.0,0.0,0.0,0.0,0.0,0.0,0.0,0.0,0.0,0.0,0.0,0.0,0.0,0.0,0.0,0.0,0.0,0,0,0,0,0,0,0
eclipse.jdt.core,,118,35,5,5,0,5,2482,20,0,16,203,12,1,0,4285,2214,0,0,0,0,0,0,0,0,0,0,0,0,0,5.8,1064837,88641,6415,225749,1379227,Java,0.0,0.0,0.0,0.0,0.0,0.0,0.0,0.0,0.0,0.0,0.0,0.0,0.0,0.0,0.0,0.0,0.0,0.0,0.0,0.0,0.0,0.0,0.0,0.0,0.0,0.0,0.0,0.0,0.0,0.0,0.0,0.0,0.0,0.0,0.0,0.0,0.0,0.0,0.0,0.0,0.0,0.0,0.0,0.0,0.0,0.0,0.0,0.0,0.0,0.0,0.0,0.0,0.0,0,0,0,0,0,0,0
eclipse.jdt.core,,119,42,7,7,2,5,2485,20,0,20,208,4,0,0,6678,1090,0,0,0,0,0,0,0,0,0,0,0,0,0,4.9523809523809526,1069747,88774,6418,226190,1384711,Java,0.0,0.0,0.0,0.0,0.0,0.0,0.0,0.0,0.0,0.0,0.0,0.0,0.0,0.0,0.0,0.0,0.0,0.0,0.0,0.0,0.0,0.0,0.0,0.0,0.0,0.0,0.0,0.0,0.0,0.0,0.0,0.0,0.0,0.0,0.0,0.0,0.0,0.0,0.0,0.0,0.0,0.0,0.0,0.0,0.0,0.0,0.0,0.0,0.0,0.0,0.0,0.0,0.0,0,0,0,0,0,0,0
eclipse.jdt.core,,120,28,6,6,0,6,2487,20,0,12,113,9,0,0,2139,591,0,0,0,0,0,0,0,0,0,0,0,0,0,4.035714285714286,1071086,88816,6427,226286,1386188,Java,0.0,0.0,0.0,0.0,0.0,0.0,0.0,0.0,0.0,0.0,0.0,0.0,0.0,0.0,0.0,0.0,0.0,0.0,0.0,0.0,0.0,0.0,0.0,0.0,0.0,0.0,0.0,0.0,0.0,0.0,0.0,0.0,0.0,0.0,0.0,0.0,0.0,0.0,0.0,0.0,0.0,0.0,0.0,0.0,0.0,0.0,0.0,0.0,0.0,0.0,0.0,0.0,0.0,0,0,0,0,0,0,0
eclipse.jdt.core,,121,42,6,6,2,4,2490,20,0,16,193,12,0,0,3814,1650,0,0,0,0,0,0,0,0,0,0,0,0,1,4.595238095238095,1072579,88941,6439,226676,1388196,Java,0.0,0.0,0.0,0.0,0.0,0.0,0.0,0.0,0.0,0.0,0.0,0.0,0.0,0.0,0.0,0.0,0.0,0.0,0.0,0.0,0.0,0.0,0.0,0.0,0.0,0.0,0.0,0.0,0.0,0.0,0.0,0.0,0.0,0.0,0.0,0.0,0.0,0.0,0.0,0.0,0.0,0.0,0.0,0.0,0.0,0.0,0.0,0.0,0.0,0.0,0.0,0.0,0.0,0,0,0,0,0,0,0
eclipse.jdt.core,,122,4,3,3,0,3,2490,20,0,3,11,0,0,0,153,30,0,0,0,0,0,0,0,0,0,0,0,0,0,2.75,1072666,88951,6439,226684,1388301,Java,0.0,0.0,0.0,0.0,0.0,0.0,0.0,0.0,0.0,0.0,0.0,0.0,0.0,0.0,0.0,0.0,0.0,0.0,0.0,0.0,0.0,0.0,0.0,0.0,0.0,0.0,0.0,0.0,0.0,0.0,0.0,0.0,0.0,0.0,0.0,0.0,0.0,0.0,0.0,0.0,0.0,0.0,0.0,0.0,0.0,0.0,0.0,0.0,0.0,0.0,0.0,0.0,0.0,0,0,0,0,0,0,0
eclipse.jdt.core,,123,0,0,0,0,0,2490,20,0,0,0,0,0,0,0,0,0,0,0,0,0,0,0,0,0,0,0,0,0,0.0,1072666,88951,6439,226684,1388301,Java,0.0,0.0,0.0,0.0,0.0,0.0,0.0,0.0,0.0,0.0,0.0,0.0,0.0,0.0,0.0,0.0,0.0,0.0,0.0,0.0,0.0,0.0,0.0,0.0,0.0,0.0,0.0,0.0,0.0,0.0,0.0,0.0,0.0,0.0,0.0,0.0,0.0,0.0,0.0,0.0,0.0,0.0,0.0,0.0,0.0,0.0,0.0,0.0,0.0,0.0,0.0,0.0,0.0,0,0,0,0,0,0,0
eclipse.jdt.core,,124,13,4,4,0,4,2493,20,0,6,276,38,3,6,70302,9110,0,0,0,0,0,0,0,0,0,0,0,0,0,21.23076923076923,1125796,91147,6458,231648,1448591,Java,0.0,0.0,0.0,0.0,0.0,0.0,0.0,0.0,0.0,0.0,0.0,0.0,0.0,0.0,0.0,0.0,0.0,0.0,0.0,0.0,0.0,0.0,0.0,0.0,0.0,0.0,0.0,0.0,0.0,0.0,0.0,0.0,0.0,0.0,0.0,0.0,0.0,0.0,0.0,0.0,0.0,0.0,0.0,0.0,0.0,0.0,0.0,0.0,0.0,0.0,0.0,0.0,0.0,0,0,0,0,0,0,0
eclipse.jdt.core,,125,35,7,7,0,7,2494,20,0,15,135,5,0,0,6554,666,0,0,0,0,0,0,0,0,0,0,0,0,0,3.857142857142857,1131388,91240,6460,231755,1454383,Java,0.0,0.0,0.0,0.0,0.0,0.0,0.0,0.0,0.0,0.0,0.0,0.0,0.0,0.0,0.0,0.0,0.0,0.0,0.0,0.0,0.0,0.0,0.0,0.0,0.0,0.0,0.0,0.0,0.0,0.0,0.0,0.0,0.0,0.0,0.0,0.0,0.0,0.0,0.0,0.0,0.0,0.0,0.0,0.0,0.0,0.0,0.0,0.0,0.0,0.0,0.0,0.0,0.0,0,0,0,0,0,0,0
eclipse.jdt.core,,126,30,6,6,0,6,2494,20,0,14,256,9,1,0,7641,3014,0,0,0,0,0,0,0,0,0,0,0,0,3,8.533333333333333,1135658,91366,6470,232649,1459673,Java,0.0,0.0,0.0,0.0,0.0,0.0,0.0,0.0,0.0,0.0,0.0,0.0,0.0,0.0,0.0,0.0,0.0,0.0,0.0,0.0,0.0,0.0,0.0,0.0,0.0,0.0,0.0,0.0,0.0,0.0,0.0,0.0,0.0,0.0,0.0,0.0,0.0,0.0,0.0,0.0,0.0,0.0,0.0,0.0,0.0,0.0,0.0,0.0,0.0,0.0,0.0,0.0,0.0,0,0,0,0,0,0,0
eclipse.jdt.core,,127,21,7,5,1,5,2495,20,0,9,85,4,0,0,1345,229,0,0,0,0,0,0,0,0,0,0,0,0,2,4.0476190476190474,1136451,91407,6471,232764,1460622,Java,0.0,0.0,0.0,0.0,0.0,0.0,0.0,0.0,0.0,0.0,0.0,0.0,0.0,0.0,0.0,0.0,0.0,0.0,0.0,0.0,0.0,0.0,0.0,0.0,0.0,0.0,0.0,0.0,0.0,0.0,0.0,0.0,0.0,0.0,0.0,0.0,0.0,0.0,0.0,0.0,0.0,0.0,0.0,0.0,0.0,0.0,0.0,0.0,0.0,0.0,0.0,0.0,0.0,0,0,0,0,0,0,0
eclipse.jdt.core,,128,22,4,4,0,4,2503,20,0,14,140,15,0,0,7405,386,0,0,0,0,0,0,0,0,0,0,0,0,0,6.363636363636363,1141831,91635,6477,233670,1467136,Java,0.0,0.0,0.0,0.0,0.0,0.0,0.0,0.0,0.0,0.0,0.0,0.0,0.0,0.0,0.0,0.0,0.0,0.0,0.0,0.0,0.0,0.0,0.0,0.0,0.0,0.0,0.0,0.0,0.0,0.0,0.0,0.0,0.0,0.0,0.0,0.0,0.0,0.0,0.0,0.0,0.0,0.0,0.0,0.0,0.0,0.0,0.0,0.0,0.0,0.0,0.0,0.0,0.0,0,0,0,0,0,0,0
eclipse.jdt.core,,129,21,5,5,1,4,2504,20,0,11,102,9,0,0,3916,560,0,0,0,0,0,0,0,0,0,0,0,0,0,4.857142857142857,1144512,91882,6485,233956,1470350,Java,0.0,0.0,0.0,0.0,0.0,0.0,0.0,0.0,0.0,0.0,0.0,0.0,0.0,0.0,0.0,0.0,0.0,0.0,0.0,0.0,0.0,0.0,0.0,0.0,0.0,0.0,0.0,0.0,0.0,0.0,0.0,0.0,0.0,0.0,0.0,0.0,0.0,0.0,0.0,0.0,0.0,0.0,0.0,0.0,0.0,0.0,0.0,0.0,0.0,0.0,0.0,0.0,0.0,0,0,0,0,0,0,0
eclipse.jdt.core,,130,39,7,7,2,5,2504,20,0,18,291,2,0,0,14429,5267,0,0,0,0,0,0,0,0,0,0,0,0,0,7.461538461538462,1152633,92085,6487,234654,1479372,Java,0.0,0.0,0.0,0.0,0.0,0.0,0.0,0.0,0.0,0.0,0.0,0.0,0.0,0.0,0.0,0.0,0.0,0.0,0.0,0.0,0.0,0.0,0.0,0.0,0.0,0.0,0.0,0.0,0.0,0.0,0.0,0.0,0.0,0.0,0.0,0.0,0.0,0.0,0.0,0.0,0.0,0.0,0.0,0.0,0.0,0.0,0.0,0.0,0.0,0.0,0.0,0.0,0.0,0,0,0,0,0,0,0
eclipse.jdt.core,,131,38,9,6,2,7,2504,20,0,16,339,3,0,0,8415,8573,0,0,0,0,0,0,0,0,0,0,0,0,2,8.921052631578947,1152130,92224,6489,234767,1479121,Java,0.0,0.0,0.0,0.0,0.0,0.0,0.0,0.0,0.0,0.0,0.0,0.0,0.0,0.0,0.0,0.0,0.0,0.0,0.0,0.0,0.0,0.0,0.0,0.0,0.0,0.0,0.0,0.0,0.0,0.0,0.0,0.0,0.0,0.0,0.0,0.0,0.0,0.0,0.0,0.0,0.0,0.0,0.0,0.0,0.0,0.0,0.0,0.0,0.0,0.0,0.0,0.0,0.0,0,0,0,0,0,0,0
eclipse.jdt.core,,132,21,8,6,3,5,2504,20,0,15,126,1,0,0,2744,1369,0,0,0,0,0,0,0,0,0,0,0,0,1,6.0,1153121,92283,6490,235007,1480411,Java,0.0,0.0,0.0,0.0,0.0,0.0,0.0,0.0,0.0,0.0,0.0,0.0,0.0,0.0,0.0,0.0,0.0,0.0,0.0,0.0,0.0,0.0,0.0,0.0,0.0,0.0,0.0,0.0,0.0,0.0,0.0,0.0,0.0,0.0,0.0,0.0,0.0,0.0,0.0,0.0,0.0,0.0,0.0,0.0,0.0,0.0,0.0,0.0,0.0,0.0,0.0,0.0,0.0,0,0,0,0,0,0,0
eclipse.jdt.core,,133,28,8,6,3,5,2504,20,0,15,100,2,0,1,5657,3053,0,0,0,0,0,0,0,0,0,0,0,0,2,3.5714285714285716,1155255,92408,6490,235257,1482920,Java,0.0,0.0,0.0,0.0,0.0,0.0,0.0,0.0,0.0,0.0,0.0,0.0,0.0,0.0,0.0,0.0,0.0,0.0,0.0,0.0,0.0,0.0,0.0,0.0,0.0,0.0,0.0,0.0,0.0,0.0,0.0,0.0,0.0,0.0,0.0,0.0,0.0,0.0,0.0,0.0,0.0,0.0,0.0,0.0,0.0,0.0,0.0,0.0,0.0,0.0,0.0,0.0,0.0,0,0,0,0,0,0,0
eclipse.jdt.core,,134,22,5,4,1,4,2504,20,0,12,216,3,0,0,4973,1300,0,0,0,0,0,0,0,0,0,0,0,0,1,9.818181818181818,1157373,92455,6490,235385,1485213,Java,0.0,0.0,0.0,0.0,0.0,0.0,0.0,0.0,0.0,0.0,0.0,0.0,0.0,0.0,0.0,0.0,0.0,0.0,0.0,0.0,0.0,0.0,0.0,0.0,0.0,0.0,0.0,0.0,0.0,0.0,0.0,0.0,0.0,0.0,0.0,0.0,0.0,0.0,0.0,0.0,0.0,0.0,0.0,0.0,0.0,0.0,0.0,0.0,0.0,0.0,0.0,0.0,0.0,0,0,0,0,0,0,0
eclipse.jdt.core,,135,47,7,5,4,3,2504,20,0,17,403,12,2,1,17649,5159,0,0,0,0,0,0,0,0,0,0,0,0,3,8.574468085106384,1157591,92463,6490,235358,1485412,Java,0.0,0.0,0.0,0.0,0.0,0.0,0.0,0.0,0.0,0.0,0.0,0.0,0.0,0.0,0.0,0.0,0.0,0.0,0.0,0.0,0.0,0.0,0.0,0.0,0.0,0.0,0.0,0.0,0.0,0.0,0.0,0.0,0.0,0.0,0.0,0.0,0.0,0.0,0.0,0.0,0.0,0.0,0.0,0.0,0.0,0.0,0.0,0.0,0.0,0.0,0.0,0.0,0.0,0,0,0,0,0,0,0
eclipse.jdt.core,,136,37,6,5,0,5,2504,20,0,17,231,4,0,0,5244,3382,0,0,0,0,0,0,0,0,0,0,0,0,2,6.243243243243243,1168669,92989,6504,236498,1498156,Java,0.0,0.0,0.0,0.0,0.0,0.0,0.0,0.0,0.0,0.0,0.0,0.0,0.0,0.0,0.0,0.0,0.0,0.0,0.0,0.0,0.0,0.0,0.0,0.0,0.0,0.0,0.0,0.0,0.0,0.0,0.0,0.0,0.0,0.0,0.0,0.0,0.0,0.0,0.0,0.0,0.0,0.0,0.0,0.0,0.0,0.0,0.0,0.0,0.0,0.0,0.0,0.0,0.0,0,0,0,0,0,0,0
eclipse.jdt.core,,137,50,10,6,2,5,2504,20,0,14,221,3,1,0,5552,1746,0,0,0,0,0,0,0,0,0,0,0,0,1,4.42,1171029,93071,6506,236731,1500831,Java,0.0,0.0,0.0,0.0,0.0,0.0,0.0,0.0,0.0,0.0,0.0,0.0,0.0,0.0,0.0,0.0,0.0,0.0,0.0,0.0,0.0,0.0,0.0,0.0,0.0,0.0,0.0,0.0,0.0,0.0,0.0,0.0,0.0,0.0,0.0,0.0,0.0,0.0,0.0,0.0,0.0,0.0,0.0,0.0,0.0,0.0,0.0,0.0,0.0,0.0,0.0,0.0,0.0,0,0,0,0,0,0,0
eclipse.jdt.core,,138,21,4,3,2,2,2504,20,0,10,121,2,0,0,4190,2647,0,0,0,0,0,0,0,0,0,0,0,0,0,5.761904761904762,1171921,93024,6506,236813,1501758,Java,0.0,0.0,0.0,0.0,0.0,0.0,0.0,0.0,0.0,0.0,0.0,0.0,0.0,0.0,0.0,0.0,0.0,0.0,0.0,0.0,0.0,0.0,0.0,0.0,0.0,0.0,0.0,0.0,0.0,0.0,0.0,0.0,0.0,0.0,0.0,0.0,0.0,0.0,0.0,0.0,0.0,0.0,0.0,0.0,0.0,0.0,0.0,0.0,0.0,0.0,0.0,0.0,0.0,0,0,0,0,0,0,0
eclipse.jdt.core,,139,59,6,3,3,3,2504,20,0,17,292,18,1,1,42378,2633,0,0,0,0,0,0,0,0,0,0,0,0,1,4.9491525423728815,1161287,92613,6492,235872,1489772,Java,0.0,0.0,0.0,0.0,0.0,0.0,0.0,0.0,0.0,0.0,0.0,0.0,0.0,0.0,0.0,0.0,0.0,0.0,0.0,0.0,0.0,0.0,0.0,0.0,0.0,0.0,0.0,0.0,0.0,0.0,0.0,0.0,0.0,0.0,0.0,0.0,0.0,0.0,0.0,0.0,0.0,0.0,0.0,0.0,0.0,0.0,0.0,0.0,0.0,0.0,0.0,0.0,0.0,0,0,0,0,0,0,0
eclipse.jdt.core,,140,37,5,3,0,5,2506,20,0,10,107,7,0,0,8024,555,0,0,0,0,0,0,0,0,0,0,0,0,2,2.891891891891892,1164121,92645,6492,235946,1492712,Java,0.0,0.0,0.0,0.0,0.0,0.0,0.0,0.0,0.0,0.0,0.0,0.0,0.0,0.0,0.0,0.0,0.0,0.0,0.0,0.0,0.0,0.0,0.0,0.0,0.0,0.0,0.0,0.0,0.0,0.0,0.0,0.0,0.0,0.0,0.0,0.0,0.0,0.0,0.0,0.0,0.0,0.0,0.0,0.0,0.0,0.0,0.0,0.0,0.0,0.0,0.0,0.0,0.0,0,0,0,0,0,0,0
eclipse.jdt.core,,141,19,3,2,0,3,2506,20,0,6,70,6,0,0,2162,419,0,0,0,0,0,0,0,0,0,0,0,0,0,3.6842105263157894,1164557,92662,6492,236012,1493231,Java,0.0,0.0,0.0,0.0,0.0,0.0,0.0,0.0,0.0,0.0,0.0,0.0,0.0,0.0,0.0,0.0,0.0,0.0,0.0,0.0,0.0,0.0,0.0,0.0,0.0,0.0,0.0,0.0,0.0,0.0,0.0,0.0,0.0,0.0,0.0,0.0,0.0,0.0,0.0,0.0,0.0,0.0,0.0,0.0,0.0,0.0,0.0,0.0,0.0,0.0,0.0,0.0,0.0,0,0,0,0,0,0,0
eclipse.jdt.core,,142,54,13,4,5,6,2508,20,0,18,251,5,0,0,9028,1657,0,0,0,0,0,0,0,0,0,0,0,0,6,4.648148148148148,1211083,94923,6520,241903,1547909,Java,0.0,0.0,0.0,0.0,0.0,0.0,0.0,0.0,0.0,0.0,0.0,0.0,0.0,0.0,0.0,0.0,0.0,0.0,0.0,0.0,0.0,0.0,0.0,0.0,0.0,0.0,0.0,0.0,0.0,0.0,0.0,0.0,0.0,0.0,0.0,0.0,0.0,0.0,0.0,0.0,0.0,0.0,0.0,0.0,0.0,0.0,0.0,0.0,0.0,0.0,0.0,0.0,0.0,0,0,0,0,0,0,0
eclipse.jdt.core,,143,150,14,4,6,6,2508,20,0,28,845,12,1,2,26952,7023,0,0,0,0,0,0,0,0,0,0,0,0,1,5.633333333333334,1226918,95625,6528,243562,1566105,Java,0.0,0.0,0.0,0.0,0.0,0.0,0.0,0.0,0.0,0.0,0.0,0.0,0.0,0.0,0.0,0.0,0.0,0.0,0.0,0.0,0.0,0.0,0.0,0.0,0.0,0.0,0.0,0.0,0.0,0.0,0.0,0.0,0.0,0.0,0.0,0.0,0.0,0.0,0.0,0.0,0.0,0.0,0.0,0.0,0.0,0.0,0.0,0.0,0.0,0.0,0.0,0.0,0.0,0,0,0,0,0,0,0
eclipse.jdt.core,,144,75,8,4,3,6,2557,20,0,25,322,107,5,8,9857,3387,0,0,0,0,0,0,0,0,0,0,0,0,1,4.293333333333333,1231559,96075,6626,244070,1571704,Java,0.0,0.0,0.0,0.0,0.0,0.0,0.0,0.0,0.0,0.0,0.0,0.0,0.0,0.0,0.0,0.0,0.0,0.0,0.0,0.0,0.0,0.0,0.0,0.0,0.0,0.0,0.0,0.0,0.0,0.0,0.0,0.0,0.0,0.0,0.0,0.0,0.0,0.0,0.0,0.0,0.0,0.0,0.0,0.0,0.0,0.0,0.0,0.0,0.0,0.0,0.0,0.0,0.0,0,0,0,0,0,0,0
eclipse.jdt.core,,145,131,14,5,12,5,2507,20,0,27,495,18,0,0,17674,4188,0,0,0,0,0,0,0,0,0,0,0,0,4,3.7786259541984735,1171186,92897,6497,236872,1500955,Java,0.0,0.0,0.0,0.0,0.0,0.0,0.0,0.0,0.0,0.0,0.0,0.0,0.0,0.0,0.0,0.0,0.0,0.0,0.0,0.0,0.0,0.0,0.0,0.0,0.0,0.0,0.0,0.0,0.0,0.0,0.0,0.0,0.0,0.0,0.0,0.0,0.0,0.0,0.0,0.0,0.0,0.0,0.0,0.0,0.0,0.0,0.0,0.0,0.0,0.0,0.0,0.0,0.0,0,0,0,0,0,0,0
eclipse.jdt.core,,146,54,14,4,8,7,2507,20,0,11,337,13,0,0,13305,4883,0,0,0,0,0,0,0,0,0,0,0,0,1,6.2407407407407405,1171273,92904,6497,236891,1501068,Java,0.0,0.0,0.0,0.0,0.0,0.0,0.0,0.0,0.0,0.0,0.0,0.0,0.0,0.0,0.0,0.0,0.0,0.0,0.0,0.0,0.0,0.0,0.0,0.0,0.0,0.0,0.0,0.0,0.0,0.0,0.0,0.0,0.0,0.0,0.0,0.0,0.0,0.0,0.0,0.0,0.0,0.0,0.0,0.0,0.0,0.0,0.0,0.0,0.0,0.0,0.0,0.0,0.0,0,0,0,0,0,0,0
eclipse.jdt.core,,147,16,8,5,0,9,2562,20,0,10,62,5,0,0,3046,495,0,0,0,0,0,0,0,0,0,0,0,0,0,3.875,1250846,97182,6656,247228,1595256,Java,0.0,0.0,0.0,0.0,0.0,0.0,0.0,0.0,0.0,0.0,0.0,0.0,0.0,0.0,0.0,0.0,0.0,0.0,0.0,0.0,0.0,0.0,0.0,0.0,0.0,0.0,0.0,0.0,0.0,0.0,0.0,0.0,0.0,0.0,0.0,0.0,0.0,0.0,0.0,0.0,0.0,0.0,0.0,0.0,0.0,0.0,0.0,0.0,0.0,0.0,0.0,0.0,0.0,0,0,0,0,0,0,0
eclipse.jdt.core,,148,28,10,4,6,5,2507,20,0,15,76,2,0,0,3004,503,0,0,0,0,0,0,0,0,0,0,0,0,3,2.7142857142857144,1172534,92946,6497,236905,1502385,Java,0.0,0.0,0.0,0.0,0.0,0.0,0.0,0.0,0.0,0.0,0.0,0.0,0.0,0.0,0.0,0.0,0.0,0.0,0.0,0.0,0.0,0.0,0.0,0.0,0.0,0.0,0.0,0.0,0.0,0.0,0.0,0.0,0.0,0.0,0.0,0.0,0.0,0.0,0.0,0.0,0.0,0.0,0.0,0.0,0.0,0.0,0.0,0.0,0.0,0.0,0.0,0.0,0.0,0,0,0,0,0,0,0
eclipse.jdt.core,,149,108,16,6,15,4,2569,21,0,18,471,33,1,0,15945,2941,0,0,0,0,0,0,0,0,0,0,0,0,1,4.361111111111111,1262140,97724,6673,248517,1608381,Java,0.0,0.0,0.0,0.0,0.0,0.0,0.0,0.0,0.0,0.0,0.0,0.0,0.0,0.0,0.0,0.0,0.0,0.0,0.0,0.0,0.0,0.0,0.0,0.0,0.0,0.0,0.0,0.0,0.0,0.0,0.0,0.0,0.0,0.0,0.0,0.0,0.0,0.0,0.0,0.0,0.0,0.0,0.0,0.0,0.0,0.0,0.0,0.0,0.0,0.0,0.0,0.0,0.0,0,0,0,0,0,0,0
eclipse.jdt.core,,150,61,8,5,9,2,2569,21,0,21,340,6,0,0,9526,3375,0,0,0,0,0,0,0,0,0,0,0,0,0,5.573770491803279,1266945,98211,6679,249069,1614225,Java,0.0,0.0,0.0,0.0,0.0,0.0,0.0,0.0,0.0,0.0,0.0,0.0,0.0,0.0,0.0,0.0,0.0,0.0,0.0,0.0,0.0,0.0,0.0,0.0,0.0,0.0,0.0,0.0,0.0,0.0,0.0,0.0,0.0,0.0,0.0,0.0,0.0,0.0,0.0,0.0,0.0,0.0,0.0,0.0,0.0,0.0,0.0,0.0,0.0,0.0,0.0,0.0,0.0,0,0,0,0,0,0,0
eclipse.jdt.core,,151,126,12,7,10,4,2508,21,0,28,671,30,2,5,12060,4778,0,0,0,0,0,0,0,0,0,0,0,0,1,5.325396825396825,1173365,92979,6497,236962,1503306,Java,0.0,0.0,0.0,0.0,0.0,0.0,0.0,0.0,0.0,0.0,0.0,0.0,0.0,0.0,0.0,0.0,0.0,0.0,0.0,0.0,0.0,0.0,0.0,0.0,0.0,0.0,0.0,0.0,0.0,0.0,0.0,0.0,0.0,0.0,0.0,0.0,0.0,0.0,0.0,0.0,0.0,0.0,0.0,0.0,0.0,0.0,0.0,0.0,0.0,0.0,0.0,0.0,0.0,0,0,0,0,0,0,0
eclipse.jdt.core,,152,94,11,8,7,6,2574,22,0,22,382,10,0,102,9733,1386,0,0,0,0,0,0,0,0,0,0,0,0,1,4.0638297872340425,1280103,99062,6716,249925,1629090,Java,0.0,0.0,0.0,0.0,0.0,0.0,0.0,0.0,0.0,0.0,0.0,0.0,0.0,0.0,0.0,0.0,0.0,0.0,0.0,0.0,0.0,0.0,0.0,0.0,0.0,0.0,0.0,0.0,0.0,0.0,0.0,0.0,0.0,0.0,0.0,0.0,0.0,0.0,0.0,0.0,0.0,0.0,0.0,0.0,0.0,0.0,0.0,0.0,0.0,0.0,0.0,0.0,0.0,0,0,0,0,0,0,0
eclipse.jdt.core,,153,63,7,6,7,2,2574,22,0,17,665,21,2,1,14273,3612,0,0,0,0,0,0,0,0,0,0,0,0,1,10.555555555555555,1288325,99623,6735,251242,1639190,Java,0.0,0.0,0.0,0.0,0.0,0.0,0.0,0.0,0.0,0.0,0.0,0.0,0.0,0.0,0.0,0.0,0.0,0.0,0.0,0.0,0.0,0.0,0.0,0.0,0.0,0.0,0.0,0.0,0.0,0.0,0.0,0.0,0.0,0.0,0.0,0.0,0.0,0.0,0.0,0.0,0.0,0.0,0.0,0.0,0.0,0.0,0.0,0.0,0.0,0.0,0.0,0.0,0.0,0,0,0,0,0,0,0
eclipse.jdt.core,,154,115,12,7,8,4,2575,22,0,21,412,11,0,1,10706,2471,0,0,0,0,0,0,0,0,0,0,0,0,2,3.582608695652174,1295084,99877,6739,251771,1646732,Java,0.0,0.0,0.0,0.0,0.0,0.0,0.0,0.0,0.0,0.0,0.0,0.0,0.0,0.0,0.0,0.0,0.0,0.0,0.0,0.0,0.0,0.0,0.0,0.0,0.0,0.0,0.0,0.0,0.0,0.0,0.0,0.0,0.0,0.0,0.0,0.0,0.0,0.0,0.0,0.0,0.0,0.0,0.0,0.0,0.0,0.0,0.0,0.0,0.0,0.0,0.0,0.0,0.0,0,0,0,0,0,0,0
eclipse.jdt.core,,155,228,14,5,12,4,2584,22,0,29,1102,12,0,100,17497,3038,0,0,0,0,0,0,0,0,0,0,0,0,0,4.833333333333333,1307479,100360,6747,252867,1660706,Java,0.0,0.0,0.0,0.0,0.0,0.0,0.0,0.0,0.0,0.0,0.0,0.0,0.0,0.0,0.0,0.0,0.0,0.0,0.0,0.0,0.0,0.0,0.0,0.0,0.0,0.0,0.0,0.0,0.0,0.0,0.0,0.0,0.0,0.0,0.0,0.0,0.0,0.0,0.0,0.0,0.0,0.0,0.0,0.0,0.0,0.0,0.0,0.0,0.0,0.0,0.0,0.0,0.0,0,0,0,0,0,0,0
eclipse.jdt.core,,156,132,7,5,6,4,2598,22,0,25,955,15,1,4,12044,4363,0,0,0,0,0,0,0,0,0,0,0,0,1,7.234848484848484,1315664,100758,6755,251610,1668032,Java,0.0,0.0,0.0,0.0,0.0,0.0,0.0,0.0,0.0,0.0,0.0,0.0,0.0,0.0,0.0,0.0,0.0,0.0,0.0,0.0,0.0,0.0,0.0,0.0,0.0,0.0,0.0,0.0,0.0,0.0,0.0,0.0,0.0,0.0,0.0,0.0,0.0,0.0,0.0,0.0,0.0,0.0,0.0,0.0,0.0,0.0,0.0,0.0,0.0,0.0,0.0,0.0,0.0,0,0,0,0,0,0,0
eclipse.jdt.core,,157,55,12,5,8,6,2601,22,0,23,181,13,0,0,4946,1175,0,0,0,0,0,0,0,0,0,0,0,0,1,3.290909090909091,1318586,100945,6768,252161,1671692,Java,0.0,0.0,0.0,0.0,0.0,0.0,0.0,0.0,0.0,0.0,0.0,0.0,0.0,0.0,0.0,0.0,0.0,0.0,0.0,0.0,0.0,0.0,0.0,0.0,0.0,0.0,0.0,0.0,0.0,0.0,0.0,0.0,0.0,0.0,0.0,0.0,0.0,0.0,0.0,0.0,0.0,0.0,0.0,0.0,0.0,0.0,0.0,0.0,0.0,0.0,0.0,0.0,0.0,0,0,0,0,0,0,0
eclipse.jdt.core,,158,45,8,5,6,4,2602,22,0,12,100,7,0,0,2866,279,0,0,0,0,0,0,0,0,0,0,0,0,1,2.2222222222222223,1320919,101009,6773,252346,1674274,Java,0.0,0.0,0.0,0.0,0.0,0.0,0.0,0.0,0.0,0.0,0.0,0.0,0.0,0.0,0.0,0.0,0.0,0.0,0.0,0.0,0.0,0.0,0.0,0.0,0.0,0.0,0.0,0.0,0.0,0.0,0.0,0.0,0.0,0.0,0.0,0.0,0.0,0.0,0.0,0.0,0.0,0.0,0.0,0.0,0.0,0.0,0.0,0.0,0.0,0.0,0.0,0.0,0.0,0,0,0,0,0,0,0
eclipse.jdt.core,,159,8,4,3,0,4,2602,22,0,5,25,0,0,0,608,1403,0,0,0,0,0,0,0,0,0,0,0,0,0,3.125,1320102,101022,6773,252355,1673479,Java,0.0,0.0,0.0,0.0,0.0,0.0,0.0,0.0,0.0,0.0,0.0,0.0,0.0,0.0,0.0,0.0,0.0,0.0,0.0,0.0,0.0,0.0,0.0,0.0,0.0,0.0,0.0,0.0,0.0,0.0,0.0,0.0,0.0,0.0,0.0,0.0,0.0,0.0,0.0,0.0,0.0,0.0,0.0,0.0,0.0,0.0,0.0,0.0,0.0,0.0,0.0,0.0,0.0,0,0,0,0,0,0,0
eclipse.jdt.core,,160,49,8,5,4,5,2615,22,0,16,208,25,2,3,16125,12739,0,0,0,0,0,0,0,0,0,0,0,0,0,4.244897959183674,1322684,101154,6778,252941,1676779,Java,0.0,0.0,0.0,0.0,0.0,0.0,0.0,0.0,0.0,0.0,0.0,0.0,0.0,0.0,0.0,0.0,0.0,0.0,0.0,0.0,0.0,0.0,0.0,0.0,0.0,0.0,0.0,0.0,0.0,0.0,0.0,0.0,0.0,0.0,0.0,0.0,0.0,0.0,0.0,0.0,0.0,0.0,0.0,0.0,0.0,0.0,0.0,0.0,0.0,0.0,0.0,0.0,0.0,0,0,0,0,0,0,0
eclipse.jdt.core,,161,48,10,6,6,5,2606,22,0,21,151,14,15,0,3455,1987,0,0,0,0,0,0,0,0,0,0,0,0,1,3.1458333333333335,1324294,101218,6783,252790,1678302,Java,0.0,0.0,0.0,0.0,0.0,0.0,0.0,0.0,0.0,0.0,0.0,0.0,0.0,0.0,0.0,0.0,0.0,0.0,0.0,0.0,0.0,0.0,0.0,0.0,0.0,0.0,0.0,0.0,0.0,0.0,0.0,0.0,0.0,0.0,0.0,0.0,0.0,0.0,0.0,0.0,0.0,0.0,0.0,0.0,0.0,0.0,0.0,0.0,0.0,0.0,0.0,0.0,0.0,0,0,0,0,0,0,0
eclipse.jdt.core,,162,82,10,5,8,3,2608,22,0,25,219,3,0,0,5684,1159,0,0,0,0,0,0,0,0,0,0,0,0,1,2.6707317073170733,1328136,101445,6785,253236,1682817,Java,0.0,0.0,0.0,0.0,0.0,0.0,0.0,0.0,0.0,0.0,0.0,0.0,0.0,0.0,0.0,0.0,0.0,0.0,0.0,0.0,0.0,0.0,0.0,0.0,0.0,0.0,0.0,0.0,0.0,0.0,0.0,0.0,0.0,0.0,0.0,0.0,0.0,0.0,0.0,0.0,0.0,0.0,0.0,0.0,0.0,0.0,0.0,0.0,0.0,0.0,0.0,0.0,0.0,0,0,0,0,0,0,0
eclipse.jdt.core,,163,35,7,7,3,5,2608,22,0,17,132,2,0,0,2749,936,0,0,0,0,0,0,0,0,0,0,0,0,0,3.7714285714285714,1329759,101550,6787,253321,1684630,Java,0.0,0.0,0.0,0.0,0.0,0.0,0.0,0.0,0.0,0.0,0.0,0.0,0.0,0.0,0.0,0.0,0.0,0.0,0.0,0.0,0.0,0.0,0.0,0.0,0.0,0.0,0.0,0.0,0.0,0.0,0.0,0.0,0.0,0.0,0.0,0.0,0.0,0.0,0.0,0.0,0.0,0.0,0.0,0.0,0.0,0.0,0.0,0.0,0.0,0.0,0.0,0.0,0.0,0,0,0,0,0,0,0
eclipse.jdt.core,,164,84,12,6,8,3,2609,22,0,24,428,6,2,1,12371,4495,0,0,0,0,0,0,0,0,0,0,0,0,3,5.095238095238095,1337297,101777,6791,253431,1692505,Java,0.0,0.0,0.0,0.0,0.0,0.0,0.0,0.0,0.0,0.0,0.0,0.0,0.0,0.0,0.0,0.0,0.0,0.0,0.0,0.0,0.0,0.0,0.0,0.0,0.0,0.0,0.0,0.0,0.0,0.0,0.0,0.0,0.0,0.0,0.0,0.0,0.0,0.0,0.0,0.0,0.0,0.0,0.0,0.0,0.0,0.0,0.0,0.0,0.0,0.0,0.0,0.0,0.0,0,0,0,0,0,0,0
eclipse.jdt.core,,165,42,9,7,4,5,2612,22,0,19,311,6,0,0,3764,1141,0,0,0,0,0,0,0,0,0,0,0,0,1,7.404761904761905,1339359,101811,6796,253742,1694912,Java,0.0,0.0,0.0,0.0,0.0,0.0,0.0,0.0,0.0,0.0,0.0,0.0,0.0,0.0,0.0,0.0,0.0,0.0,0.0,0.0,0.0,0.0,0.0,0.0,0.0,0.0,0.0,0.0,0.0,0.0,0.0,0.0,0.0,0.0,0.0,0.0,0.0,0.0,0.0,0.0,0.0,0.0,0.0,0.0,0.0,0.0,0.0,0.0,0.0,0.0,0.0,0.0,0.0,0,0,0,0,0,0,0
eclipse.jdt.core,,166,25,8,5,3,5,2613,22,0,16,82,4,0,0,3123,279,0,0,0,0,0,0,0,0,0,0,0,0,1,3.28,1342045,101847,6799,253864,1697756,Java,0.0,0.0,0.0,0.0,0.0,0.0,0.0,0.0,0.0,0.0,0.0,0.0,0.0,0.0,0.0,0.0,0.0,0.0,0.0,0.0,0.0,0.0,0.0,0.0,0.0,0.0,0.0,0.0,0.0,0.0,0.0,0.0,0.0,0.0,0.0,0.0,0.0,0.0,0.0,0.0,0.0,0.0,0.0,0.0,0.0,0.0,0.0,0.0,0.0,0.0,0.0,0.0,0.0,0,0,0,0,0,0,0
eclipse.jdt.core,,167,33,11,6,4,7,2637,22,0,19,702,117,74,0,44032,45321,0,0,0,0,0,0,0,0,0,0,0,0,1,21.272727272727273,1340060,102332,6831,253932,1696324,Java,0.0,0.0,0.0,0.0,0.0,0.0,0.0,0.0,0.0,0.0,0.0,0.0,0.0,0.0,0.0,0.0,0.0,0.0,0.0,0.0,0.0,0.0,0.0,0.0,0.0,0.0,0.0,0.0,0.0,0.0,0.0,0.0,0.0,0.0,0.0,0.0,0.0,0.0,0.0,0.0,0.0,0.0,0.0,0.0,0.0,0.0,0.0,0.0,0.0,0.0,0.0,0.0,0.0,0,0,0,0,0,0,0
eclipse.jdt.core,,168,38,7,5,1,6,2639,22,0,19,388,3,0,0,5388,2183,0,0,0,0,0,0,0,0,0,0,0,0,0,10.210526315789474,1341944,102455,6833,254178,1698577,Java,0.0,0.0,0.0,0.0,0.0,0.0,0.0,0.0,0.0,0.0,0.0,0.0,0.0,0.0,0.0,0.0,0.0,0.0,0.0,0.0,0.0,0.0,0.0,0.0,0.0,0.0,0.0,0.0,0.0,0.0,0.0,0.0,0.0,0.0,0.0,0.0,0.0,0.0,0.0,0.0,0.0,0.0,0.0,0.0,0.0,0.0,0.0,0.0,0.0,0.0,0.0,0.0,0.0,0,0,0,0,0,0,0
eclipse.jdt.core,,169,43,9,6,4,5,2641,22,0,19,129,7,0,0,29652,26873,0,0,0,0,0,0,0,0,0,0,0,0,2,3.0,1344380,102585,6840,254388,1701353,Java,0.0,0.0,0.0,0.0,0.0,0.0,0.0,0.0,0.0,0.0,0.0,0.0,0.0,0.0,0.0,0.0,0.0,0.0,0.0,0.0,0.0,0.0,0.0,0.0,0.0,0.0,0.0,0.0,0.0,0.0,0.0,0.0,0.0,0.0,0.0,0.0,0.0,0.0,0.0,0.0,0.0,0.0,0.0,0.0,0.0,0.0,0.0,0.0,0.0,0.0,0.0,0.0,0.0,0,0,0,0,0,0,0
eclipse.jdt.core,,170,28,8,5,6,4,2643,22,0,15,100,4,1,0,3329,1506,0,0,0,0,0,0,0,0,0,0,0,0,2,3.5714285714285716,1345980,102655,6842,254654,1703289,Java,0.0,0.0,0.0,0.0,0.0,0.0,0.0,0.0,0.0,0.0,0.0,0.0,0.0,0.0,0.0,0.0,0.0,0.0,0.0,0.0,0.0,0.0,0.0,0.0,0.0,0.0,0.0,0.0,0.0,0.0,0.0,0.0,0.0,0.0,0.0,0.0,0.0,0.0,0.0,0.0,0.0,0.0,0.0,0.0,0.0,0.0,0.0,0.0,0.0,0.0,0.0,0.0,0.0,0,0,0,0,0,0,0
eclipse.jdt.core,,171,7,5,3,0,5,2643,22,0,6,23,0,0,0,261,67,0,0,0,0,0,0,0,0,0,0,0,0,1,3.2857142857142856,1346780,102730,6843,254858,1704368,Java,0.0,0.0,0.0,0.0,0.0,0.0,0.0,0.0,0.0,0.0,0.0,0.0,0.0,0.0,0.0,0.0,0.0,0.0,0.0,0.0,0.0,0.0,0.0,0.0,0.0,0.0,0.0,0.0,0.0,0.0,0.0,0.0,0.0,0.0,0.0,0.0,0.0,0.0,0.0,0.0,0.0,0.0,0.0,0.0,0.0,0.0,0.0,0.0,0.0,0.0,0.0,0.0,0.0,0,0,0,0,0,0,0
eclipse.jdt.core,,172,38,8,7,2,6,2643,22,0,15,92,1,0,0,2040,542,0,0,0,0,0,0,0,0,0,0,0,0,2,2.4210526315789473,1347465,102738,6842,254750,1704953,Java,0.0,0.0,0.0,0.0,0.0,0.0,0.0,0.0,0.0,0.0,0.0,0.0,0.0,0.0,0.0,0.0,0.0,0.0,0.0,0.0,0.0,0.0,0.0,0.0,0.0,0.0,0.0,0.0,0.0,0.0,0.0,0.0,0.0,0.0,0.0,0.0,0.0,0.0,0.0,0.0,0.0,0.0,0.0,0.0,0.0,0.0,0.0,0.0,0.0,0.0,0.0,0.0,0.0,0,0,0,0,0,0,0
eclipse.jdt.core,,173,38,11,6,5,6,2646,22,0,17,119,5,0,0,1707,482,0,0,0,0,0,0,0,0,0,0,0,0,2,3.1315789473684212,1348396,102789,6846,254933,1706118,Java,0.0,0.0,0.0,0.0,0.0,0.0,0.0,0.0,0.0,0.0,0.0,0.0,0.0,0.0,0.0,0.0,0.0,0.0,0.0,0.0,0.0,0.0,0.0,0.0,0.0,0.0,0.0,0.0,0.0,0.0,0.0,0.0,0.0,0.0,0.0,0.0,0.0,0.0,0.0,0.0,0.0,0.0,0.0,0.0,0.0,0.0,0.0,0.0,0.0,0.0,0.0,0.0,0.0,0,0,0,0,0,0,0
eclipse.jdt.core,,174,22,6,6,1,5,2646,22,0,15,56,0,0,0,1267,109,0,0,0,0,0,0,0,0,0,0,0,0,0,2.5454545454545454,1349422,102825,6846,255029,1707276,Java,0.0,0.0,0.0,0.0,0.0,0.0,0.0,0.0,0.0,0.0,0.0,0.0,0.0,0.0,0.0,0.0,0.0,0.0,0.0,0.0,0.0,0.0,0.0,0.0,0.0,0.0,0.0,0.0,0.0,0.0,0.0,0.0,0.0,0.0,0.0,0.0,0.0,0.0,0.0,0.0,0.0,0.0,0.0,0.0,0.0,0.0,0.0,0.0,0.0,0.0,0.0,0.0,0.0,0,0,0,0,0,0,0
eclipse.jdt.core,,175,48,12,6,7,6,2646,22,0,20,242,4,0,0,4401,1743,0,0,0,0,0,0,0,0,0,0,0,0,3,5.041666666666667,1350803,102842,6846,255120,1708765,Java,0.0,0.0,0.0,0.0,0.0,0.0,0.0,0.0,0.0,0.0,0.0,0.0,0.0,0.0,0.0,0.0,0.0,0.0,0.0,0.0,0.0,0.0,0.0,0.0,0.0,0.0,0.0,0.0,0.0,0.0,0.0,0.0,0.0,0.0,0.0,0.0,0.0,0.0,0.0,0.0,0.0,0.0,0.0,0.0,0.0,0.0,0.0,0.0,0.0,0.0,0.0,0.0,0.0,0,0,0,0,0,0,0
eclipse.jdt.core,,176,24,7,3,3,5,2648,22,0,15,127,22,0,0,6126,1641,0,0,0,0,0,0,0,0,0,0,0,0,1,5.291666666666667,1354253,103060,6859,255676,1712989,Java,0.0,0.0,0.0,0.0,0.0,0.0,0.0,0.0,0.0,0.0,0.0,0.0,0.0,0.0,0.0,0.0,0.0,0.0,0.0,0.0,0.0,0.0,0.0,0.0,0.0,0.0,0.0,0.0,0.0,0.0,0.0,0.0,0.0,0.0,0.0,0.0,0.0,0.0,0.0,0.0,0.0,0.0,0.0,0.0,0.0,0.0,0.0,0.0,0.0,0.0,0.0,0.0,0.0,0,0,0,0,0,0,0
eclipse.jdt.core,,177,48,13,7,8,5,2648,22,0,20,149,0,0,0,4841,719,0,0,0,0,0,0,0,0,0,0,0,0,4,3.1041666666666665,1357729,103212,6859,256168,1717109,Java,0.0,0.0,0.0,0.0,0.0,0.0,0.0,0.0,0.0,0.0,0.0,0.0,0.0,0.0,0.0,0.0,0.0,0.0,0.0,0.0,0.0,0.0,0.0,0.0,0.0,0.0,0.0,0.0,0.0,0.0,0.0,0.0,0.0,0.0,0.0,0.0,0.0,0.0,0.0,0.0,0.0,0.0,0.0,0.0,0.0,0.0,0.0,0.0,0.0,0.0,0.0,0.0,0.0,0,0,0,0,0,0,0
eclipse.jdt.core,,178,54,8,8,3,5,2650,22,0,19,216,7,0,0,6057,2965,0,0,0,0,0,0,0,0,0,0,0,0,0,4.0,1359897,103349,6863,256307,1719553,Java,0.0,0.0,0.0,0.0,0.0,0.0,0.0,0.0,0.0,0.0,0.0,0.0,0.0,0.0,0.0,0.0,0.0,0.0,0.0,0.0,0.0,0.0,0.0,0.0,0.0,0.0,0.0,0.0,0.0,0.0,0.0,0.0,0.0,0.0,0.0,0.0,0.0,0.0,0.0,0.0,0.0,0.0,0.0,0.0,0.0,0.0,0.0,0.0,0.0,0.0,0.0,0.0,0.0,0,0,0,0,0,0,0
eclipse.jdt.core,,179,30,9,6,3,6,2650,22,0,16,179,7,0,0,5549,1967,0,0,0,0,0,0,0,0,0,0,0,0,0,5.966666666666667,1361221,103378,6863,256327,1720926,Java,0.0,0.0,0.0,0.0,0.0,0.0,0.0,0.0,0.0,0.0,0.0,0.0,0.0,0.0,0.0,0.0,0.0,0.0,0.0,0.0,0.0,0.0,0.0,0.0,0.0,0.0,0.0,0.0,0.0,0.0,0.0,0.0,0.0,0.0,0.0,0.0,0.0,0.0,0.0,0.0,0.0,0.0,0.0,0.0,0.0,0.0,0.0,0.0,0.0,0.0,0.0,0.0,0.0,0,0,0,0,0,0,0
eclipse.jdt.core,,180,59,8,7,1,7,2658,22,0,23,304,60,0,0,11983,1489,0,0,0,0,0,0,0,0,0,0,0,0,0,5.1525423728813555,1366865,103729,6895,257200,1727794,Java,0.0,0.0,0.0,0.0,0.0,0.0,0.0,0.0,0.0,0.0,0.0,0.0,0.0,0.0,0.0,0.0,0.0,0.0,0.0,0.0,0.0,0.0,0.0,0.0,0.0,0.0,0.0,0.0,0.0,0.0,0.0,0.0,0.0,0.0,0.0,0.0,0.0,0.0,0.0,0.0,0.0,0.0,0.0,0.0,0.0,0.0,0.0,0.0,0.0,0.0,0.0,0.0,0.0,0,0,0,0,0,0,0
eclipse.jdt.core,,181,28,9,8,1,8,2662,22,0,18,175,1,0,6,2337,1156,0,0,0,0,0,0,0,0,0,0,0,0,1,6.25,1367815,103822,6896,257248,1728885,Java,0.0,0.0,0.0,0.0,0.0,0.0,0.0,0.0,0.0,0.0,0.0,0.0,0.0,0.0,0.0,0.0,0.0,0.0,0.0,0.0,0.0,0.0,0.0,0.0,0.0,0.0,0.0,0.0,0.0,0.0,0.0,0.0,0.0,0.0,0.0,0.0,0.0,0.0,0.0,0.0,0.0,0.0,0.0,0.0,0.0,0.0,0.0,0.0,0.0,0.0,0.0,0.0,0.0,0,0,0,0,0,0,0
eclipse.jdt.core,,182,46,10,7,4,6,2663,22,0,17,164,8,0,0,3993,958,0,0,0,0,0,0,0,0,0,0,0,0,1,3.5652173913043477,1370558,103946,6904,257412,1731916,Java,0.0,0.0,0.0,0.0,0.0,0.0,0.0,0.0,0.0,0.0,0.0,0.0,0.0,0.0,0.0,0.0,0.0,0.0,0.0,0.0,0.0,0.0,0.0,0.0,0.0,0.0,0.0,0.0,0.0,0.0,0.0,0.0,0.0,0.0,0.0,0.0,0.0,0.0,0.0,0.0,0.0,0.0,0.0,0.0,0.0,0.0,0.0,0.0,0.0,0.0,0.0,0.0,0.0,0,0,0,0,0,0,0
eclipse.jdt.core,,183,17,8,8,0,8,2663,22,0,11,75,5,0,1,1336,502,0,0,0,0,0,0,0,0,0,0,0,0,0,4.411764705882353,1370645,103953,6904,257413,1732011,Java,0.0,0.0,0.0,0.0,0.0,0.0,0.0,0.0,0.0,0.0,0.0,0.0,0.0,0.0,0.0,0.0,0.0,0.0,0.0,0.0,0.0,0.0,0.0,0.0,0.0,0.0,0.0,0.0,0.0,0.0,0.0,0.0,0.0,0.0,0.0,0.0,0.0,0.0,0.0,0.0,0.0,0.0,0.0,0.0,0.0,0.0,0.0,0.0,0.0,0.0,0.0,0.0,0.0,0,0,0,0,0,0,0
eclipse.jdt.core,,184,31,7,6,2,5,2671,22,0,16,120,7,0,0,15719,12789,0,0,0,0,0,0,0,0,0,0,0,0,0,3.870967741935484,1379484,104534,6948,259434,1743452,Java,0.0,0.0,0.0,0.0,0.0,0.0,0.0,0.0,0.0,0.0,0.0,0.0,0.0,0.0,0.0,0.0,0.0,0.0,0.0,0.0,0.0,0.0,0.0,0.0,0.0,0.0,0.0,0.0,0.0,0.0,0.0,0.0,0.0,0.0,0.0,0.0,0.0,0.0,0.0,0.0,0.0,0.0,0.0,0.0,0.0,0.0,0.0,0.0,0.0,0.0,0.0,0.0,0.0,0,0,0,0,0,0,0
eclipse.jdt.core,,185,33,6,6,0,6,2666,22,0,21,173,16,2,0,23442,18733,0,0,0,0,0,0,0,0,0,0,0,0,0,5.242424242424242,1373024,104021,6909,257580,1734625,Java,0.0,0.0,0.0,0.0,0.0,0.0,0.0,0.0,0.0,0.0,0.0,0.0,0.0,0.0,0.0,0.0,0.0,0.0,0.0,0.0,0.0,0.0,0.0,0.0,0.0,0.0,0.0,0.0,0.0,0.0,0.0,0.0,0.0,0.0,0.0,0.0,0.0,0.0,0.0,0.0,0.0,0.0,0.0,0.0,0.0,0.0,0.0,0.0,0.0,0.0,0.0,0.0,0.0,0,0,0,0,0,0,0
eclipse.jdt.core,,186,40,9,8,4,5,2667,22,0,16,185,5,0,0,8989,7277,0,0,0,0,0,0,0,0,0,0,0,0,1,4.625,1374191,104076,6913,257629,1735896,Java,0.0,0.0,0.0,0.0,0.0,0.0,0.0,0.0,0.0,0.0,0.0,0.0,0.0,0.0,0.0,0.0,0.0,0.0,0.0,0.0,0.0,0.0,0.0,0.0,0.0,0.0,0.0,0.0,0.0,0.0,0.0,0.0,0.0,0.0,0.0,0.0,0.0,0.0,0.0,0.0,0.0,0.0,0.0,0.0,0.0,0.0,0.0,0.0,0.0,0.0,0.0,0.0,0.0,0,0,0,0,0,0,0
eclipse.jdt.core,,187,202,9,8,8,1,2678,22,0,14,1223,184,12,158,39681,12233,0,0,0,0,0,0,0,0,0,0,0,0,0,6.054455445544554,1391562,107539,7062,262110,1761211,Java,0.0,0.0,0.0,0.0,0.0,0.0,0.0,0.0,0.0,0.0,0.0,0.0,0.0,0.0,0.0,0.0,0.0,0.0,0.0,0.0,0.0,0.0,0.0,0.0,0.0,0.0,0.0,0.0,0.0,0.0,0.0,0.0,0.0,0.0,0.0,0.0,0.0,0.0,0.0,0.0,0.0,0.0,0.0,0.0,0.0,0.0,0.0,0.0,0.0,0.0,0.0,0.0,0.0,0,0,0,0,0,0,0
eclipse.jdt.core,,188,43,6,6,0,6,2679,22,0,20,174,11,4,0,5095,1582,0,0,0,0,0,0,0,0,0,0,0,0,0,4.046511627906977,1392668,107576,7061,262119,1762363,Java,0.0,0.0,0.0,0.0,0.0,0.0,0.0,0.0,0.0,0.0,0.0,0.0,0.0,0.0,0.0,0.0,0.0,0.0,0.0,0.0,0.0,0.0,0.0,0.0,0.0,0.0,0.0,0.0,0.0,0.0,0.0,0.0,0.0,0.0,0.0,0.0,0.0,0.0,0.0,0.0,0.0,0.0,0.0,0.0,0.0,0.0,0.0,0.0,0.0,0.0,0.0,0.0,0.0,0,0,0,0,0,0,0
eclipse.jdt.core,,189,43,11,7,5,6,2687,22,0,18,213,15,3,1,6258,1667,0,0,0,0,0,0,0,0,0,0,0,0,3,4.953488372093023,1394984,107776,7072,262423,1765183,Java,0.0,0.0,0.0,0.0,0.0,0.0,0.0,0.0,0.0,0.0,0.0,0.0,0.0,0.0,0.0,0.0,0.0,0.0,0.0,0.0,0.0,0.0,0.0,0.0,0.0,0.0,0.0,0.0,0.0,0.0,0.0,0.0,0.0,0.0,0.0,0.0,0.0,0.0,0.0,0.0,0.0,0.0,0.0,0.0,0.0,0.0,0.0,0.0,0.0,0.0,0.0,0.0,0.0,0,0,0,0,0,0,0
eclipse.jdt.core,,190,55,6,6,0,6,2688,22,0,21,298,44,9,1,12053,5867,0,0,0,0,0,0,0,0,0,0,0,0,0,5.418181818181818,1396207,107931,7081,262504,1766642,Java,0.0,0.0,0.0,0.0,0.0,0.0,0.0,0.0,0.0,0.0,0.0,0.0,0.0,0.0,0.0,0.0,0.0,0.0,0.0,0.0,0.0,0.0,0.0,0.0,0.0,0.0,0.0,0.0,0.0,0.0,0.0,0.0,0.0,0.0,0.0,0.0,0.0,0.0,0.0,0.0,0.0,0.0,0.0,0.0,0.0,0.0,0.0,0.0,0.0,0.0,0.0,0.0,0.0,0,0,0,0,0,0,0
eclipse.jdt.core,,191,57,9,9,0,9,2723,22,0,25,179,26,1,1,7909,3045,0,0,0,0,0,0,0,0,0,0,0,0,0,3.1403508771929824,1419302,109709,7195,267869,1796880,Java,0.0,0.0,0.0,0.0,0.0,0.0,0.0,0.0,0.0,0.0,0.0,0.0,0.0,0.0,0.0,0.0,0.0,0.0,0.0,0.0,0.0,0.0,0.0,0.0,0.0,0.0,0.0,0.0,0.0,0.0,0.0,0.0,0.0,0.0,0.0,0.0,0.0,0.0,0.0,0.0,0.0,0.0,0.0,0.0,0.0,0.0,0.0,0.0,0.0,0.0,0.0,0.0,0.0,0,0,0,0,0,0,0
eclipse.jdt.core,,192,35,8,7,2,6,2713,22,0,19,146,21,0,0,5367,944,0,0,0,0,0,0,0,0,0,0,0,0,0,4.171428571428572,1401738,108354,7107,263421,1773513,Java,0.0,0.0,0.0,0.0,0.0,0.0,0.0,0.0,0.0,0.0,0.0,0.0,0.0,0.0,0.0,0.0,0.0,0.0,0.0,0.0,0.0,0.0,0.0,0.0,0.0,0.0,0.0,0.0,0.0,0.0,0.0,0.0,0.0,0.0,0.0,0.0,0.0,0.0,0.0,0.0,0.0,0.0,0.0,0.0,0.0,0.0,0.0,0.0,0.0,0.0,0.0,0.0,0.0,0,0,0,0,0,0,0
eclipse.jdt.core,,193,51,9,8,2,7,2713,22,0,27,218,9,12,2,4900,2247,0,0,0,0,0,0,0,0,0,0,0,0,1,4.2745098039215685,1403844,108502,7104,263643,1775989,Java,0.0,0.0,0.0,0.0,0.0,0.0,0.0,0.0,0.0,0.0,0.0,0.0,0.0,0.0,0.0,0.0,0.0,0.0,0.0,0.0,0.0,0.0,0.0,0.0,0.0,0.0,0.0,0.0,0.0,0.0,0.0,0.0,0.0,0.0,0.0,0.0,0.0,0.0,0.0,0.0,0.0,0.0,0.0,0.0,0.0,0.0,0.0,0.0,0.0,0.0,0.0,0.0,0.0,0,0,0,0,0,0,0
eclipse.jdt.core,,194,39,11,8,4,7,2713,22,0,21,210,11,5,0,3925,2368,0,0,0,0,0,0,0,0,0,0,0,0,1,5.384615384615385,1404469,108516,7106,263677,1776662,Java,0.0,0.0,0.0,0.0,0.0,0.0,0.0,0.0,0.0,0.0,0.0,0.0,0.0,0.0,0.0,0.0,0.0,0.0,0.0,0.0,0.0,0.0,0.0,0.0,0.0,0.0,0.0,0.0,0.0,0.0,0.0,0.0,0.0,0.0,0.0,0.0,0.0,0.0,0.0,0.0,0.0,0.0,0.0,0.0,0.0,0.0,0.0,0.0,0.0,0.0,0.0,0.0,0.0,0,0,0,0,0,0,0
eclipse.jdt.core,,195,13,5,5,0,5,2725,22,0,6,84,4,0,0,2308,179,0,0,0,0,0,0,0,0,0,0,0,0,0,6.461538461538462,1428022,110336,7221,269445,1807803,Java,0.0,0.0,0.0,0.0,0.0,0.0,0.0,0.0,0.0,0.0,0.0,0.0,0.0,0.0,0.0,0.0,0.0,0.0,0.0,0.0,0.0,0.0,0.0,0.0,0.0,0.0,0.0,0.0,0.0,0.0,0.0,0.0,0.0,0.0,0.0,0.0,0.0,0.0,0.0,0.0,0.0,0.0,0.0,0.0,0.0,0.0,0.0,0.0,0.0,0.0,0.0,0.0,0.0,0,0,0,0,0,0,0
eclipse.jdt.core,,196,36,5,5,1,4,2725,22,0,19,263,9,7,6,5551,3765,0,0,0,0,0,0,0,0,0,0,0,0,0,7.305555555555555,1429526,110465,7220,269520,1809511,Java,0.0,0.0,0.0,0.0,0.0,0.0,0.0,0.0,0.0,0.0,0.0,0.0,0.0,0.0,0.0,0.0,0.0,0.0,0.0,0.0,0.0,0.0,0.0,0.0,0.0,0.0,0.0,0.0,0.0,0.0,0.0,0.0,0.0,0.0,0.0,0.0,0.0,0.0,0.0,0.0,0.0,0.0,0.0,0.0,0.0,0.0,0.0,0.0,0.0,0.0,0.0,0.0,0.0,0,0,0,0,0,0,0
eclipse.jdt.core,,197,42,5,4,1,4,2762,22,0,23,282,92,13,0,9017,3621,0,0,0,0,0,0,0,0,0,0,0,0,0,6.714285714285714,1433187,110749,7257,270632,1814568,Java,0.0,0.0,0.0,0.0,0.0,0.0,0.0,0.0,0.0,0.0,0.0,0.0,0.0,0.0,0.0,0.0,0.0,0.0,0.0,0.0,0.0,0.0,0.0,0.0,0.0,0.0,0.0,0.0,0.0,0.0,0.0,0.0,0.0,0.0,0.0,0.0,0.0,0.0,0.0,0.0,0.0,0.0,0.0,0.0,0.0,0.0,0.0,0.0,0.0,0.0,0.0,0.0,0.0,0,0,0,0,0,0,0
eclipse.jdt.core,,198,82,6,6,2,4,2765,22,0,26,341,22,2,0,13420,6220,0,0,0,0,0,0,0,0,0,0,0,0,0,4.158536585365853,1439178,111173,7274,271420,1821771,Java,0.0,0.0,0.0,0.0,0.0,0.0,0.0,0.0,0.0,0.0,0.0,0.0,0.0,0.0,0.0,0.0,0.0,0.0,0.0,0.0,0.0,0.0,0.0,0.0,0.0,0.0,0.0,0.0,0.0,0.0,0.0,0.0,0.0,0.0,0.0,0.0,0.0,0.0,0.0,0.0,0.0,0.0,0.0,0.0,0.0,0.0,0.0,0.0,0.0,0.0,0.0,0.0,0.0,0,0,0,0,0,0,0
eclipse.jdt.core,,199,67,7,7,2,5,2799,23,0,23,1364,40,0,0,11861,6154,0,0,0,0,0,0,0,0,0,0,0,0,1,20.35820895522388,1445864,111664,7296,270200,1827728,Java,0.0,0.0,0.0,0.0,0.0,0.0,0.0,0.0,0.0,0.0,0.0,0.0,0.0,0.0,0.0,0.0,0.0,0.0,0.0,0.0,0.0,0.0,0.0,0.0,0.0,0.0,0.0,0.0,0.0,0.0,0.0,0.0,0.0,0.0,0.0,0.0,0.0,0.0,0.0,0.0,0.0,0.0,0.0,0.0,0.0,0.0,0.0,0.0,0.0,0.0,0.0,0.0,0.0,0,0,0,0,0,0,0
eclipse.jdt.core,,200,47,9,7,4,5,2795,23,0,19,128,2,0,0,2204,531,0,0,0,0,0,0,0,0,0,0,0,0,0,2.723404255319149,1445577,111653,7296,270193,1827423,Java,0.0,0.0,0.0,0.0,0.0,0.0,0.0,0.0,0.0,0.0,0.0,0.0,0.0,0.0,0.0,0.0,0.0,0.0,0.0,0.0,0.0,0.0,0.0,0.0,0.0,0.0,0.0,0.0,0.0,0.0,0.0,0.0,0.0,0.0,0.0,0.0,0.0,0.0,0.0,0.0,0.0,0.0,0.0,0.0,0.0,0.0,0.0,0.0,0.0,0.0,0.0,0.0,0.0,0,0,0,0,0,0,0
eclipse.jdt.core,,201,92,12,9,6,6,2800,23,0,24,332,6,0,0,14926,3990,0,0,0,0,0,0,0,0,0,0,0,0,1,3.608695652173913,1454458,112075,7301,270461,1836994,Java,0.0,0.0,0.0,0.0,0.0,0.0,0.0,0.0,0.0,0.0,0.0,0.0,0.0,0.0,0.0,0.0,0.0,0.0,0.0,0.0,0.0,0.0,0.0,0.0,0.0,0.0,0.0,0.0,0.0,0.0,0.0,0.0,0.0,0.0,0.0,0.0,0.0,0.0,0.0,0.0,0.0,0.0,0.0,0.0,0.0,0.0,0.0,0.0,0.0,0.0,0.0,0.0,0.0,0,0,0,0,0,0,0
eclipse.jdt.core,,202,45,9,8,4,5,2800,23,0,22,1341,4,0,0,14856,10888,0,0,0,0,0,0,0,0,0,0,0,0,0,29.8,1464057,112340,7302,263901,1840298,Java,0.0,0.0,0.0,0.0,0.0,0.0,0.0,0.0,0.0,0.0,0.0,0.0,0.0,0.0,0.0,0.0,0.0,0.0,0.0,0.0,0.0,0.0,0.0,0.0,0.0,0.0,0.0,0.0,0.0,0.0,0.0,0.0,0.0,0.0,0.0,0.0,0.0,0.0,0.0,0.0,0.0,0.0,0.0,0.0,0.0,0.0,0.0,0.0,0.0,0.0,0.0,0.0,0.0,0,0,0,0,0,0,0
eclipse.jdt.core,,203,67,8,7,3,5,2795,23,0,23,294,11,0,0,9959,1646,0,0,0,0,0,0,0,0,0,0,0,0,1,4.388059701492537,1450342,111864,7299,270307,1832513,Java,0.0,0.0,0.0,0.0,0.0,0.0,0.0,0.0,0.0,0.0,0.0,0.0,0.0,0.0,0.0,0.0,0.0,0.0,0.0,0.0,0.0,0.0,0.0,0.0,0.0,0.0,0.0,0.0,0.0,0.0,0.0,0.0,0.0,0.0,0.0,0.0,0.0,0.0,0.0,0.0,0.0,0.0,0.0,0.0,0.0,0.0,0.0,0.0,0.0,0.0,0.0,0.0,0.0,0,0,0,0,0,0,0
eclipse.jdt.core,,204,79,13,10,7,6,2802,24,0,24,539,39,0,0,14881,2907,0,0,0,0,0,0,0,0,0,0,0,0,1,6.822784810126582,1475888,113060,7328,265612,1854560,Java,0.0,0.0,0.0,0.0,0.0,0.0,0.0,0.0,0.0,0.0,0.0,0.0,0.0,0.0,0.0,0.0,0.0,0.0,0.0,0.0,0.0,0.0,0.0,0.0,0.0,0.0,0.0,0.0,0.0,0.0,0.0,0.0,0.0,0.0,0.0,0.0,0.0,0.0,0.0,0.0,0.0,0.0,0.0,0.0,0.0,0.0,0.0,0.0,0.0,0.0,0.0,0.0,0.0,0,0,0,0,0,0,0
eclipse.jdt.core,,205,69,11,11,5,6,2811,24,0,25,261,7,4,0,4183,2824,0,0,0,0,0,0,0,0,0,0,0,0,1,3.782608695652174,1480417,113286,7340,266142,1859845,Java,0.0,0.0,0.0,0.0,0.0,0.0,0.0,0.0,0.0,0.0,0.0,0.0,0.0,0.0,0.0,0.0,0.0,0.0,0.0,0.0,0.0,0.0,0.0,0.0,0.0,0.0,0.0,0.0,0.0,0.0,0.0,0.0,0.0,0.0,0.0,0.0,0.0,0.0,0.0,0.0,0.0,0.0,0.0,0.0,0.0,0.0,0.0,0.0,0.0,0.0,0.0,0.0,0.0,0,0,0,0,0,0,0
eclipse.jdt.core,,206,33,9,8,5,4,2811,24,0,18,108,5,0,0,2141,485,0,0,0,0,0,0,0,0,0,0,0,0,3,3.272727272727273,1481925,113363,7344,266204,1861492,Java,0.0,0.0,0.0,0.0,0.0,0.0,0.0,0.0,0.0,0.0,0.0,0.0,0.0,0.0,0.0,0.0,0.0,0.0,0.0,0.0,0.0,0.0,0.0,0.0,0.0,0.0,0.0,0.0,0.0,0.0,0.0,0.0,0.0,0.0,0.0,0.0,0.0,0.0,0.0,0.0,0.0,0.0,0.0,0.0,0.0,0.0,0.0,0.0,0.0,0.0,0.0,0.0,0.0,0,0,0,0,0,0,0
eclipse.jdt.core,,207,22,7,5,4,3,2815,24,0,13,91,20,0,0,1688,249,0,0,0,0,0,0,0,0,0,0,0,0,1,4.136363636363637,1483007,113426,7351,266463,1862896,Java,0.0,0.0,0.0,0.0,0.0,0.0,0.0,0.0,0.0,0.0,0.0,0.0,0.0,0.0,0.0,0.0,0.0,0.0,0.0,0.0,0.0,0.0,0.0,0.0,0.0,0.0,0.0,0.0,0.0,0.0,0.0,0.0,0.0,0.0,0.0,0.0,0.0,0.0,0.0,0.0,0.0,0.0,0.0,0.0,0.0,0.0,0.0,0.0,0.0,0.0,0.0,0.0,0.0,0,0,0,0,0,0,0
eclipse.jdt.core,,208,34,8,7,6,4,2812,24,0,21,96,2,0,0,2240,302,0,0,0,0,0,0,0,0,0,0,0,0,2,2.823529411764706,1483582,113401,7346,266248,1863231,Java,0.0,0.0,0.0,0.0,0.0,0.0,0.0,0.0,0.0,0.0,0.0,0.0,0.0,0.0,0.0,0.0,0.0,0.0,0.0,0.0,0.0,0.0,0.0,0.0,0.0,0.0,0.0,0.0,0.0,0.0,0.0,0.0,0.0,0.0,0.0,0.0,0.0,0.0,0.0,0.0,0.0,0.0,0.0,0.0,0.0,0.0,0.0,0.0,0.0,0.0,0.0,0.0,0.0,0,0,0,0,0,0,0
eclipse.jdt.core,,209,43,8,7,4,5,2813,24,0,20,171,19,0,0,6122,1607,0,0,0,0,0,0,0,0,0,0,0,0,0,3.976744186046512,1485144,113556,7357,266455,1865155,Java,0.0,0.0,0.0,0.0,0.0,0.0,0.0,0.0,0.0,0.0,0.0,0.0,0.0,0.0,0.0,0.0,0.0,0.0,0.0,0.0,0.0,0.0,0.0,0.0,0.0,0.0,0.0,0.0,0.0,0.0,0.0,0.0,0.0,0.0,0.0,0.0,0.0,0.0,0.0,0.0,0.0,0.0,0.0,0.0,0.0,0.0,0.0,0.0,0.0,0.0,0.0,0.0,0.0,0,0,0,0,0,0,0
eclipse.jdt.core,,210,30,11,10,5,7,2820,24,0,23,2217,26,1,0,16248,6992,0,0,0,0,0,0,0,0,0,0,0,0,1,73.9,1487445,113744,7377,272760,1873949,Java,0.0,0.0,0.0,0.0,0.0,0.0,0.0,0.0,0.0,0.0,0.0,0.0,0.0,0.0,0.0,0.0,0.0,0.0,0.0,0.0,0.0,0.0,0.0,0.0,0.0,0.0,0.0,0.0,0.0,0.0,0.0,0.0,0.0,0.0,0.0,0.0,0.0,0.0,0.0,0.0,0.0,0.0,0.0,0.0,0.0,0.0,0.0,0.0,0.0,0.0,0.0,0.0,0.0,0,0,0,0,0,0,0
eclipse.jdt.core,,211,40,10,8,5,5,2824,24,0,15,3590,7,0,0,23064,11834,0,0,0,0,0,0,0,0,0,0,0,0,2,89.75,1491506,114016,7395,275026,1880548,Java,0.0,0.0,0.0,0.0,0.0,0.0,0.0,0.0,0.0,0.0,0.0,0.0,0.0,0.0,0.0,0.0,0.0,0.0,0.0,0.0,0.0,0.0,0.0,0.0,0.0,0.0,0.0,0.0,0.0,0.0,0.0,0.0,0.0,0.0,0.0,0.0,0.0,0.0,0.0,0.0,0.0,0.0,0.0,0.0,0.0,0.0,0.0,0.0,0.0,0.0,0.0,0.0,0.0,0,0,0,0,0,0,0
eclipse.jdt.core,,212,30,8,6,1,7,2825,24,0,18,75,3,0,0,1839,261,0,0,0,0,0,0,0,0,0,0,0,0,0,2.5,1492742,114068,7398,275190,1882000,Java,0.0,0.0,0.0,0.0,0.0,0.0,0.0,0.0,0.0,0.0,0.0,0.0,0.0,0.0,0.0,0.0,0.0,0.0,0.0,0.0,0.0,0.0,0.0,0.0,0.0,0.0,0.0,0.0,0.0,0.0,0.0,0.0,0.0,0.0,0.0,0.0,0.0,0.0,0.0,0.0,0.0,0.0,0.0,0.0,0.0,0.0,0.0,0.0,0.0,0.0,0.0,0.0,0.0,0,0,0,0,0,0,0
eclipse.jdt.core,,213,39,7,6,2,5,2826,24,0,21,277,15,2,1,6757,2771,0,0,0,0,0,0,0,0,0,0,0,0,1,7.102564102564102,1495378,114428,7412,275523,1885329,Java,0.0,0.0,0.0,0.0,0.0,0.0,0.0,0.0,0.0,0.0,0.0,0.0,0.0,0.0,0.0,0.0,0.0,0.0,0.0,0.0,0.0,0.0,0.0,0.0,0.0,0.0,0.0,0.0,0.0,0.0,0.0,0.0,0.0,0.0,0.0,0.0,0.0,0.0,0.0,0.0,0.0,0.0,0.0,0.0,0.0,0.0,0.0,0.0,0.0,0.0,0.0,0.0,0.0,0,0,0,0,0,0,0
eclipse.jdt.core,,214,31,7,7,2,5,2825,24,0,14,122,9,4,0,5755,2875,0,0,0,0,0,0,0,0,0,0,0,0,1,3.935483870967742,1496467,114528,7417,275773,1886768,Java,0.0,0.0,0.0,0.0,0.0,0.0,0.0,0.0,0.0,0.0,0.0,0.0,0.0,0.0,0.0,0.0,0.0,0.0,0.0,0.0,0.0,0.0,0.0,0.0,0.0,0.0,0.0,0.0,0.0,0.0,0.0,0.0,0.0,0.0,0.0,0.0,0.0,0.0,0.0,0.0,0.0,0.0,0.0,0.0,0.0,0.0,0.0,0.0,0.0,0.0,0.0,0.0,0.0,0,0,0,0,0,0,0
eclipse.jdt.core,,215,66,11,7,6,5,2826,24,0,28,185,14,0,0,8606,1377,0,0,0,0,0,0,0,0,0,0,0,0,2,2.803030303030303,1498132,114655,7428,276076,1888863,Java,0.0,0.0,0.0,0.0,0.0,0.0,0.0,0.0,0.0,0.0,0.0,0.0,0.0,0.0,0.0,0.0,0.0,0.0,0.0,0.0,0.0,0.0,0.0,0.0,0.0,0.0,0.0,0.0,0.0,0.0,0.0,0.0,0.0,0.0,0.0,0.0,0.0,0.0,0.0,0.0,0.0,0.0,0.0,0.0,0.0,0.0,0.0,0.0,0.0,0.0,0.0,0.0,0.0,0,0,0,0,0,0,0
eclipse.jdt.core,,216,68,10,8,5,5,2851,24,0,21,290,39,4,1,11212,3544,0,0,0,0,0,0,0,0,0,0,0,0,2,4.264705882352941,1510074,115067,7462,277852,1902993,Java,0.0,0.0,0.0,0.0,0.0,0.0,0.0,0.0,0.0,0.0,0.0,0.0,0.0,0.0,0.0,0.0,0.0,0.0,0.0,0.0,0.0,0.0,0.0,0.0,0.0,0.0,0.0,0.0,0.0,0.0,0.0,0.0,0.0,0.0,0.0,0.0,0.0,0.0,0.0,0.0,0.0,0.0,0.0,0.0,0.0,0.0,0.0,0.0,0.0,0.0,0.0,0.0,0.0,0,0,0,0,0,0,0
eclipse.jdt.core,,217,42,10,7,6,4,2864,24,0,18,379,15,0,0,4634,1700,0,0,0,0,0,0,0,0,0,0,0,0,0,9.023809523809524,1513058,115283,7477,277559,1905900,Java,0.0,0.0,0.0,0.0,0.0,0.0,0.0,0.0,0.0,0.0,0.0,0.0,0.0,0.0,0.0,0.0,0.0,0.0,0.0,0.0,0.0,0.0,0.0,0.0,0.0,0.0,0.0,0.0,0.0,0.0,0.0,0.0,0.0,0.0,0.0,0.0,0.0,0.0,0.0,0.0,0.0,0.0,0.0,0.0,0.0,0.0,0.0,0.0,0.0,0.0,0.0,0.0,0.0,0,0,0,0,0,0,0
eclipse.jdt.core,,218,39,11,9,4,7,2865,24,0,21,107,4,0,0,2902,842,0,0,0,0,0,0,0,0,0,0,0,0,2,2.7435897435897436,1514812,115411,7481,277745,1907968,Java,0.0,0.0,0.0,0.0,0.0,0.0,0.0,0.0,0.0,0.0,0.0,0.0,0.0,0.0,0.0,0.0,0.0,0.0,0.0,0.0,0.0,0.0,0.0,0.0,0.0,0.0,0.0,0.0,0.0,0.0,0.0,0.0,0.0,0.0,0.0,0.0,0.0,0.0,0.0,0.0,0.0,0.0,0.0,0.0,0.0,0.0,0.0,0.0,0.0,0.0,0.0,0.0,0.0,0,0,0,0,0,0,0
eclipse.jdt.core,,219,28,10,7,5,5,2865,24,0,16,90,0,0,0,1616,271,0,0,0,0,0,0,0,0,0,0,0,0,1,3.2142857142857144,1516015,115463,7481,277831,1909309,Java,0.0,0.0,0.0,0.0,0.0,0.0,0.0,0.0,0.0,0.0,0.0,0.0,0.0,0.0,0.0,0.0,0.0,0.0,0.0,0.0,0.0,0.0,0.0,0.0,0.0,0.0,0.0,0.0,0.0,0.0,0.0,0.0,0.0,0.0,0.0,0.0,0.0,0.0,0.0,0.0,0.0,0.0,0.0,0.0,0.0,0.0,0.0,0.0,0.0,0.0,0.0,0.0,0.0,0,0,0,0,0,0,0
eclipse.jdt.core,,220,14,7,5,0,7,2866,24,0,10,43,9,2,0,1544,465,0,0,0,0,0,0,0,0,0,0,0,0,0,3.0714285714285716,1516851,115557,7485,277953,1910361,Java,0.0,0.0,0.0,0.0,0.0,0.0,0.0,0.0,0.0,0.0,0.0,0.0,0.0,0.0,0.0,0.0,0.0,0.0,0.0,0.0,0.0,0.0,0.0,0.0,0.0,0.0,0.0,0.0,0.0,0.0,0.0,0.0,0.0,0.0,0.0,0.0,0.0,0.0,0.0,0.0,0.0,0.0,0.0,0.0,0.0,0.0,0.0,0.0,0.0,0.0,0.0,0.0,0.0,0,0,0,0,0,0,0
eclipse.jdt.core,,221,33,9,7,5,4,2867,24,0,20,229,15,0,0,3655,1606,0,0,0,0,0,0,0,0,0,0,0,0,1,6.9393939393939394,1517755,116589,7500,278066,1912410,Java,0.0,0.0,0.0,0.0,0.0,0.0,0.0,0.0,0.0,0.0,0.0,0.0,0.0,0.0,0.0,0.0,0.0,0.0,0.0,0.0,0.0,0.0,0.0,0.0,0.0,0.0,0.0,0.0,0.0,0.0,0.0,0.0,0.0,0.0,0.0,0.0,0.0,0.0,0.0,0.0,0.0,0.0,0.0,0.0,0.0,0.0,0.0,0.0,0.0,0.0,0.0,0.0,0.0,0,0,0,0,0,0,0
eclipse.jdt.core,,222,34,10,8,3,7,2885,24,0,20,158,31,0,0,5953,770,0,0,0,0,0,0,0,0,0,0,0,0,0,4.647058823529412,1521385,117479,7530,278718,1917582,Java,0.0,0.0,0.0,0.0,0.0,0.0,0.0,0.0,0.0,0.0,0.0,0.0,0.0,0.0,0.0,0.0,0.0,0.0,0.0,0.0,0.0,0.0,0.0,0.0,0.0,0.0,0.0,0.0,0.0,0.0,0.0,0.0,0.0,0.0,0.0,0.0,0.0,0.0,0.0,0.0,0.0,0.0,0.0,0.0,0.0,0.0,0.0,0.0,0.0,0.0,0.0,0.0,0.0,0,0,0,0,0,0,0
eclipse.jdt.core,,223,36,11,9,6,5,2900,25,0,14,463,38,5,9,29144,17139,0,0,0,0,0,0,0,0,0,0,0,0,2,12.86111111111111,1531453,117806,7545,279639,1928898,Java,0.0,0.0,0.0,0.0,0.0,0.0,0.0,0.0,0.0,0.0,0.0,0.0,0.0,0.0,0.0,0.0,0.0,0.0,0.0,0.0,0.0,0.0,0.0,0.0,0.0,0.0,0.0,0.0,0.0,0.0,0.0,0.0,0.0,0.0,0.0,0.0,0.0,0.0,0.0,0.0,0.0,0.0,0.0,0.0,0.0,0.0,0.0,0.0,0.0,0.0,0.0,0.0,0.0,0,0,0,0,0,0,0
eclipse.jdt.core,,224,21,7,6,3,4,2901,25,0,15,140,17,0,0,4753,1540,0,0,0,0,0,0,0,0,0,0,0,0,0,6.666666666666667,1533020,118037,7558,279957,1931014,Java,0.0,0.0,0.0,0.0,0.0,0.0,0.0,0.0,0.0,0.0,0.0,0.0,0.0,0.0,0.0,0.0,0.0,0.0,0.0,0.0,0.0,0.0,0.0,0.0,0.0,0.0,0.0,0.0,0.0,0.0,0.0,0.0,0.0,0.0,0.0,0.0,0.0,0.0,0.0,0.0,0.0,0.0,0.0,0.0,0.0,0.0,0.0,0.0,0.0,0.0,0.0,0.0,0.0,0,0,0,0,0,0,0
eclipse.jdt.core,,225,29,7,6,1,6,2901,25,0,17,224,3,0,0,6305,2111,0,0,0,0,0,0,0,0,0,0,0,0,0,7.724137931034483,1537615,118179,7564,280475,1936269,Java,0.0,0.0,0.0,0.0,0.0,0.0,0.0,0.0,0.0,0.0,0.0,0.0,0.0,0.0,0.0,0.0,0.0,0.0,0.0,0.0,0.0,0.0,0.0,0.0,0.0,0.0,0.0,0.0,0.0,0.0,0.0,0.0,0.0,0.0,0.0,0.0,0.0,0.0,0.0,0.0,0.0,0.0,0.0,0.0,0.0,0.0,0.0,0.0,0.0,0.0,0.0,0.0,0.0,0,0,0,0,0,0,0
eclipse.jdt.core,,226,37,9,8,5,4,2901,25,0,21,154,6,1,0,5270,657,0,0,0,0,0,0,0,0,0,0,0,0,1,4.162162162162162,1535606,118159,7560,280118,1933883,Java,0.0,0.0,0.0,0.0,0.0,0.0,0.0,0.0,0.0,0.0,0.0,0.0,0.0,0.0,0.0,0.0,0.0,0.0,0.0,0.0,0.0,0.0,0.0,0.0,0.0,0.0,0.0,0.0,0.0,0.0,0.0,0.0,0.0,0.0,0.0,0.0,0.0,0.0,0.0,0.0,0.0,0.0,0.0,0.0,0.0,0.0,0.0,0.0,0.0,0.0,0.0,0.0,0.0,0,0,0,0,0,0,0
eclipse.jdt.core,,227,48,10,9,6,4,2915,25,0,21,301,27,0,0,7172,2106,0,0,0,0,0,0,0,0,0,0,0,0,1,6.270833333333333,1536581,118190,7562,280222,1934993,Java,0.0,0.0,0.0,0.0,0.0,0.0,0.0,0.0,0.0,0.0,0.0,0.0,0.0,0.0,0.0,0.0,0.0,0.0,0.0,0.0,0.0,0.0,0.0,0.0,0.0,0.0,0.0,0.0,0.0,0.0,0.0,0.0,0.0,0.0,0.0,0.0,0.0,0.0,0.0,0.0,0.0,0.0,0.0,0.0,0.0,0.0,0.0,0.0,0.0,0.0,0.0,0.0,0.0,0,0,0,0,0,0,0
eclipse.jdt.core,,228,60,12,13,7,6,2922,25,0,24,259,37,1,4,7856,2409,0,0,0,0,0,0,0,0,0,0,0,0,0,4.316666666666666,1549202,118845,7606,282361,1950408,Java,0.0,0.0,0.0,0.0,0.0,0.0,0.0,0.0,0.0,0.0,0.0,0.0,0.0,0.0,0.0,0.0,0.0,0.0,0.0,0.0,0.0,0.0,0.0,0.0,0.0,0.0,0.0,0.0,0.0,0.0,0.0,0.0,0.0,0.0,0.0,0.0,0.0,0.0,0.0,0.0,0.0,0.0,0.0,0.0,0.0,0.0,0.0,0.0,0.0,0.0,0.0,0.0,0.0,0,0,0,0,0,0,0
eclipse.jdt.core,,229,73,12,9,7,5,2927,25,0,26,2200,6,0,2,146805,142092,0,0,0,0,0,0,0,0,0,0,0,0,3,30.136986301369863,1554291,118921,7612,281965,1955177,Java,0.0,0.0,0.0,0.0,0.0,0.0,0.0,0.0,0.0,0.0,0.0,0.0,0.0,0.0,0.0,0.0,0.0,0.0,0.0,0.0,0.0,0.0,0.0,0.0,0.0,0.0,0.0,0.0,0.0,0.0,0.0,0.0,0.0,0.0,0.0,0.0,0.0,0.0,0.0,0.0,0.0,0.0,0.0,0.0,0.0,0.0,0.0,0.0,0.0,0.0,0.0,0.0,0.0,0,0,0,0,0,0,0
eclipse.jdt.core,,230,53,15,9,9,6,2927,25,0,22,204,19,0,1,5983,1517,0,0,0,0,0,0,0,0,0,0,0,0,2,3.849056603773585,1558090,119056,7619,282147,1959293,Java,0.0,0.0,0.0,0.0,0.0,0.0,0.0,0.0,0.0,0.0,0.0,0.0,0.0,0.0,0.0,0.0,0.0,0.0,0.0,0.0,0.0,0.0,0.0,0.0,0.0,0.0,0.0,0.0,0.0,0.0,0.0,0.0,0.0,0.0,0.0,0.0,0.0,0.0,0.0,0.0,0.0,0.0,0.0,0.0,0.0,0.0,0.0,0.0,0.0,0.0,0.0,0.0,0.0,0,0,0,0,0,0,0
eclipse.jdt.core,,231,64,12,10,8,4,2931,25,0,21,273,11,2,0,7851,5489,0,0,0,0,0,0,0,0,0,0,0,0,0,4.265625,1559447,119287,7627,282573,1961307,Java,0.0,0.0,0.0,0.0,0.0,0.0,0.0,0.0,0.0,0.0,0.0,0.0,0.0,0.0,0.0,0.0,0.0,0.0,0.0,0.0,0.0,0.0,0.0,0.0,0.0,0.0,0.0,0.0,0.0,0.0,0.0,0.0,0.0,0.0,0.0,0.0,0.0,0.0,0.0,0.0,0.0,0.0,0.0,0.0,0.0,0.0,0.0,0.0,0.0,0.0,0.0,0.0,0.0,0,0,0,0,0,0,0
eclipse.jdt.core,,232,37,8,6,3,5,2932,25,0,19,241,23,1,6,8038,2209,0,0,0,0,0,0,0,0,0,0,0,0,1,6.513513513513513,1560352,119393,7633,282676,1962421,Java,0.0,0.0,0.0,0.0,0.0,0.0,0.0,0.0,0.0,0.0,0.0,0.0,0.0,0.0,0.0,0.0,0.0,0.0,0.0,0.0,0.0,0.0,0.0,0.0,0.0,0.0,0.0,0.0,0.0,0.0,0.0,0.0,0.0,0.0,0.0,0.0,0.0,0.0,0.0,0.0,0.0,0.0,0.0,0.0,0.0,0.0,0.0,0.0,0.0,0.0,0.0,0.0,0.0,0,0,0,0,0,0,0
eclipse.jdt.core,,233,51,15,10,10,5,3065,25,0,18,268,723,2,2,27963,4497,0,0,0,0,0,0,0,0,0,0,0,0,2,5.254901960784314,1580675,121541,8324,288236,1990452,Java,0.0,0.0,0.0,0.0,0.0,0.0,0.0,0.0,0.0,0.0,0.0,0.0,0.0,0.0,0.0,0.0,0.0,0.0,0.0,0.0,0.0,0.0,0.0,0.0,0.0,0.0,0.0,0.0,0.0,0.0,0.0,0.0,0.0,0.0,0.0,0.0,0.0,0.0,0.0,0.0,0.0,0.0,0.0,0.0,0.0,0.0,0.0,0.0,0.0,0.0,0.0,0.0,0.0,0,0,0,0,0,0,0
eclipse.jdt.core,,234,41,9,8,5,4,3070,25,0,18,180,12,0,1,7863,1829,0,0,0,0,0,0,0,0,0,0,0,0,0,4.390243902439025,1585243,121950,8332,288754,1995947,Java,0.0,0.0,0.0,0.0,0.0,0.0,0.0,0.0,0.0,0.0,0.0,0.0,0.0,0.0,0.0,0.0,0.0,0.0,0.0,0.0,0.0,0.0,0.0,0.0,0.0,0.0,0.0,0.0,0.0,0.0,0.0,0.0,0.0,0.0,0.0,0.0,0.0,0.0,0.0,0.0,0.0,0.0,0.0,0.0,0.0,0.0,0.0,0.0,0.0,0.0,0.0,0.0,0.0,0,0,0,0,0,0,0
eclipse.jdt.core,,235,42,12,10,8,4,3078,25,0,16,332,22,1,1,6878,1426,0,0,0,0,0,0,0,0,0,0,0,0,2,7.904761904761905,1590872,122184,8350,288713,2001769,Java,0.0,0.0,0.0,0.0,0.0,0.0,0.0,0.0,0.0,0.0,0.0,0.0,0.0,0.0,0.0,0.0,0.0,0.0,0.0,0.0,0.0,0.0,0.0,0.0,0.0,0.0,0.0,0.0,0.0,0.0,0.0,0.0,0.0,0.0,0.0,0.0,0.0,0.0,0.0,0.0,0.0,0.0,0.0,0.0,0.0,0.0,0.0,0.0,0.0,0.0,0.0,0.0,0.0,0,0,0,0,0,0,0
eclipse.jdt.core,,236,17,11,8,0,11,3078,25,0,10,44,0,0,0,566,150,0,0,0,0,0,0,0,0,0,0,0,0,3,2.588235294117647,1591236,122201,8350,288746,2002183,Java,0.0,0.0,0.0,0.0,0.0,0.0,0.0,0.0,0.0,0.0,0.0,0.0,0.0,0.0,0.0,0.0,0.0,0.0,0.0,0.0,0.0,0.0,0.0,0.0,0.0,0.0,0.0,0.0,0.0,0.0,0.0,0.0,0.0,0.0,0.0,0.0,0.0,0.0,0.0,0.0,0.0,0.0,0.0,0.0,0.0,0.0,0.0,0.0,0.0,0.0,0.0,0.0,0.0,0,0,0,0,0,0,0
eclipse.jdt.core,,237,55,12,10,6,6,3078,25,0,20,145,6,5,1,3638,1689,0,0,0,0,0,0,0,0,0,0,0,0,0,2.636363636363636,1592993,122292,8351,288818,2004103,Java,0.0,0.0,0.0,0.0,0.0,0.0,0.0,0.0,0.0,0.0,0.0,0.0,0.0,0.0,0.0,0.0,0.0,0.0,0.0,0.0,0.0,0.0,0.0,0.0,0.0,0.0,0.0,0.0,0.0,0.0,0.0,0.0,0.0,0.0,0.0,0.0,0.0,0.0,0.0,0.0,0.0,0.0,0.0,0.0,0.0,0.0,0.0,0.0,0.0,0.0,0.0,0.0,0.0,0,0,0,0,0,0,0
eclipse.jdt.core,,238,14,3,3,0,3,3078,25,0,10,65,3,0,3,10267,1273,0,0,0,0,0,0,0,0,0,0,0,0,0,4.642857142857143,1601101,122410,8354,289338,2012849,Java,0.0,0.0,0.0,0.0,0.0,0.0,0.0,0.0,0.0,0.0,0.0,0.0,0.0,0.0,0.0,0.0,0.0,0.0,0.0,0.0,0.0,0.0,0.0,0.0,0.0,0.0,0.0,0.0,0.0,0.0,0.0,0.0,0.0,0.0,0.0,0.0,0.0,0.0,0.0,0.0,0.0,0.0,0.0,0.0,0.0,0.0,0.0,0.0,0.0,0.0,0.0,0.0,0.0,0,0,0,0,0,0,0
eclipse.jdt.core,,239,23,9,8,3,6,3078,25,0,14,72,2,0,0,2780,1324,0,0,0,0,0,0,0,0,0,0,0,0,0,3.130434782608696,1593656,122365,8352,288882,2004903,Java,0.0,0.0,0.0,0.0,0.0,0.0,0.0,0.0,0.0,0.0,0.0,0.0,0.0,0.0,0.0,0.0,0.0,0.0,0.0,0.0,0.0,0.0,0.0,0.0,0.0,0.0,0.0,0.0,0.0,0.0,0.0,0.0,0.0,0.0,0.0,0.0,0.0,0.0,0.0,0.0,0.0,0.0,0.0,0.0,0.0,0.0,0.0,0.0,0.0,0.0,0.0,0.0,0.0,0,0,0,0,0,0,0
eclipse.jdt.core,,240,45,13,12,9,4,3078,25,0,19,191,3,0,2,4054,1087,0,0,0,0,0,0,0,0,0,0,0,0,2,4.2444444444444445,1604767,122694,8359,289809,2017270,Java,0.0,0.0,0.0,0.0,0.0,0.0,0.0,0.0,0.0,0.0,0.0,0.0,0.0,0.0,0.0,0.0,0.0,0.0,0.0,0.0,0.0,0.0,0.0,0.0,0.0,0.0,0.0,0.0,0.0,0.0,0.0,0.0,0.0,0.0,0.0,0.0,0.0,0.0,0.0,0.0,0.0,0.0,0.0,0.0,0.0,0.0,0.0,0.0,0.0,0.0,0.0,0.0,0.0,0,0,0,0,0,0,0
eclipse.jdt.core,,241,28,10,8,4,6,3079,25,0,17,482,12,8,10,18121,17669,0,0,0,0,0,0,0,0,0,0,0,0,1,17.214285714285715,1605498,122725,8361,289508,2017731,Java,0.0,0.0,0.0,0.0,0.0,0.0,0.0,0.0,0.0,0.0,0.0,0.0,0.0,0.0,0.0,0.0,0.0,0.0,0.0,0.0,0.0,0.0,0.0,0.0,0.0,0.0,0.0,0.0,0.0,0.0,0.0,0.0,0.0,0.0,0.0,0.0,0.0,0.0,0.0,0.0,0.0,0.0,0.0,0.0,0.0,0.0,0.0,0.0,0.0,0.0,0.0,0.0,0.0,0,0,0,0,0,0,0
eclipse.jdt.core,,242,44,16,10,12,5,3081,25,0,22,223,7,0,0,3439,819,0,0,0,0,0,0,0,0,0,0,0,0,1,5.068181818181818,1607675,122839,8366,289668,2020182,Java,0.0,0.0,0.0,0.0,0.0,0.0,0.0,0.0,0.0,0.0,0.0,0.0,0.0,0.0,0.0,0.0,0.0,0.0,0.0,0.0,0.0,0.0,0.0,0.0,0.0,0.0,0.0,0.0,0.0,0.0,0.0,0.0,0.0,0.0,0.0,0.0,0.0,0.0,0.0,0.0,0.0,0.0,0.0,0.0,0.0,0.0,0.0,0.0,0.0,0.0,0.0,0.0,0.0,0,0,0,0,0,0,0
eclipse.jdt.core,,243,55,14,9,7,7,3082,25,0,19,286,15,0,0,6343,2755,0,0,0,0,0,0,0,0,0,0,0,0,3,5.2,1610500,122993,8370,289784,2023277,Java,0.0,0.0,0.0,0.0,0.0,0.0,0.0,0.0,0.0,0.0,0.0,0.0,0.0,0.0,0.0,0.0,0.0,0.0,0.0,0.0,0.0,0.0,0.0,0.0,0.0,0.0,0.0,0.0,0.0,0.0,0.0,0.0,0.0,0.0,0.0,0.0,0.0,0.0,0.0,0.0,0.0,0.0,0.0,0.0,0.0,0.0,0.0,0.0,0.0,0.0,0.0,0.0,0.0,0,0,0,0,0,0,0
eclipse.jdt.core,,244,42,10,8,5,6,3085,25,0,18,332,22,1,0,6621,2960,0,0,0,0,0,0,0,0,0,0,0,0,1,7.904761904761905,1612582,123245,8381,289996,2025823,Java,0.0,0.0,0.0,0.0,0.0,0.0,0.0,0.0,0.0,0.0,0.0,0.0,0.0,0.0,0.0,0.0,0.0,0.0,0.0,0.0,0.0,0.0,0.0,0.0,0.0,0.0,0.0,0.0,0.0,0.0,0.0,0.0,0.0,0.0,0.0,0.0,0.0,0.0,0.0,0.0,0.0,0.0,0.0,0.0,0.0,0.0,0.0,0.0,0.0,0.0,0.0,0.0,0.0,0,0,0,0,0,0,0
eclipse.jdt.core,,245,91,15,8,6,9,3083,25,0,28,617,10,146,1,11018,31395,0,0,0,0,0,0,0,0,0,0,0,0,1,6.78021978021978,1600831,119851,8260,285530,2006212,Java,0.0,0.0,0.0,0.0,0.0,0.0,0.0,0.0,0.0,0.0,0.0,0.0,0.0,0.0,0.0,0.0,0.0,0.0,0.0,0.0,0.0,0.0,0.0,0.0,0.0,0.0,0.0,0.0,0.0,0.0,0.0,0.0,0.0,0.0,0.0,0.0,0.0,0.0,0.0,0.0,0.0,0.0,0.0,0.0,0.0,0.0,0.0,0.0,0.0,0.0,0.0,0.0,0.0,0,0,0,0,0,0,0
eclipse.jdt.core,,246,65,10,6,4,6,3097,25,0,24,266,73,12,1,12020,3871,0,0,0,0,0,0,0,0,0,0,0,0,1,4.092307692307692,1607665,120429,8315,286382,2014476,Java,0.0,0.0,0.0,0.0,0.0,0.0,0.0,0.0,0.0,0.0,0.0,0.0,0.0,0.0,0.0,0.0,0.0,0.0,0.0,0.0,0.0,0.0,0.0,0.0,0.0,0.0,0.0,0.0,0.0,0.0,0.0,0.0,0.0,0.0,0.0,0.0,0.0,0.0,0.0,0.0,0.0,0.0,0.0,0.0,0.0,0.0,0.0,0.0,0.0,0.0,0.0,0.0,0.0,0,0,0,0,0,0,0
eclipse.jdt.core,,247,31,10,9,3,7,3104,25,0,14,213,7,0,0,3530,982,0,0,0,0,0,0,0,0,0,0,0,0,0,6.870967741935484,1610167,120672,8321,286061,2016900,Java,0.0,0.0,0.0,0.0,0.0,0.0,0.0,0.0,0.0,0.0,0.0,0.0,0.0,0.0,0.0,0.0,0.0,0.0,0.0,0.0,0.0,0.0,0.0,0.0,0.0,0.0,0.0,0.0,0.0,0.0,0.0,0.0,0.0,0.0,0.0,0.0,0.0,0.0,0.0,0.0,0.0,0.0,0.0,0.0,0.0,0.0,0.0,0.0,0.0,0.0,0.0,0.0,0.0,0,0,0,0,0,0,0
eclipse.jdt.core,,248,30,17,9,12,5,3135,25,0,17,82,40,0,0,2492,1015,0,0,0,0,0,0,0,0,0,0,0,0,0,2.7333333333333334,1611102,120814,8332,286195,2018111,Java,0.0,0.0,0.0,0.0,0.0,0.0,0.0,0.0,0.0,0.0,0.0,0.0,0.0,0.0,0.0,0.0,0.0,0.0,0.0,0.0,0.0,0.0,0.0,0.0,0.0,0.0,0.0,0.0,0.0,0.0,0.0,0.0,0.0,0.0,0.0,0.0,0.0,0.0,0.0,0.0,0.0,0.0,0.0,0.0,0.0,0.0,0.0,0.0,0.0,0.0,0.0,0.0,0.0,0,0,0,0,0,0,0
eclipse.jdt.core,,249,19,12,6,0,12,3135,25,0,12,100,1,0,1,4958,3792,0,0,0,0,0,0,0,0,0,0,0,0,0,5.2631578947368425,1611709,120846,8332,286451,2019006,Java,0.0,0.0,0.0,0.0,0.0,0.0,0.0,0.0,0.0,0.0,0.0,0.0,0.0,0.0,0.0,0.0,0.0,0.0,0.0,0.0,0.0,0.0,0.0,0.0,0.0,0.0,0.0,0.0,0.0,0.0,0.0,0.0,0.0,0.0,0.0,0.0,0.0,0.0,0.0,0.0,0.0,0.0,0.0,0.0,0.0,0.0,0.0,0.0,0.0,0.0,0.0,0.0,0.0,0,0,0,0,0,0,0
eclipse.jdt.core,,250,5,5,2,0,5,3136,25,0,5,12,1,0,0,158,51,0,0,0,0,0,0,0,0,0,0,0,0,1,2.4,1611933,120862,8334,286341,2019136,Java,0.0,0.0,0.0,0.0,0.0,0.0,0.0,0.0,0.0,0.0,0.0,0.0,0.0,0.0,0.0,0.0,0.0,0.0,0.0,0.0,0.0,0.0,0.0,0.0,0.0,0.0,0.0,0.0,0.0,0.0,0.0,0.0,0.0,0.0,0.0,0.0,0.0,0.0,0.0,0.0,0.0,0.0,0.0,0.0,0.0,0.0,0.0,0.0,0.0,0.0,0.0,0.0,0.0,0,0,0,0,0,0,0
eclipse.jdt.core,,251,22,8,7,2,6,3138,25,0,12,91,13,4,0,2216,478,0,0,0,0,0,0,0,0,0,0,0,0,0,4.136363636363637,1613867,121083,8345,286593,2021543,Java,0.0,0.0,0.0,0.0,0.0,0.0,0.0,0.0,0.0,0.0,0.0,0.0,0.0,0.0,0.0,0.0,0.0,0.0,0.0,0.0,0.0,0.0,0.0,0.0,0.0,0.0,0.0,0.0,0.0,0.0,0.0,0.0,0.0,0.0,0.0,0.0,0.0,0.0,0.0,0.0,0.0,0.0,0.0,0.0,0.0,0.0,0.0,0.0,0.0,0.0,0.0,0.0,0.0,0,0,0,0,0,0,0
eclipse.jdt.core,,252,38,12,8,4,8,3140,25,0,20,146,14,0,0,5049,713,0,0,0,0,0,0,0,0,0,0,0,0,2,3.8421052631578942,1615505,121199,8357,286820,2023524,Java,0.0,0.0,0.0,0.0,0.0,0.0,0.0,0.0,0.0,0.0,0.0,0.0,0.0,0.0,0.0,0.0,0.0,0.0,0.0,0.0,0.0,0.0,0.0,0.0,0.0,0.0,0.0,0.0,0.0,0.0,0.0,0.0,0.0,0.0,0.0,0.0,0.0,0.0,0.0,0.0,0.0,0.0,0.0,0.0,0.0,0.0,0.0,0.0,0.0,0.0,0.0,0.0,0.0,0,0,0,0,0,0,0
eclipse.jdt.core,,253,49,12,9,9,5,3140,25,0,19,178,4,0,0,6216,2207,0,0,0,0,0,0,0,0,0,0,0,0,1,3.63265306122449,1621009,121509,8363,287810,2030328,Java,0.0,0.0,0.0,0.0,0.0,0.0,0.0,0.0,0.0,0.0,0.0,0.0,0.0,0.0,0.0,0.0,0.0,0.0,0.0,0.0,0.0,0.0,0.0,0.0,0.0,0.0,0.0,0.0,0.0,0.0,0.0,0.0,0.0,0.0,0.0,0.0,0.0,0.0,0.0,0.0,0.0,0.0,0.0,0.0,0.0,0.0,0.0,0.0,0.0,0.0,0.0,0.0,0.0,0,0,0,0,0,0,0
eclipse.jdt.core,,254,30,14,8,11,4,3147,25,0,17,152,7,0,0,2727,4636,0,0,0,0,0,0,0,0,0,0,0,0,2,5.066666666666666,1619782,121500,8370,287414,2028696,Java,0.0,0.0,0.0,0.0,0.0,0.0,0.0,0.0,0.0,0.0,0.0,0.0,0.0,0.0,0.0,0.0,0.0,0.0,0.0,0.0,0.0,0.0,0.0,0.0,0.0,0.0,0.0,0.0,0.0,0.0,0.0,0.0,0.0,0.0,0.0,0.0,0.0,0.0,0.0,0.0,0.0,0.0,0.0,0.0,0.0,0.0,0.0,0.0,0.0,0.0,0.0,0.0,0.0,3,8,0,2,10,1,0
eclipse.jdt.core,,255,20,9,4,7,3,3147,25,0,14,119,1,0,0,2303,1417,0,0,0,0,0,0,0,0,0,0,0,0,3,5.95,1620218,121537,8370,287459,2029214,Java,0.0,0.0,0.0,0.0,0.0,0.0,0.0,0.0,0.0,0.0,0.0,0.0,0.0,0.0,0.0,0.0,0.0,0.0,0.0,0.0,0.0,0.0,0.0,0.0,0.0,0.0,0.0,0.0,0.0,0.0,0.0,0.0,0.0,0.0,0.0,0.0,0.0,0.0,0.0,0.0,0.0,0.0,0.0,0.0,0.0,0.0,0.0,0.0,0.0,0.0,0.0,0.0,0.0,8,10,0,10,21,0,0
eclipse.jdt.core,,256,8,4,3,0,4,3149,25,0,6,105,9,0,0,2667,1031,0,0,0,0,0,0,0,0,0,0,0,0,0,13.125,1621250,121574,8375,287823,2030647,Java,0.0,0.0,0.0,0.0,0.0,0.0,0.0,0.0,0.0,0.0,0.0,0.0,0.0,0.0,0.0,0.0,0.0,0.0,0.0,0.0,0.0,0.0,0.0,0.0,0.0,0.0,0.0,0.0,0.0,0.0,0.0,0.0,0.0,0.0,0.0,0.0,0.0,0.0,0.0,0.0,0.0,0.0,0.0,0.0,0.0,0.0,0.0,0.0,0.0,0.0,0.0,0.0,0.0,4,7,0,7,14,0,0
eclipse.jdt.core,,257,17,8,5,0,8,3147,25,0,11,67,2,0,0,2052,397,0,0,0,0,0,0,0,0,0,0,0,0,2,3.941176470588235,1620794,121580,8372,287544,2029918,Java,0.0,0.0,0.0,0.0,0.0,0.0,0.0,0.0,0.0,0.0,0.0,0.0,0.0,0.0,0.0,0.0,0.0,0.0,0.0,0.0,0.0,0.0,0.0,0.0,0.0,0.0,0.0,0.0,0.0,0.0,0.0,0.0,0.0,0.0,0.0,0.0,0.0,0.0,0.0,0.0,0.0,0.0,0.0,0.0,0.0,0.0,0.0,0.0,0.0,0.0,0.0,0.0,0.0,4,8,0,4,23,2,0
eclipse.jdt.core,,258,42,9,4,4,5,3147,25,0,20,174,117,0,0,6999,1013,0,0,0,0,0,0,0,0,0,0,0,0,0,4.142857142857143,1621967,121641,8374,287616,2031224,Java,0.0,0.0,0.0,0.0,0.0,0.0,0.0,0.0,0.0,0.0,0.0,0.0,0.0,0.0,0.0,0.0,0.0,0.0,0.0,0.0,0.0,0.0,0.0,0.0,0.0,0.0,0.0,0.0,0.0,0.0,0.0,0.0,0.0,0.0,0.0,0.0,0.0,0.0,0.0,0.0,0.0,0.0,0.0,0.0,0.0,0.0,0.0,0.0,0.0,0.0,0.0,0.0,0.0,1,1,0,4,41,1,0
eclipse.jdt.core,,259,19,10,3,0,10,3177,25,0,12,222,3,125,0,2521,8963,0,0,0,0,0,0,0,0,0,0,0,0,0,11.68421052631579,1628487,122213,8490,288793,2039493,Java,0.0,0.0,0.0,0.0,0.0,0.0,0.0,0.0,0.0,0.0,0.0,0.0,0.0,0.0,0.0,0.0,0.0,0.0,0.0,0.0,0.0,0.0,0.0,0.0,0.0,0.0,0.0,0.0,0.0,0.0,0.0,0.0,0.0,0.0,0.0,0.0,0.0,0.0,0.0,0.0,0.0,0.0,0.0,0.0,0.0,0.0,0.0,0.0,0.0,0.0,0.0,0.0,0.0,4,3,0,8,31,0,0
eclipse.jdt.core,,260,21,12,5,5,6,3178,25,0,11,247,127,0,0,9438,1532,0,0,0,0,0,0,0,0,0,0,0,0,3,11.761904761904765,1629204,122237,8490,288600,2040041,Java,0.0,0.0,0.0,0.0,0.0,0.0,0.0,0.0,0.0,0.0,0.0,0.0,0.0,0.0,0.0,0.0,0.0,0.0,0.0,0.0,0.0,0.0,0.0,0.0,0.0,0.0,0.0,0.0,0.0,0.0,0.0,0.0,0.0,0.0,0.0,0.0,0.0,0.0,0.0,0.0,0.0,0.0,0.0,0.0,0.0,0.0,0.0,0.0,0.0,0.0,0.0,0.0,0.0,4,3,0,5,23,2,0
eclipse.jdt.core,,261,12,8,2,0,8,3177,25,0,8,27,1,2,0,585,185,0,0,0,0,0,0,0,0,0,0,0,0,0,2.25,1629556,122255,8490,288654,2040465,Java,0.0,0.0,0.0,0.0,0.0,0.0,0.0,0.0,0.0,0.0,0.0,0.0,0.0,0.0,0.0,0.0,0.0,0.0,0.0,0.0,0.0,0.0,0.0,0.0,0.0,0.0,0.0,0.0,0.0,0.0,0.0,0.0,0.0,0.0,0.0,0.0,0.0,0.0,0.0,0.0,0.0,0.0,0.0,0.0,0.0,0.0,0.0,0.0,0.0,0.0,0.0,0.0,0.0,5,3,0,3,15,0,0
eclipse.jdt.core,,262,28,9,7,2,7,3147,22,0,11,75,772,841,546,119514,126038,0,0,0,0,0,0,0,0,0,0,0,0,1,2.6785714285714284,1627221,122100,8485,288437,2037758,Java,0.0,0.0,0.0,0.0,0.0,0.0,0.0,0.0,0.0,0.0,0.0,0.0,0.0,0.0,0.0,0.0,0.0,0.0,0.0,0.0,0.0,0.0,0.0,0.0,0.0,0.0,0.0,0.0,0.0,0.0,0.0,0.0,0.0,0.0,0.0,0.0,0.0,0.0,0.0,0.0,0.0,0.0,0.0,0.0,0.0,0.0,0.0,0.0,0.0,0.0,0.0,0.0,0.0,8,2,0,5,21,1,0
eclipse.jdt.core,,263,10,8,4,0,8,3147,22,0,9,60,0,0,0,652,332,0,0,0,0,0,0,0,0,0,0,0,0,2,6.0,1627371,122109,8485,288596,2038076,Java,0.0,0.0,0.0,0.0,0.0,0.0,0.0,0.0,0.0,0.0,0.0,0.0,0.0,0.0,0.0,0.0,0.0,0.0,0.0,0.0,0.0,0.0,0.0,0.0,0.0,0.0,0.0,0.0,0.0,0.0,0.0,0.0,0.0,0.0,0.0,0.0,0.0,0.0,0.0,0.0,0.0,0.0,0.0,0.0,0.0,0.0,0.0,0.0,0.0,0.0,0.0,0.0,0.0,2,2,0,4,11,0,0
eclipse.jdt.core,,264,30,11,3,6,6,3149,22,0,16,119,6,0,0,3302,553,0,0,0,0,0,0,0,0,0,0,0,0,0,3.966666666666667,1629355,122202,8487,288609,2040166,Java,0.0,0.0,0.0,0.0,0.0,0.0,0.0,0.0,0.0,0.0,0.0,0.0,0.0,0.0,0.0,0.0,0.0,0.0,0.0,0.0,0.0,0.0,0.0,0.0,0.0,0.0,0.0,0.0,0.0,0.0,0.0,0.0,0.0,0.0,0.0,0.0,0.0,0.0,0.0,0.0,0.0,0.0,0.0,0.0,0.0,0.0,0.0,0.0,0.0,0.0,0.0,0.0,0.0,5,6,0,6,31,1,0
eclipse.jdt.core,,265,30,8,3,4,5,3149,22,0,19,194,135,3,0,8523,2102,0,0,0,0,0,0,0,0,0,0,0,0,1,6.466666666666667,1629790,122235,8486,288647,2040672,Java,0.0,0.0,0.0,0.0,0.0,0.0,0.0,0.0,0.0,0.0,0.0,0.0,0.0,0.0,0.0,0.0,0.0,0.0,0.0,0.0,0.0,0.0,0.0,0.0,0.0,0.0,0.0,0.0,0.0,0.0,0.0,0.0,0.0,0.0,0.0,0.0,0.0,0.0,0.0,0.0,0.0,0.0,0.0,0.0,0.0,0.0,0.0,0.0,0.0,0.0,0.0,0.0,0.0,4,5,0,11,35,1,0
eclipse.jdt.core,,266,34,8,2,3,5,3162,22,0,15,184,3,2,2,4474,1335,0,0,0,0,0,0,0,0,0,0,0,0,0,5.411764705882353,1637521,123421,8619,289303,2050245,Java,0.0,0.0,0.0,0.0,0.0,0.0,0.0,0.0,0.0,0.0,0.0,0.0,0.0,0.0,0.0,0.0,0.0,0.0,0.0,0.0,0.0,0.0,0.0,0.0,0.0,0.0,0.0,0.0,0.0,0.0,0.0,0.0,0.0,0.0,0.0,0.0,0.0,0.0,0.0,0.0,0.0,0.0,0.0,0.0,0.0,0.0,0.0,0.0,0.0,0.0,0.0,0.0,0.0,7,4,0,9,41,2,0
eclipse.jdt.core,,267,34,12,5,5,6,3163,22,0,18,159,4,0,1,3111,1469,0,0,0,0,0,0,0,0,0,0,0,0,6,4.676470588235294,1638944,123536,8623,289522,2052002,Java,0.0,0.0,0.0,0.0,0.0,0.0,0.0,0.0,0.0,0.0,0.0,0.0,0.0,0.0,0.0,0.0,0.0,0.0,0.0,0.0,0.0,0.0,0.0,0.0,0.0,0.0,0.0,0.0,0.0,0.0,0.0,0.0,0.0,0.0,0.0,0.0,0.0,0.0,0.0,0.0,0.0,0.0,0.0,0.0,0.0,0.0,0.0,0.0,0.0,0.0,0.0,0.0,0.0,2,5,0,8,35,0,0
eclipse.jdt.core,,268,22,4,2,1,2,3163,22,0,7,102,1,0,0,2464,685,0,0,0,0,0,0,0,0,0,0,0,0,0,4.636363636363637,1640566,123605,8624,289615,2053786,Java,0.0,0.0,0.0,0.0,0.0,0.0,0.0,0.0,0.0,0.0,0.0,0.0,0.0,0.0,0.0,0.0,0.0,0.0,0.0,0.0,0.0,0.0,0.0,0.0,0.0,0.0,0.0,0.0,0.0,0.0,0.0,0.0,0.0,0.0,0.0,0.0,0.0,0.0,0.0,0.0,0.0,0.0,0.0,0.0,0.0,0.0,0.0,0.0,0.0,0.0,0.0,0.0,0.0,2,1,0,5,32,3,0
eclipse.jdt.core,,269,43,13,4,6,7,3164,22,0,18,196,8,0,0,4820,1410,0,0,0,0,0,0,0,0,0,0,0,0,3,4.558139534883721,1643648,123713,8628,289802,2057163,Java,0.0,0.0,0.0,0.0,0.0,0.0,0.0,0.0,0.0,0.0,0.0,0.0,0.0,0.0,0.0,0.0,0.0,0.0,0.0,0.0,0.0,0.0,0.0,0.0,0.0,0.0,0.0,0.0,0.0,0.0,0.0,0.0,0.0,0.0,0.0,0.0,0.0,0.0,0.0,0.0,0.0,0.0,0.0,0.0,0.0,0.0,0.0,0.0,0.0,0.0,0.0,0.0,0.0,8,2,0,6,31,1,0
eclipse.jdt.core,,270,20,10,5,5,5,3164,22,0,15,79,0,0,0,2138,611,0,0,0,0,0,0,0,0,0,0,0,0,0,3.95,1644192,123743,8628,289853,2057788,Java,0.0,0.0,0.0,0.0,0.0,0.0,0.0,0.0,0.0,0.0,0.0,0.0,0.0,0.0,0.0,0.0,0.0,0.0,0.0,0.0,0.0,0.0,0.0,0.0,0.0,0.0,0.0,0.0,0.0,0.0,0.0,0.0,0.0,0.0,0.0,0.0,0.0,0.0,0.0,0.0,0.0,0.0,0.0,0.0,0.0,0.0,0.0,0.0,0.0,0.0,0.0,0.0,0.0,3,1,0,6,19,1,0
eclipse.jdt.core,,271,23,6,4,1,5,3164,22,0,14,155,1,0,0,4003,1961,0,0,0,0,0,0,0,0,0,0,0,0,1,6.739130434782608,1646978,123781,8628,290088,2060847,Java,0.0,0.0,0.0,0.0,0.0,0.0,0.0,0.0,0.0,0.0,0.0,0.0,0.0,0.0,0.0,0.0,0.0,0.0,0.0,0.0,0.0,0.0,0.0,0.0,0.0,0.0,0.0,0.0,0.0,0.0,0.0,0.0,0.0,0.0,0.0,0.0,0.0,0.0,0.0,0.0,0.0,0.0,0.0,0.0,0.0,0.0,0.0,0.0,0.0,0.0,0.0,0.0,0.0,2,2,0,7,32,0,0
eclipse.jdt.core,,272,34,9,4,3,6,3164,22,0,18,185,1,0,0,3663,2283,0,0,0,0,0,0,0,0,0,0,0,0,1,5.4411764705882355,1648576,123668,8628,289954,2062198,Java,0.0,0.0,0.0,0.0,0.0,0.0,0.0,0.0,0.0,0.0,0.0,0.0,0.0,0.0,0.0,0.0,0.0,0.0,0.0,0.0,0.0,0.0,0.0,0.0,0.0,0.0,0.0,0.0,0.0,0.0,0.0,0.0,0.0,0.0,0.0,0.0,0.0,0.0,0.0,0.0,0.0,0.0,0.0,0.0,0.0,0.0,0.0,0.0,0.0,0.0,0.0,0.0,0.0,1,3,0,5,47,3,0
eclipse.jdt.core,,273,39,14,3,7,7,3164,22,0,15,561,3,0,0,4343,2209,0,0,0,0,0,0,0,0,0,0,0,0,3,14.384615384615383,1650439,123845,8631,290045,2064329,Java,0.0,0.0,0.0,0.0,0.0,0.0,0.0,0.0,0.0,0.0,0.0,0.0,0.0,0.0,0.0,0.0,0.0,0.0,0.0,0.0,0.0,0.0,0.0,0.0,0.0,0.0,0.0,0.0,0.0,0.0,0.0,0.0,0.0,0.0,0.0,0.0,0.0,0.0,0.0,0.0,0.0,0.0,0.0,0.0,0.0,0.0,0.0,0.0,0.0,0.0,0.0,0.0,0.0,3,7,0,7,39,2,0
eclipse.jdt.core,,274,43,13,4,6,5,3164,21,0,13,1286,64,13,0,47986,48194,0,0,0,0,0,0,0,0,0,0,0,0,1,29.906976744186046,1651454,123975,8685,288521,2063950,Java,0.0,0.0,0.0,0.0,0.0,0.0,0.0,0.0,0.0,0.0,0.0,0.0,0.0,0.0,0.0,0.0,0.0,0.0,0.0,0.0,0.0,0.0,0.0,0.0,0.0,0.0,0.0,0.0,0.0,0.0,0.0,0.0,0.0,0.0,0.0,0.0,0.0,0.0,0.0,0.0,0.0,0.0,0.0,0.0,0.0,0.0,0.0,0.0,0.0,0.0,0.0,0.0,0.0,2,7,0,13,51,2,0
eclipse.jdt.core,,275,38,9,4,5,5,3166,21,0,16,143,13,1,1,5758,673,0,0,0,0,0,0,0,0,0,0,0,0,0,3.763157894736842,1655643,124199,8695,289090,2068932,Java,0.0,0.0,0.0,0.0,0.0,0.0,0.0,0.0,0.0,0.0,0.0,0.0,0.0,0.0,0.0,0.0,0.0,0.0,0.0,0.0,0.0,0.0,0.0,0.0,0.0,0.0,0.0,0.0,0.0,0.0,0.0,0.0,0.0,0.0,0.0,0.0,0.0,0.0,0.0,0.0,0.0,0.0,0.0,0.0,0.0,0.0,0.0,0.0,0.0,0.0,0.0,0.0,0.0,1,0,0,7,43,1,0
eclipse.jdt.core,,276,46,13,6,9,4,3167,21,0,21,532,18,3,0,16000,11546,0,0,0,0,0,0,0,0,0,0,0,0,1,11.565217391304348,1659034,124462,8707,289477,2072973,Java,0.0,0.0,0.0,0.0,0.0,0.0,0.0,0.0,0.0,0.0,0.0,0.0,0.0,0.0,0.0,0.0,0.0,0.0,0.0,0.0,0.0,0.0,0.0,0.0,0.0,0.0,0.0,0.0,0.0,0.0,0.0,0.0,0.0,0.0,0.0,0.0,0.0,0.0,0.0,0.0,0.0,0.0,0.0,0.0,0.0,0.0,0.0,0.0,0.0,0.0,0.0,0.0,0.0,4,4,0,20,59,1,0
eclipse.jdt.core,,277,73,11,7,7,3,3167,21,0,14,721,8,0,0,11061,5468,0,0,0,0,0,0,0,0,0,0,0,0,0,9.876712328767123,1662494,124648,8713,289759,2076901,Java,0.0,0.0,0.0,0.0,0.0,0.0,0.0,0.0,0.0,0.0,0.0,0.0,0.0,0.0,0.0,0.0,0.0,0.0,0.0,0.0,0.0,0.0,0.0,0.0,0.0,0.0,0.0,0.0,0.0,0.0,0.0,0.0,0.0,0.0,0.0,0.0,0.0,0.0,0.0,0.0,0.0,0.0,0.0,0.0,0.0,0.0,0.0,0.0,0.0,0.0,0.0,0.0,0.0,6,0,0,13,54,0,0
eclipse.jdt.core,,278,59,14,6,7,7,3170,22,0,22,705,12,4,2,13704,6788,0,0,0,0,0,0,0,0,0,0,0,0,0,11.94915254237288,1670405,125004,8724,290227,2085636,Java,0.0,0.0,0.0,0.0,0.0,0.0,0.0,0.0,0.0,0.0,0.0,0.0,0.0,0.0,0.0,0.0,0.0,0.0,0.0,0.0,0.0,0.0,0.0,0.0,0.0,0.0,0.0,0.0,0.0,0.0,0.0,0.0,0.0,0.0,0.0,0.0,0.0,0.0,0.0,0.0,0.0,0.0,0.0,0.0,0.0,0.0,0.0,0.0,0.0,0.0,0.0,0.0,0.0,28,3,0,8,65,6,0
eclipse.jdt.core,,279,48,13,5,7,6,3177,22,0,17,252,31,11,1,6838,8818,0,0,0,0,0,0,0,0,0,0,0,0,1,5.25,1673121,125191,8735,290862,2089174,Java,0.0,0.0,0.0,0.0,0.0,0.0,0.0,0.0,0.0,0.0,0.0,0.0,0.0,0.0,0.0,0.0,0.0,0.0,0.0,0.0,0.0,0.0,0.0,0.0,0.0,0.0,0.0,0.0,0.0,0.0,0.0,0.0,0.0,0.0,0.0,0.0,0.0,0.0,0.0,0.0,0.0,0.0,0.0,0.0,0.0,0.0,0.0,0.0,0.0,0.0,0.0,0.0,0.0,5,1,0,5,52,2,0
eclipse.jdt.core,,280,22,8,2,4,4,3177,22,0,13,70,1,2,0,1753,1000,0,0,0,0,0,0,0,0,0,0,0,0,1,3.1818181818181817,1673960,125220,8734,290730,2089910,Java,0.0,0.0,0.0,0.0,0.0,0.0,0.0,0.0,0.0,0.0,0.0,0.0,0.0,0.0,0.0,0.0,0.0,0.0,0.0,0.0,0.0,0.0,0.0,0.0,0.0,0.0,0.0,0.0,0.0,0.0,0.0,0.0,0.0,0.0,0.0,0.0,0.0,0.0,0.0,0.0,0.0,0.0,0.0,0.0,0.0,0.0,0.0,0.0,0.0,0.0,0.0,0.0,0.0,4,4,0,8,34,1,0
eclipse.jdt.core,,281,77,19,7,13,4,3204,22,0,24,530,94,1,1,16861,5181,0,0,0,0,0,0,0,0,0,0,0,0,3,6.883116883116883,1679085,125845,8800,291392,2096322,Java,0.0,0.0,0.0,0.0,0.0,0.0,0.0,0.0,0.0,0.0,0.0,0.0,0.0,0.0,0.0,0.0,0.0,0.0,0.0,0.0,0.0,0.0,0.0,0.0,0.0,0.0,0.0,0.0,0.0,0.0,0.0,0.0,0.0,0.0,0.0,0.0,0.0,0.0,0.0,0.0,0.0,0.0,0.0,0.0,0.0,0.0,0.0,0.0,0.0,0.0,0.0,0.0,0.0,9,9,0,8,62,3,0
eclipse.jdt.core,,282,48,13,4,6,6,3206,22,0,22,622,15,1,3,15497,17025,0,0,0,0,0,0,0,0,0,0,0,0,3,12.958333333333334,1684680,126051,8803,292120,2102851,Java,0.0,0.0,0.0,0.0,0.0,0.0,0.0,0.0,0.0,0.0,0.0,0.0,0.0,0.0,0.0,0.0,0.0,0.0,0.0,0.0,0.0,0.0,0.0,0.0,0.0,0.0,0.0,0.0,0.0,0.0,0.0,0.0,0.0,0.0,0.0,0.0,0.0,0.0,0.0,0.0,0.0,0.0,0.0,0.0,0.0,0.0,0.0,0.0,0.0,0.0,0.0,0.0,0.0,3,4,0,14,47,0,0
eclipse.jdt.core,,283,26,7,3,2,5,3276,22,0,13,96,126,0,0,11369,818,0,0,0,0,0,0,0,0,0,0,0,0,1,3.692307692307693,1684313,126285,8919,293174,2103772,Java,0.0,0.0,0.0,0.0,0.0,0.0,0.0,0.0,0.0,0.0,0.0,0.0,0.0,0.0,0.0,0.0,0.0,0.0,0.0,0.0,0.0,0.0,0.0,0.0,0.0,0.0,0.0,0.0,0.0,0.0,0.0,0.0,0.0,0.0,0.0,0.0,0.0,0.0,0.0,0.0,0.0,0.0,0.0,0.0,0.0,0.0,0.0,0.0,0.0,0.0,0.0,0.0,0.0,5,2,0,9,32,1,0
eclipse.jdt.core,,284,56,9,4,3,6,3290,22,0,18,1955,63,1,0,10855,11633,0,0,0,0,0,0,0,0,0,0,0,0,1,34.910714285714285,1685292,124501,8983,293438,2103231,Java,0.0,0.0,0.0,0.0,0.0,0.0,0.0,0.0,0.0,0.0,0.0,0.0,0.0,0.0,0.0,0.0,0.0,0.0,0.0,0.0,0.0,0.0,0.0,0.0,0.0,0.0,0.0,0.0,0.0,0.0,0.0,0.0,0.0,0.0,0.0,0.0,0.0,0.0,0.0,0.0,0.0,0.0,0.0,0.0,0.0,0.0,0.0,0.0,0.0,0.0,0.0,0.0,0.0,2,3,0,12,66,2,0
eclipse.jdt.core,,285,72,13,7,9,3,3292,23,0,23,306,13,1,1,9053,2399,0,0,0,0,0,0,0,0,0,0,0,0,0,4.25,1691232,124854,8994,293778,2109864,Java,0.0,0.0,0.0,0.0,0.0,0.0,0.0,0.0,0.0,0.0,0.0,0.0,0.0,0.0,0.0,0.0,0.0,0.0,0.0,0.0,0.0,0.0,0.0,0.0,0.0,0.0,0.0,0.0,0.0,0.0,0.0,0.0,0.0,0.0,0.0,0.0,0.0,0.0,0.0,0.0,0.0,0.0,0.0,0.0,0.0,0.0,0.0,0.0,0.0,0.0,0.0,0.0,0.0,6,5,0,3,75,2,0
eclipse.jdt.core,,286,38,9,4,3,5,3330,23,0,16,343,501,403,126,14475,17398,0,0,0,0,0,0,0,0,0,0,0,0,0,9.026315789473683,1690813,125184,9068,290733,2106730,Java,0.0,0.0,0.0,0.0,0.0,0.0,0.0,0.0,0.0,0.0,0.0,0.0,0.0,0.0,0.0,0.0,0.0,0.0,0.0,0.0,0.0,0.0,0.0,0.0,0.0,0.0,0.0,0.0,0.0,0.0,0.0,0.0,0.0,0.0,0.0,0.0,0.0,0.0,0.0,0.0,0.0,0.0,0.0,0.0,0.0,0.0,0.0,0.0,0.0,0.0,0.0,0.0,0.0,5,4,4,8,39,2,0
eclipse.jdt.core,,287,55,12,4,6,5,3331,22,0,23,239,14,18,0,4297,3994,0,0,0,0,0,0,0,0,0,0,0,0,1,4.345454545454546,1692185,125312,9073,290416,2107913,Java,0.0,0.0,0.0,0.0,0.0,0.0,0.0,0.0,0.0,0.0,0.0,0.0,0.0,0.0,0.0,0.0,0.0,0.0,0.0,0.0,0.0,0.0,0.0,0.0,0.0,0.0,0.0,0.0,0.0,0.0,0.0,0.0,0.0,0.0,0.0,0.0,0.0,0.0,0.0,0.0,0.0,0.0,0.0,0.0,0.0,0.0,0.0,0.0,0.0,0.0,0.0,0.0,0.0,4,3,2,9,61,0,0
eclipse.jdt.core,,288,58,16,5,9,7,3334,22,0,21,211,14,1,0,4093,25732,0,0,0,0,0,0,0,0,0,0,0,0,2,3.6379310344827585,1670145,125524,9081,290430,2086099,Java,0.0,0.0,0.0,0.0,0.0,0.0,0.0,0.0,0.0,0.0,0.0,0.0,0.0,0.0,0.0,0.0,0.0,0.0,0.0,0.0,0.0,0.0,0.0,0.0,0.0,0.0,0.0,0.0,0.0,0.0,0.0,0.0,0.0,0.0,0.0,0.0,0.0,0.0,0.0,0.0,0.0,0.0,0.0,0.0,0.0,0.0,0.0,0.0,0.0,0.0,0.0,0.0,0.0,2,3,2,15,69,0,0
eclipse.jdt.core,,289,39,11,5,3,7,3334,22,0,11,293,8,0,0,6758,6891,0,0,0,0,0,0,0,0,0,0,0,0,0,7.512820512820513,1670185,125531,9088,290142,2085858,Java,0.0,0.0,0.0,0.0,0.0,0.0,0.0,0.0,0.0,0.0,0.0,0.0,0.0,0.0,0.0,0.0,0.0,0.0,0.0,0.0,0.0,0.0,0.0,0.0,0.0,0.0,0.0,0.0,0.0,0.0,0.0,0.0,0.0,0.0,0.0,0.0,0.0,0.0,0.0,0.0,0.0,0.0,0.0,0.0,0.0,0.0,0.0,0.0,0.0,0.0,0.0,0.0,0.0,2,2,8,2,48,0,0
